{
"type": "FeatureCollection",
"name": "states_dist",
"crs": { "type": "name", "properties": { "name": "urn:ogc:def:crs:OGC:1.3:CRS84" } },
"features": [
{ "type": "Feature", "properties": { "statefp": "21", "statens": "01779786", "geoidfq": "0400000US21", "geoid": "21", "stusps": "KY", "name": "Kentucky", "lsad": "00", "aland": 102267794436, "awater": 2383097595, "dist_miles": 975.72645723762287 }, "geometry": { "type": "MultiPolygon", "coordinates": [ [ [ [ -89.365548, 36.625059 ], [ -89.417293, 36.499033 ], [ -88.053205, 36.497129 ], [ -88.032489, 36.540662 ], [ -88.070532, 36.678118 ], [ -87.849567, 36.663701 ], [ -87.853204, 36.633247 ], [ -86.589906, 36.652486 ], [ -86.564143, 36.633472 ], [ -86.507771, 36.652445 ], [ -85.677789, 36.618157 ], [ -85.195372, 36.625498 ], [ -84.543138, 36.596277 ], [ -83.690714, 36.582581 ], [ -83.648314, 36.622683 ], [ -83.529612, 36.666184 ], [ -83.423707, 36.667385 ], [ -83.311403, 36.710287 ], [ -83.136395, 36.743088 ], [ -83.131694, 36.781488 ], [ -83.07259, 36.854589 ], [ -83.009222, 36.847295 ], [ -82.878569, 36.889585 ], [ -82.857965, 36.929529 ], [ -82.867535, 36.977518 ], [ -82.722472, 37.045101 ], [ -82.722097, 37.120168 ], [ -82.498858, 37.227044 ], [ -82.350948, 37.267077 ], [ -81.964971, 37.543026 ], [ -82.013966, 37.533564 ], [ -82.042825, 37.548361 ], [ -82.063326, 37.536206 ], [ -82.07503, 37.555824 ], [ -82.116584, 37.559588 ], [ -82.131977, 37.593537 ], [ -82.156718, 37.59279 ], [ -82.181398, 37.626798 ], [ -82.215649, 37.626244 ], [ -82.23939, 37.661465 ], [ -82.294393, 37.670448 ], [ -82.296634, 37.702403 ], [ -82.333349, 37.7412 ], [ -82.321012, 37.755435 ], [ -82.339705, 37.785509 ], [ -82.420484, 37.846809 ], [ -82.421484, 37.885652 ], [ -82.447596, 37.904352 ], [ -82.474574, 37.900295 ], [ -82.501862, 37.9332 ], [ -82.464257, 37.983412 ], [ -82.517351, 38.001204 ], [ -82.551259, 38.070799 ], [ -82.620351, 38.121477 ], [ -82.644739, 38.165487 ], [ -82.611343, 38.171548 ], [ -82.598437, 38.217393 ], [ -82.61226, 38.236087 ], [ -82.574656, 38.263873 ], [ -82.572691, 38.318801 ], [ -82.597979, 38.344909 ], [ -82.604089, 38.459841 ], [ -82.700045, 38.544336 ], [ -82.800112, 38.563183 ], [ -82.844306, 38.590862 ], [ -82.877592, 38.690177 ], [ -82.879492, 38.751476 ], [ -83.027917, 38.727143 ], [ -83.053104, 38.695831 ], [ -83.112372, 38.671685 ], [ -83.142836, 38.625076 ], [ -83.245572, 38.627936 ], [ -83.294193, 38.596588 ], [ -83.356445, 38.654009 ], [ -83.468059, 38.67547 ], [ -83.520953, 38.703045 ], [ -83.626922, 38.679387 ], [ -83.649737, 38.632753 ], [ -83.679484, 38.630036 ], [ -83.769347, 38.65522 ], [ -83.787113, 38.699489 ], [ -83.836696, 38.717857 ], [ -83.873168, 38.762418 ], [ -83.962123, 38.787384 ], [ -84.071491, 38.770475 ], [ -84.212904, 38.805707 ], [ -84.231306, 38.830552 ], [ -84.234453, 38.893226 ], [ -84.288164, 38.955789 ], [ -84.304698, 39.006455 ], [ -84.346039, 39.036963 ], [ -84.42573, 39.053059 ], [ -84.449793, 39.117754 ], [ -84.620112, 39.073457 ], [ -84.750749, 39.147358 ], [ -84.897364, 39.057378 ], [ -84.829857, 38.969385 ], [ -84.877029, 38.909016 ], [ -84.785234, 38.880439 ], [ -84.829958, 38.830632 ], [ -84.812877, 38.786087 ], [ -84.887919, 38.794652 ], [ -84.941071, 38.775627 ], [ -84.990006, 38.778383 ], [ -85.172528, 38.688082 ], [ -85.213257, 38.695446 ], [ -85.275454, 38.741172 ], [ -85.434065, 38.729455 ], [ -85.456978, 38.689135 ], [ -85.415821, 38.563558 ], [ -85.423077, 38.531581 ], [ -85.472221, 38.506279 ], [ -85.498866, 38.468242 ], [ -85.607629, 38.439295 ], [ -85.653641, 38.327108 ], [ -85.683561, 38.295469 ], [ -85.744862, 38.26717 ], [ -85.780963, 38.288469 ], [ -85.829364, 38.276769 ], [ -85.845464, 38.23027 ], [ -85.908764, 38.161169 ], [ -85.906163, 38.08617 ], [ -85.925418, 38.023456 ], [ -86.029509, 37.99264 ], [ -86.038188, 37.95935 ], [ -86.095766, 38.00893 ], [ -86.178983, 38.011308 ], [ -86.261273, 38.052721 ], [ -86.27872, 38.089303 ], [ -86.271802, 38.137874 ], [ -86.360377, 38.198796 ], [ -86.377434, 38.171379 ], [ -86.325941, 38.154317 ], [ -86.323453, 38.139032 ], [ -86.379775, 38.129274 ], [ -86.401653, 38.105396 ], [ -86.431749, 38.126121 ], [ -86.463248, 38.119278 ], [ -86.463858, 38.101177 ], [ -86.430091, 38.078638 ], [ -86.452192, 38.05049 ], [ -86.521825, 38.038327 ], [ -86.525174, 37.968228 ], [ -86.50662, 37.930719 ], [ -86.534156, 37.917007 ], [ -86.588581, 37.921159 ], [ -86.598108, 37.867382 ], [ -86.638265, 37.842718 ], [ -86.661637, 37.849714 ], [ -86.647081, 37.908621 ], [ -86.680929, 37.91501 ], [ -86.73146, 37.89434 ], [ -86.794985, 37.988982 ], [ -86.820071, 37.999392 ], [ -86.919329, 37.936664 ], [ -87.033444, 37.906593 ], [ -87.067836, 37.806065 ], [ -87.111133, 37.782512 ], [ -87.129629, 37.786608 ], [ -87.162319, 37.840159 ], [ -87.220944, 37.849134 ], [ -87.380247, 37.935596 ], [ -87.447786, 37.942427 ], [ -87.511499, 37.906426 ], [ -87.559342, 37.931146 ], [ -87.585916, 37.975442 ], [ -87.62896, 37.926714 ], [ -87.591582, 37.887194 ], [ -87.588729, 37.860984 ], [ -87.635806, 37.827015 ], [ -87.679188, 37.836321 ], [ -87.66282, 37.881449 ], [ -87.67573, 37.90193 ], [ -87.830578, 37.876516 ], [ -87.87254, 37.920999 ], [ -87.904789, 37.924892 ], [ -87.941021, 37.879168 ], [ -87.910276, 37.843416 ], [ -87.90681, 37.807624 ], [ -87.95259, 37.771742 ], [ -88.02803, 37.799224 ], [ -88.059588, 37.742608 ], [ -88.122412, 37.709685 ], [ -88.159372, 37.661847 ], [ -88.139973, 37.586451 ], [ -88.069018, 37.525297 ], [ -88.064234, 37.484548 ], [ -88.281667, 37.452596 ], [ -88.365471, 37.401663 ], [ -88.413108, 37.424468 ], [ -88.476592, 37.386875 ], [ -88.515939, 37.284043 ], [ -88.424403, 37.152428 ], [ -88.458948, 37.073796 ], [ -88.545403, 37.070003 ], [ -88.625889, 37.119458 ], [ -88.732105, 37.143956 ], [ -88.80572, 37.188595 ], [ -88.931745, 37.227593 ], [ -89.000968, 37.224401 ], [ -89.086526, 37.165602 ], [ -89.181369, 37.046305 ], [ -89.17112, 37.008072 ], [ -89.099007, 36.961389 ], [ -89.137969, 36.847349 ], [ -89.178888, 36.831368 ], [ -89.171069, 36.798119 ], [ -89.12353, 36.785309 ], [ -89.119198, 36.759802 ], [ -89.169106, 36.759473 ], [ -89.199798, 36.734217 ], [ -89.15908, 36.666352 ], [ -89.236542, 36.566824 ], [ -89.27171, 36.571387 ], [ -89.326731, 36.632186 ], [ -89.365548, 36.625059 ] ] ], [ [ [ -89.571509, 36.552569 ], [ -89.539232, 36.497934 ], [ -89.485427, 36.497491 ], [ -89.465888, 36.529946 ], [ -89.479093, 36.568206 ], [ -89.500076, 36.576305 ], [ -89.546113, 36.579989 ], [ -89.571509, 36.552569 ] ] ] ] } },
{ "type": "Feature", "properties": { "statefp": "28", "statens": "01779790", "geoidfq": "0400000US28", "geoid": "28", "stusps": "MS", "name": "Mississippi", "lsad": "00", "aland": 121534611855, "awater": 3914024462, "dist_miles": 832.24511889768507 }, "geometry": { "type": "MultiPolygon", "coordinates": [ [ [ [ -88.510674, 30.217021 ], [ -88.494411, 30.196817 ], [ -88.453752, 30.189349 ], [ -88.404581, 30.206162 ], [ -88.408519, 30.218778 ], [ -88.453244, 30.206481 ], [ -88.510674, 30.217021 ] ] ], [ [ [ -88.771991, 30.245523 ], [ -88.75717, 30.23327 ], [ -88.587424, 30.219154 ], [ -88.714986, 30.256979 ], [ -88.771991, 30.245523 ] ] ], [ [ [ -88.988629, 30.216293 ], [ -88.970803, 30.200888 ], [ -88.947035, 30.206023 ], [ -88.872166, 30.245043 ], [ -88.988629, 30.216293 ] ] ], [ [ [ -89.084889, 30.237856 ], [ -89.170454, 30.228616 ], [ -89.108657, 30.206023 ], [ -89.074194, 30.212185 ], [ -89.056368, 30.24915 ], [ -89.070628, 30.258388 ], [ -89.084889, 30.237856 ] ] ], [ [ [ -91.655009, 31.251815 ], [ -91.590051, 31.193693 ], [ -91.626476, 31.119125 ], [ -91.559907, 31.054119 ], [ -91.578413, 31.02403 ], [ -91.636942, 30.999416 ], [ -89.729616, 31.003927 ], [ -89.727072, 30.967395 ], [ -89.756333, 30.943498 ], [ -89.744789, 30.918933 ], [ -89.773099, 30.898338 ], [ -89.767955, 30.863858 ], [ -89.790121, 30.837983 ], [ -89.781168, 30.820123 ], [ -89.798654, 30.820855 ], [ -89.805107, 30.790596 ], [ -89.819164, 30.795229 ], [ -89.831537, 30.76761 ], [ -89.816075, 30.739366 ], [ -89.83687, 30.734661 ], [ -89.828061, 30.725018 ], [ -89.846576, 30.706209 ], [ -89.835478, 30.691166 ], [ -89.852263, 30.662934 ], [ -89.821868, 30.644024 ], [ -89.819838, 30.59534 ], [ -89.808027, 30.567998 ], [ -89.789695, 30.56658 ], [ -89.803887, 30.560581 ], [ -89.795335, 30.546563 ], [ -89.68341, 30.451793 ], [ -89.683686, 30.405873 ], [ -89.657191, 30.356515 ], [ -89.629727, 30.339287 ], [ -89.64344, 30.287682 ], [ -89.631789, 30.256924 ], [ -89.570154, 30.180297 ], [ -89.538652, 30.195797 ], [ -89.524504, 30.180753 ], [ -89.480214, 30.193751 ], [ -89.463595, 30.173943 ], [ -89.44791, 30.185352 ], [ -89.419348, 30.25432 ], [ -89.322545, 30.314896 ], [ -89.332546, 30.337895 ], [ -89.366116, 30.352169 ], [ -89.335942, 30.374016 ], [ -89.279818, 30.34979 ], [ -89.285744, 30.303097 ], [ -89.083237, 30.368097 ], [ -88.922031, 30.393798 ], [ -88.818762, 30.36059 ], [ -88.811615, 30.384907 ], [ -88.728893, 30.342671 ], [ -88.66382, 30.362099 ], [ -88.60001, 30.356575 ], [ -88.581929, 30.331063 ], [ -88.536214, 30.343299 ], [ -88.480117, 30.318345 ], [ -88.433891, 30.354652 ], [ -88.39398, 30.349307 ], [ -88.473227, 31.893856 ], [ -88.097888, 34.892202 ], [ -88.154617, 34.922392 ], [ -88.200064, 34.995634 ], [ -90.309297, 34.995694 ], [ -90.244701, 34.94703 ], [ -90.241829, 34.915658 ], [ -90.256114, 34.894547 ], [ -90.317741, 34.871058 ], [ -90.306903, 34.846704 ], [ -90.337523, 34.857652 ], [ -90.436897, 34.825538 ], [ -90.448017, 34.841603 ], [ -90.429318, 34.86685 ], [ -90.437448, 34.883707 ], [ -90.478324, 34.884171 ], [ -90.484774, 34.865708 ], [ -90.457116, 34.820051 ], [ -90.476644, 34.797134 ], [ -90.447994, 34.741988 ], [ -90.483333, 34.722222 ], [ -90.516666, 34.727222 ], [ -90.492777, 34.772499 ], [ -90.521111, 34.801944 ], [ -90.547778, 34.783333 ], [ -90.539444, 34.755277 ], [ -90.571989, 34.7144 ], [ -90.516666, 34.695555 ], [ -90.474166, 34.705277 ], [ -90.462835, 34.686433 ], [ -90.532108, 34.627327 ], [ -90.554921, 34.646721 ], [ -90.540753, 34.681034 ], [ -90.569958, 34.692391 ], [ -90.591595, 34.621012 ], [ -90.539623, 34.553925 ], [ -90.593293, 34.487931 ], [ -90.584313, 34.412194 ], [ -90.658191, 34.376139 ], [ -90.661395, 34.315398 ], [ -90.693129, 34.32257 ], [ -90.68272, 34.366763 ], [ -90.759693, 34.366505 ], [ -90.767996, 34.34617 ], [ -90.735873, 34.310687 ], [ -90.738025, 34.289279 ], [ -90.765623, 34.269513 ], [ -90.833629, 34.274074 ], [ -90.845864, 34.207573 ], [ -90.87912, 34.21545 ], [ -90.910098, 34.245558 ], [ -90.936404, 34.236698 ], [ -90.9118, 34.193897 ], [ -90.817488, 34.183198 ], [ -90.807564, 34.161821 ], [ -90.853471, 34.137511 ], [ -90.909957, 34.165511 ], [ -90.957064, 34.136684 ], [ -90.947689, 34.109574 ], [ -90.921294, 34.093514 ], [ -90.882802, 34.09659 ], [ -90.871083, 34.081177 ], [ -90.892597, 34.026986 ], [ -90.98806, 34.018999 ], [ -90.961885, 33.980351 ], [ -90.967631, 33.963611 ], [ -91.000568, 33.96696 ], [ -91.016914, 34.000078 ], [ -91.050926, 33.993427 ], [ -91.085412, 34.007504 ], [ -91.086011, 33.957419 ], [ -91.010451, 33.928689 ], [ -91.072977, 33.866179 ], [ -91.066438, 33.837999 ], [ -90.988723, 33.783494 ], [ -91.022758, 33.764309 ], [ -91.129444, 33.783726 ], [ -91.148724, 33.732127 ], [ -91.116939, 33.705273 ], [ -91.059169, 33.71452 ], [ -91.034678, 33.672882 ], [ -91.087545, 33.657391 ], [ -91.160367, 33.706602 ], [ -91.229232, 33.686305 ], [ -91.222031, 33.662714 ], [ -91.170922, 33.649155 ], [ -91.12873, 33.609204 ], [ -91.166106, 33.56971 ], [ -91.231984, 33.564538 ], [ -91.18668, 33.499671 ], [ -91.233829, 33.442989 ], [ -91.182609, 33.440421 ], [ -91.170518, 33.491742 ], [ -91.134401, 33.483164 ], [ -91.118775, 33.446485 ], [ -91.209282, 33.406695 ], [ -91.148109, 33.378787 ], [ -91.095214, 33.418226 ], [ -91.088069, 33.450378 ], [ -91.059002, 33.449154 ], [ -91.074051, 33.40785 ], [ -91.141599, 33.350188 ], [ -91.141584, 33.299752 ], [ -91.106884, 33.242444 ], [ -91.076436, 33.284408 ], [ -91.043696, 33.271783 ], [ -91.053025, 33.247509 ], [ -91.099115, 33.219606 ], [ -91.081303, 33.18428 ], [ -91.08989, 33.134407 ], [ -91.184025, 33.141678 ], [ -91.202114, 33.122306 ], [ -91.199603, 33.106505 ], [ -91.120429, 33.054631 ], [ -91.201842, 32.961212 ], [ -91.211597, 32.919624 ], [ -91.175405, 32.899998 ], [ -91.145076, 32.905494 ], [ -91.131304, 32.926919 ], [ -91.135517, 32.979657 ], [ -91.106581, 32.988938 ], [ -91.063875, 32.922692 ], [ -91.070602, 32.888659 ], [ -91.158336, 32.822304 ], [ -91.165814, 32.757842 ], [ -91.15861, 32.743449 ], [ -91.054749, 32.719229 ], [ -91.149753, 32.644041 ], [ -91.151318, 32.615919 ], [ -91.119854, 32.584795 ], [ -91.049796, 32.607188 ], [ -91.038415, 32.636443 ], [ -91.014286, 32.640482 ], [ -91.010228, 32.601927 ], [ -91.076511, 32.558829 ], [ -90.994867, 32.508611 ], [ -90.990703, 32.487749 ], [ -91.038106, 32.49044 ], [ -91.097878, 32.544751 ], [ -91.116008, 32.48314 ], [ -91.052907, 32.438442 ], [ -90.993863, 32.45085 ], [ -90.96959, 32.43949 ], [ -90.966255, 32.421027 ], [ -90.99408, 32.403862 ], [ -91.004506, 32.368144 ], [ -90.993625, 32.354047 ], [ -90.912363, 32.339454 ], [ -90.888947, 32.373246 ], [ -90.8761, 32.357754 ], [ -90.933991, 32.290343 ], [ -90.979475, 32.293702 ], [ -90.969403, 32.25252 ], [ -90.991391, 32.199443 ], [ -91.039007, 32.242349 ], [ -91.061408, 32.21865 ], [ -91.083708, 32.22645 ], [ -91.164171, 32.196888 ], [ -91.174552, 32.154978 ], [ -91.162822, 32.132694 ], [ -91.053175, 32.124237 ], [ -91.050207, 32.178451 ], [ -91.00619, 32.156957 ], [ -91.005006, 32.142852 ], [ -91.034707, 32.101053 ], [ -91.081508, 32.077754 ], [ -91.080208, 32.048355 ], [ -91.139309, 32.081754 ], [ -91.16031, 32.070354 ], [ -91.15141, 32.049255 ], [ -91.088108, 32.034455 ], [ -91.075908, 32.016828 ], [ -91.104108, 31.990357 ], [ -91.16441, 31.982557 ], [ -91.18481, 31.965557 ], [ -91.19321, 31.935658 ], [ -91.18061, 31.917959 ], [ -91.267712, 31.86266 ], [ -91.245047, 31.831447 ], [ -91.255611, 31.812662 ], [ -91.282212, 31.814762 ], [ -91.293413, 31.86016 ], [ -91.345714, 31.842861 ], [ -91.364685, 31.770345 ], [ -91.273874, 31.771178 ], [ -91.263406, 31.754468 ], [ -91.380915, 31.732464 ], [ -91.400015, 31.697864 ], [ -91.401015, 31.620365 ], [ -91.429616, 31.611365 ], [ -91.494478, 31.645013 ], [ -91.512336, 31.634722 ], [ -91.516567, 31.611818 ], [ -91.488618, 31.587466 ], [ -91.403915, 31.589766 ], [ -91.407915, 31.569366 ], [ -91.443916, 31.542466 ], [ -91.522536, 31.522078 ], [ -91.51513, 31.449206 ], [ -91.472065, 31.395925 ], [ -91.472465, 31.371326 ], [ -91.515978, 31.370286 ], [ -91.540647, 31.430758 ], [ -91.565179, 31.423447 ], [ -91.578334, 31.399067 ], [ -91.568953, 31.377629 ], [ -91.546207, 31.38248 ], [ -91.548967, 31.347255 ], [ -91.50866, 31.315131 ], [ -91.512085, 31.284177 ], [ -91.564192, 31.261633 ], [ -91.641253, 31.266917 ], [ -91.655009, 31.251815 ] ] ] ] } },
{ "type": "Feature", "properties": { "statefp": "31", "statens": "01779792", "geoidfq": "0400000US31", "geoid": "31", "stusps": "NE", "name": "Nebraska", "lsad": "00", "aland": 198950563271, "awater": 1378346850, "dist_miles": 1861.9766231677063 }, "geometry": { "type": "Polygon", "coordinates": [ [ [ -104.053127, 43.000585 ], [ -104.053249, 41.001406 ], [ -102.051614, 41.002377 ], [ -102.051744, 40.003078 ], [ -95.30829, 39.999998 ], [ -95.348777, 40.029297 ], [ -95.413588, 40.038424 ], [ -95.42164, 40.058952 ], [ -95.393347, 40.119212 ], [ -95.479193, 40.185652 ], [ -95.477501, 40.24272 ], [ -95.552473, 40.261904 ], [ -95.562157, 40.297359 ], [ -95.657328, 40.310856 ], [ -95.623728, 40.346567 ], [ -95.659134, 40.40869 ], [ -95.65819, 40.44188 ], [ -95.694651, 40.471452 ], [ -95.699969, 40.505275 ], [ -95.661687, 40.517309 ], [ -95.655848, 40.546609 ], [ -95.678718, 40.56256 ], [ -95.708591, 40.521551 ], [ -95.762857, 40.528371 ], [ -95.774704, 40.573574 ], [ -95.749685, 40.606842 ], [ -95.786568, 40.657253 ], [ -95.842801, 40.677496 ], [ -95.852615, 40.702262 ], [ -95.885349, 40.721093 ], [ -95.883643, 40.747831 ], [ -95.834156, 40.783016 ], [ -95.847785, 40.864328 ], [ -95.809474, 40.891228 ], [ -95.839743, 40.93278 ], [ -95.829074, 40.975688 ], [ -95.867286, 41.001599 ], [ -95.859654, 41.035695 ], [ -95.882415, 41.060411 ], [ -95.862587, 41.088399 ], [ -95.883489, 41.154898 ], [ -95.841288, 41.174998 ], [ -95.91459, 41.185098 ], [ -95.927491, 41.202198 ], [ -95.910891, 41.231798 ], [ -95.927491, 41.298397 ], [ -95.90589, 41.300897 ], [ -95.890152, 41.278308 ], [ -95.874689, 41.307097 ], [ -95.956691, 41.345496 ], [ -95.92879, 41.370096 ], [ -95.93749, 41.393095 ], [ -95.920281, 41.451566 ], [ -96.011757, 41.476212 ], [ -96.019224, 41.489296 ], [ -95.992833, 41.512002 ], [ -96.001161, 41.541146 ], [ -96.027289, 41.541081 ], [ -96.040701, 41.507076 ], [ -96.09409, 41.539265 ], [ -96.081152, 41.577289 ], [ -96.117558, 41.609999 ], [ -96.095046, 41.647365 ], [ -96.121401, 41.688522 ], [ -96.073063, 41.705004 ], [ -96.106425, 41.73789 ], [ -96.064879, 41.79623 ], [ -96.107592, 41.820685 ], [ -96.110246, 41.84885 ], [ -96.161756, 41.90182 ], [ -96.136743, 41.920826 ], [ -96.144583, 41.941544 ], [ -96.129505, 41.971673 ], [ -96.186265, 41.977417 ], [ -96.194556, 42.008662 ], [ -96.240713, 41.999351 ], [ -96.221901, 42.029558 ], [ -96.275548, 42.051976 ], [ -96.2689, 42.11359 ], [ -96.347752, 42.166806 ], [ -96.35987, 42.210545 ], [ -96.323723, 42.229887 ], [ -96.328905, 42.254734 ], [ -96.417786, 42.351449 ], [ -96.413609, 42.407894 ], [ -96.380707, 42.446394 ], [ -96.386007, 42.474495 ], [ -96.445508, 42.49063 ], [ -96.501321, 42.482749 ], [ -96.548791, 42.520547 ], [ -96.611489, 42.506088 ], [ -96.643589, 42.557604 ], [ -96.7093, 42.603753 ], [ -96.691269, 42.6562 ], [ -96.793238, 42.666024 ], [ -96.806223, 42.704154 ], [ -96.906797, 42.7338 ], [ -96.961576, 42.719841 ], [ -96.97912, 42.76009 ], [ -97.131331, 42.771929 ], [ -97.150763, 42.795566 ], [ -97.210126, 42.809296 ], [ -97.218825, 42.845848 ], [ -97.306677, 42.867604 ], [ -97.359569, 42.854816 ], [ -97.408315, 42.868334 ], [ -97.442279, 42.846224 ], [ -97.611811, 42.858367 ], [ -97.686506, 42.842435 ], [ -97.84527, 42.867734 ], [ -97.875345, 42.858724 ], [ -97.888562, 42.817251 ], [ -97.936716, 42.775754 ], [ -98.013046, 42.762299 ], [ -98.056625, 42.770781 ], [ -98.146933, 42.839823 ], [ -98.189765, 42.841628 ], [ -98.42074, 42.931924 ], [ -98.444145, 42.929242 ], [ -98.49855, 42.99856 ], [ -104.053127, 43.000585 ] ] ] } },
{ "type": "Feature", "properties": { "statefp": "08", "statens": "01779779", "geoidfq": "0400000US08", "geoid": "08", "stusps": "CO", "name": "Colorado", "lsad": "00", "aland": 268419398775, "awater": 1185110804, "dist_miles": 2044.2826024104115 }, "geometry": { "type": "Polygon", "coordinates": [ [ [ -109.050076, 41.000659 ], [ -109.060062, 38.275489 ], [ -109.041762, 38.16469 ], [ -109.045223, 36.999084 ], [ -102.04224, 36.993083 ], [ -102.051614, 41.002377 ], [ -109.050076, 41.000659 ] ] ] } },
{ "type": "Feature", "properties": { "statefp": "54", "statens": "01779805", "geoidfq": "0400000US54", "geoid": "54", "stusps": "WV", "name": "West Virginia", "lsad": "00", "aland": 62266655298, "awater": 488773392, "dist_miles": 1006.2060606899715 }, "geometry": { "type": "Polygon", "coordinates": [ [ [ -82.642997, 38.16956 ], [ -82.636466, 38.13786 ], [ -82.54958, 38.068579 ], [ -82.517351, 38.001204 ], [ -82.464257, 37.983412 ], [ -82.501862, 37.9332 ], [ -82.474574, 37.900295 ], [ -82.447596, 37.904352 ], [ -82.421484, 37.885652 ], [ -82.420484, 37.846809 ], [ -82.339705, 37.785509 ], [ -82.321012, 37.755435 ], [ -82.333349, 37.7412 ], [ -82.296634, 37.702403 ], [ -82.294393, 37.670448 ], [ -82.23939, 37.661465 ], [ -82.215649, 37.626244 ], [ -82.181398, 37.626798 ], [ -82.156718, 37.59279 ], [ -82.131977, 37.593537 ], [ -82.116584, 37.559588 ], [ -82.07503, 37.555824 ], [ -82.063326, 37.536206 ], [ -81.970147, 37.546504 ], [ -81.926391, 37.514207 ], [ -81.995649, 37.469833 ], [ -81.935621, 37.438397 ], [ -81.928497, 37.360645 ], [ -81.860267, 37.315715 ], [ -81.849949, 37.285227 ], [ -81.757631, 37.274003 ], [ -81.744003, 37.242528 ], [ -81.67821, 37.201483 ], [ -81.5536, 37.208443 ], [ -81.507325, 37.2338 ], [ -81.498874, 37.258025 ], [ -81.480144, 37.251121 ], [ -81.416663, 37.273214 ], [ -81.394287, 37.316411 ], [ -81.362156, 37.337687 ], [ -81.225104, 37.234874 ], [ -81.09482, 37.28264 ], [ -80.947896, 37.295872 ], [ -80.849451, 37.346909 ], [ -80.883248, 37.383933 ], [ -80.859556, 37.429568 ], [ -80.784188, 37.394587 ], [ -80.770082, 37.372363 ], [ -80.552036, 37.473563 ], [ -80.511391, 37.481672 ], [ -80.494867, 37.43507 ], [ -80.475601, 37.422949 ], [ -80.299789, 37.508271 ], [ -80.282385, 37.533517 ], [ -80.330306, 37.536244 ], [ -80.312393, 37.546239 ], [ -80.328504, 37.564315 ], [ -80.220984, 37.627767 ], [ -80.267455, 37.646108 ], [ -80.296138, 37.691783 ], [ -80.253077, 37.725899 ], [ -80.257411, 37.756084 ], [ -80.215658, 37.777481 ], [ -80.227092, 37.798886 ], [ -80.162202, 37.875122 ], [ -79.999384, 37.995842 ], [ -79.92633, 38.107151 ], [ -79.944843, 38.131585 ], [ -79.918662, 38.15479 ], [ -79.916344, 38.186278 ], [ -79.788945, 38.268703 ], [ -79.810154, 38.306707 ], [ -79.764432, 38.356514 ], [ -79.725597, 38.363828 ], [ -79.72635, 38.38707 ], [ -79.689675, 38.431439 ], [ -79.697572, 38.487223 ], [ -79.662074, 38.515517 ], [ -79.672974, 38.528717 ], [ -79.649075, 38.591515 ], [ -79.53687, 38.550917 ], [ -79.476638, 38.457228 ], [ -79.312276, 38.411876 ], [ -79.282971, 38.418095 ], [ -79.210591, 38.492913 ], [ -79.129757, 38.655017 ], [ -79.092955, 38.659517 ], [ -79.092755, 38.702315 ], [ -79.054954, 38.785713 ], [ -79.027253, 38.792113 ], [ -78.998171, 38.847353 ], [ -78.869276, 38.762991 ], [ -78.786025, 38.887187 ], [ -78.717076, 38.936028 ], [ -78.718647, 38.904561 ], [ -78.680456, 38.925313 ], [ -78.625672, 38.982575 ], [ -78.601655, 38.964603 ], [ -78.550467, 39.018065 ], [ -78.571901, 39.031995 ], [ -78.403697, 39.167451 ], [ -78.438651, 39.198049 ], [ -78.399669, 39.243874 ], [ -78.419422, 39.257476 ], [ -78.339284, 39.348605 ], [ -78.366867, 39.35929 ], [ -78.343214, 39.388807 ], [ -78.359918, 39.409028 ], [ -78.347087, 39.466012 ], [ -77.828157, 39.132329 ], [ -77.770281, 39.255977 ], [ -77.719946, 39.319693 ], [ -77.760234, 39.338622 ], [ -77.743874, 39.359947 ], [ -77.753389, 39.382094 ], [ -77.736409, 39.392684 ], [ -77.754681, 39.424658 ], [ -77.799806, 39.436943 ], [ -77.789284, 39.445248 ], [ -77.798948, 39.457969 ], [ -77.782452, 39.463363 ], [ -77.798201, 39.475719 ], [ -77.765993, 39.495724 ], [ -77.846668, 39.499574 ], [ -77.825357, 39.529177 ], [ -77.86368, 39.515032 ], [ -77.865351, 39.538381 ], [ -77.888945, 39.55595 ], [ -77.83633, 39.56637 ], [ -77.833568, 39.602936 ], [ -77.885124, 39.615775 ], [ -77.890327, 39.597547 ], [ -77.937492, 39.61915 ], [ -77.946182, 39.584814 ], [ -77.95504, 39.608078 ], [ -78.006734, 39.601337 ], [ -78.107834, 39.682137 ], [ -78.182759, 39.69511 ], [ -78.231564, 39.674382 ], [ -78.223597, 39.661097 ], [ -78.266833, 39.618818 ], [ -78.351905, 39.640486 ], [ -78.35577, 39.626258 ], [ -78.382487, 39.628216 ], [ -78.374732, 39.608635 ], [ -78.43025, 39.62329 ], [ -78.395317, 39.584215 ], [ -78.457187, 39.587379 ], [ -78.418777, 39.548953 ], [ -78.449499, 39.542281 ], [ -78.471166, 39.516103 ], [ -78.689455, 39.54577 ], [ -78.72501, 39.563973 ], [ -78.733979, 39.586618 ], [ -78.756747, 39.58069 ], [ -78.778141, 39.601364 ], [ -78.733759, 39.613931 ], [ -78.778477, 39.62265 ], [ -78.76584, 39.648487 ], [ -78.795941, 39.637287 ], [ -78.795857, 39.606934 ], [ -78.826009, 39.588829 ], [ -78.816764, 39.561691 ], [ -78.851196, 39.559924 ], [ -78.874744, 39.522611 ], [ -78.942293, 39.480987 ], [ -78.956751, 39.440264 ], [ -79.046276, 39.483801 ], [ -79.056583, 39.471014 ], [ -79.096517, 39.472799 ], [ -79.143827, 39.408517 ], [ -79.159213, 39.413021 ], [ -79.16722, 39.393256 ], [ -79.25227, 39.356663 ], [ -79.290236, 39.299323 ], [ -79.33238, 39.299919 ], [ -79.43983, 39.217074 ], [ -79.486873, 39.205961 ], [ -79.476662, 39.721078 ], [ -80.519342, 39.721403 ], [ -80.518991, 40.638801 ], [ -80.576736, 40.614224 ], [ -80.627171, 40.619936 ], [ -80.667781, 40.578096 ], [ -80.595494, 40.475266 ], [ -80.612195, 40.402667 ], [ -80.633596, 40.390467 ], [ -80.609695, 40.374968 ], [ -80.599895, 40.317669 ], [ -80.619297, 40.26517 ], [ -80.652098, 40.24497 ], [ -80.704602, 40.154823 ], [ -80.709102, 40.101472 ], [ -80.738604, 40.075672 ], [ -80.740126, 39.970793 ], [ -80.764479, 39.95025 ], [ -80.756432, 39.91393 ], [ -80.806018, 39.91713 ], [ -80.790761, 39.86728 ], [ -80.826124, 39.844238 ], [ -80.826079, 39.798584 ], [ -80.869092, 39.766364 ], [ -80.829764, 39.711839 ], [ -80.863698, 39.691724 ], [ -80.88036, 39.620706 ], [ -80.925841, 39.617396 ], [ -80.970436, 39.590127 ], [ -81.070594, 39.515991 ], [ -81.132534, 39.446275 ], [ -81.185946, 39.430731 ], [ -81.217315, 39.38759 ], [ -81.270716, 39.385914 ], [ -81.375961, 39.341697 ], [ -81.412706, 39.394618 ], [ -81.456143, 39.409274 ], [ -81.557547, 39.338774 ], [ -81.570247, 39.267675 ], [ -81.683627, 39.270939 ], [ -81.692395, 39.226443 ], [ -81.726973, 39.215068 ], [ -81.755754, 39.180976 ], [ -81.747253, 39.095378 ], [ -81.813855, 39.079278 ], [ -81.803355, 39.047678 ], [ -81.764253, 39.015279 ], [ -81.78182, 38.964935 ], [ -81.756975, 38.937152 ], [ -81.762659, 38.924121 ], [ -81.827354, 38.945898 ], [ -81.855971, 38.892734 ], [ -81.898541, 38.874582 ], [ -81.928, 38.893492 ], [ -81.89847, 38.929603 ], [ -81.933186, 38.987659 ], [ -81.979371, 38.993193 ], [ -82.002261, 39.027878 ], [ -82.035963, 39.025478 ], [ -82.143167, 38.898079 ], [ -82.144867, 38.84048 ], [ -82.221566, 38.787187 ], [ -82.188268, 38.734082 ], [ -82.177267, 38.603784 ], [ -82.205171, 38.591719 ], [ -82.26207, 38.598183 ], [ -82.291271, 38.578983 ], [ -82.304223, 38.496308 ], [ -82.330335, 38.4445 ], [ -82.540199, 38.403666 ], [ -82.593673, 38.421809 ], [ -82.597979, 38.344909 ], [ -82.572691, 38.318801 ], [ -82.574656, 38.263873 ], [ -82.61226, 38.236087 ], [ -82.598437, 38.217393 ], [ -82.611343, 38.171548 ], [ -82.642997, 38.16956 ] ] ] } },
{ "type": "Feature", "properties": { "statefp": "56", "statens": "01779807", "geoidfq": "0400000US56", "geoid": "56", "stusps": "WY", "name": "Wyoming", "lsad": "00", "aland": 251458188895, "awater": 1868027102, "dist_miles": 2363.3512651311689 }, "geometry": { "type": "Polygon", "coordinates": [ [ [ -111.055199, 45.001321 ], [ -111.046723, 40.997959 ], [ -104.053249, 41.001406 ], [ -104.057698, 44.997431 ], [ -111.055199, 45.001321 ] ] ] } },
{ "type": "Feature", "properties": { "statefp": "37", "statens": "01027616", "geoidfq": "0400000US37", "geoid": "37", "stusps": "NC", "name": "North Carolina", "lsad": "00", "aland": 125935547374, "awater": 13453873497, "dist_miles": 737.98110794495369 }, "geometry": { "type": "MultiPolygon", "coordinates": [ [ [ [ -75.726807, 35.935844 ], [ -75.663356, 35.869835 ], [ -75.660086, 35.83861 ], [ -75.675054, 35.830204 ], [ -75.620454, 35.809253 ], [ -75.616833, 35.856331 ], [ -75.65954, 35.919564 ], [ -75.726807, 35.935844 ] ] ], [ [ [ -76.013561, 35.068832 ], [ -75.769705, 35.180359 ], [ -75.610101, 35.227514 ], [ -75.52592, 35.233839 ], [ -75.458659, 35.596597 ], [ -75.496086, 35.728515 ], [ -75.523446, 35.773568 ], [ -75.47861, 35.553069 ], [ -75.535741, 35.272856 ], [ -75.596915, 35.269491 ], [ -75.640934, 35.233862 ], [ -75.684006, 35.232913 ], [ -75.9547, 35.1196 ], [ -75.98395, 35.120042 ], [ -76.013561, 35.068832 ] ] ], [ [ [ -84.29024, 35.225572 ], [ -84.321869, 34.988408 ], [ -83.108606, 35.000659 ], [ -82.787867, 35.085024 ], [ -82.777376, 35.064143 ], [ -82.757704, 35.068019 ], [ -82.72701, 35.094142 ], [ -82.694898, 35.098456 ], [ -82.683625, 35.125833 ], [ -82.662381, 35.118123 ], [ -82.460092, 35.178143 ], [ -82.439595, 35.165863 ], [ -82.39293, 35.215402 ], [ -82.371298, 35.181449 ], [ -82.27492, 35.200071 ], [ -81.043625, 35.149877 ], [ -81.051037, 35.131654 ], [ -81.032806, 35.108049 ], [ -81.058029, 35.07319 ], [ -81.041489, 35.044703 ], [ -80.93495, 35.107409 ], [ -80.782042, 34.935782 ], [ -80.797543, 34.819786 ], [ -79.675299, 34.804744 ], [ -78.542422, 33.852284 ], [ -78.379764, 33.903848 ], [ -78.240942, 33.916167 ], [ -78.018689, 33.888289 ], [ -78.006765, 33.858704 ], [ -77.970606, 33.844517 ], [ -77.830041, 34.163505 ], [ -77.707515, 34.305563 ], [ -77.557306, 34.417646 ], [ -77.175849, 34.62235 ], [ -76.990262, 34.669623 ], [ -76.817453, 34.693722 ], [ -76.676312, 34.693151 ], [ -76.549343, 34.645585 ], [ -76.555196, 34.615993 ], [ -76.535946, 34.588577 ], [ -76.494068, 34.66197 ], [ -76.386804, 34.784579 ], [ -76.037697, 35.056348 ], [ -76.069906, 35.075701 ], [ -76.439732, 34.75848 ], [ -76.523303, 34.652271 ], [ -76.673537, 34.70757 ], [ -76.616567, 34.714059 ], [ -76.620606, 34.784389 ], [ -76.604796, 34.787482 ], [ -76.582421, 34.767757 ], [ -76.586236, 34.698805 ], [ -76.524712, 34.681964 ], [ -76.501925, 34.742688 ], [ -76.449464, 34.814833 ], [ -76.412148, 34.832198 ], [ -76.410009, 34.861457 ], [ -76.347673, 34.872171 ], [ -76.277698, 34.940014 ], [ -76.275567, 34.960971 ], [ -76.296524, 34.976245 ], [ -76.288354, 35.005726 ], [ -76.364367, 35.034853 ], [ -76.326361, 34.976245 ], [ -76.395625, 34.975179 ], [ -76.425461, 35.001464 ], [ -76.435762, 35.057941 ], [ -76.463468, 35.076411 ], [ -76.502623, 35.007166 ], [ -76.635072, 34.989116 ], [ -76.762931, 34.920374 ], [ -76.89354, 34.957495 ], [ -76.977404, 35.004926 ], [ -76.982904, 35.060607 ], [ -76.801426, 34.964369 ], [ -76.60042, 35.067867 ], [ -76.546463, 35.122948 ], [ -76.516828, 35.211202 ], [ -76.468163, 35.263494 ], [ -76.484064, 35.313102 ], [ -76.664027, 35.345696 ], [ -76.891938, 35.433649 ], [ -76.966661, 35.43781 ], [ -77.028961, 35.48892 ], [ -77.027943, 35.512675 ], [ -76.759234, 35.418906 ], [ -76.710083, 35.427155 ], [ -76.580187, 35.387113 ], [ -76.601472, 35.460838 ], [ -76.634468, 35.510332 ], [ -76.600441, 35.538516 ], [ -76.48358, 35.538172 ], [ -76.471207, 35.55742 ], [ -76.456427, 35.550546 ], [ -76.476706, 35.511707 ], [ -76.586349, 35.508957 ], [ -76.540292, 35.410657 ], [ -76.485762, 35.371375 ], [ -76.448666, 35.383741 ], [ -76.408199, 35.350017 ], [ -76.235087, 35.350017 ], [ -76.149655, 35.326411 ], [ -76.132793, 35.349455 ], [ -76.069281, 35.370813 ], [ -76.059726, 35.410157 ], [ -76.020945, 35.410719 ], [ -75.995652, 35.475355 ], [ -75.963053, 35.493903 ], [ -75.958001, 35.527506 ], [ -75.919023, 35.541294 ], [ -75.895045, 35.573152 ], [ -75.871341, 35.585079 ], [ -75.837154, 35.570904 ], [ -75.788129, 35.576427 ], [ -75.781084, 35.597743 ], [ -75.737384, 35.624736 ], [ -75.741223, 35.647231 ], [ -75.768146, 35.661761 ], [ -75.763109, 35.682534 ], [ -75.71914, 35.694264 ], [ -75.738939, 35.751052 ], [ -75.733619, 35.826101 ], [ -75.782498, 35.928244 ], [ -75.84989, 35.976156 ], [ -75.947293, 35.959835 ], [ -75.927286, 35.93193 ], [ -75.97783, 35.897181 ], [ -75.9869, 35.768194 ], [ -76.029863, 35.649443 ], [ -76.046361, 35.659067 ], [ -76.036393, 35.690344 ], [ -76.063203, 35.853433 ], [ -76.014353, 35.920746 ], [ -76.014159, 35.957202 ], [ -76.062071, 35.993004 ], [ -76.213966, 35.988002 ], [ -76.340327, 35.94325 ], [ -76.362966, 35.942197 ], [ -76.398242, 35.984317 ], [ -76.528551, 35.944039 ], [ -76.667547, 35.933509 ], [ -76.691766, 35.944566 ], [ -76.70019, 35.964573 ], [ -76.679657, 35.991951 ], [ -76.7521, 36.147328 ], [ -76.744436, 36.212725 ], [ -76.693253, 36.278357 ], [ -76.675462, 36.266882 ], [ -76.719401, 36.199441 ], [ -76.721445, 36.147838 ], [ -76.676484, 36.043612 ], [ -76.615423, 36.037757 ], [ -76.580674, 36.00722 ], [ -76.514335, 36.00564 ], [ -76.459316, 36.024331 ], [ -76.410878, 36.078034 ], [ -76.303998, 36.092776 ], [ -76.346418, 36.121023 ], [ -76.375892, 36.12042 ], [ -76.456061, 36.183577 ], [ -76.447812, 36.192514 ], [ -76.373571, 36.138208 ], [ -76.216599, 36.095409 ], [ -76.191715, 36.107197 ], [ -76.274051, 36.188949 ], [ -76.178946, 36.123424 ], [ -76.064224, 36.143775 ], [ -76.080106, 36.19944 ], [ -76.188717, 36.281242 ], [ -76.184702, 36.298166 ], [ -76.132005, 36.287773 ], [ -76.016984, 36.186367 ], [ -75.904999, 36.164188 ], [ -75.956027, 36.198065 ], [ -75.945372, 36.222468 ], [ -75.96462, 36.254433 ], [ -75.922344, 36.244122 ], [ -75.863914, 36.159226 ], [ -75.867792, 36.127262 ], [ -75.793974, 36.07171 ], [ -75.800378, 36.112728 ], [ -75.864154, 36.235522 ], [ -75.86052, 36.280607 ], [ -75.882154, 36.284674 ], [ -75.923331, 36.361863 ], [ -75.923601, 36.425788 ], [ -75.962285, 36.41724 ], [ -76.012337, 36.447462 ], [ -76.031949, 36.482496 ], [ -76.042556, 36.510565 ], [ -76.022475, 36.52709 ], [ -75.986226, 36.525655 ], [ -75.989791, 36.493943 ], [ -75.899908, 36.482124 ], [ -75.888325, 36.441583 ], [ -75.85147, 36.415785 ], [ -75.85147, 36.379456 ], [ -75.831595, 36.346418 ], [ -75.845284, 36.305614 ], [ -75.814483, 36.285344 ], [ -75.811588, 36.244014 ], [ -75.75893, 36.152215 ], [ -75.723662, 36.003139 ], [ -75.678909, 35.993925 ], [ -75.563061, 35.799265 ], [ -75.543259, 35.779691 ], [ -75.533012, 35.787377 ], [ -75.77251, 36.22944 ], [ -75.8683, 36.550394 ], [ -80.122183, 36.542646 ], [ -81.677535, 36.588117 ], [ -81.707963, 36.536209 ], [ -81.695311, 36.467912 ], [ -81.739648, 36.406686 ], [ -81.707438, 36.335171 ], [ -81.766102, 36.338517 ], [ -81.800812, 36.358073 ], [ -81.908137, 36.302013 ], [ -82.033141, 36.120422 ], [ -82.127146, 36.104417 ], [ -82.147948, 36.149516 ], [ -82.182549, 36.143714 ], [ -82.213852, 36.159112 ], [ -82.247521, 36.130865 ], [ -82.289455, 36.13571 ], [ -82.355157, 36.115609 ], [ -82.409458, 36.083409 ], [ -82.460658, 36.007809 ], [ -82.557874, 35.953901 ], [ -82.610889, 35.967409 ], [ -82.614362, 36.003506 ], [ -82.594873, 36.029598 ], [ -82.637165, 36.065805 ], [ -82.776001, 36.000103 ], [ -82.785558, 35.977795 ], [ -82.774905, 35.971978 ], [ -82.804997, 35.927168 ], [ -82.821861, 35.921839 ], [ -82.852554, 35.949089 ], [ -82.898505, 35.945101 ], [ -82.911936, 35.921618 ], [ -82.899718, 35.874602 ], [ -82.992053, 35.773948 ], [ -83.07403, 35.790016 ], [ -83.159208, 35.764892 ], [ -83.185685, 35.72989 ], [ -83.251247, 35.719916 ], [ -83.258117, 35.691924 ], [ -83.297154, 35.65775 ], [ -83.35156, 35.659858 ], [ -83.396626, 35.62272 ], [ -83.445802, 35.611803 ], [ -83.498335, 35.562981 ], [ -83.58559, 35.562941 ], [ -83.608889, 35.579451 ], [ -83.771736, 35.562118 ], [ -83.82559, 35.523829 ], [ -83.880074, 35.518745 ], [ -83.911773, 35.476028 ], [ -83.961053, 35.464143 ], [ -84.020633, 35.409843 ], [ -84.007586, 35.371661 ], [ -84.038081, 35.348363 ], [ -84.02141, 35.301383 ], [ -84.052612, 35.269982 ], [ -84.097508, 35.247382 ], [ -84.188417, 35.239979 ], [ -84.223718, 35.269078 ], [ -84.29024, 35.225572 ] ] ] ] } },
{ "type": "Feature", "properties": { "statefp": "05", "statens": "00068085", "geoidfq": "0400000US05", "geoid": "05", "stusps": "AR", "name": "Arkansas", "lsad": "00", "aland": 134658642291, "awater": 3122591253, "dist_miles": 1093.209724965086 }, "geometry": { "type": "Polygon", "coordinates": [ [ [ -94.617919, 36.499414 ], [ -94.431215, 35.39429 ], [ -94.485875, 33.637867 ], [ -94.459198, 33.645146 ], [ -94.458232, 33.59827 ], [ -94.419057, 33.577217 ], [ -94.385927, 33.581888 ], [ -94.392573, 33.551142 ], [ -94.35897, 33.54323 ], [ -94.338422, 33.567082 ], [ -94.309582, 33.551673 ], [ -94.298392, 33.576218 ], [ -94.270853, 33.564783 ], [ -94.252656, 33.586144 ], [ -94.238868, 33.576722 ], [ -94.250197, 33.556765 ], [ -94.226392, 33.552912 ], [ -94.183395, 33.592212 ], [ -94.143024, 33.577725 ], [ -94.123898, 33.5521 ], [ -94.07267, 33.572234 ], [ -94.04345, 33.552253 ], [ -94.042964, 33.019219 ], [ -91.166095, 33.004291 ], [ -91.120429, 33.054631 ], [ -91.199603, 33.106505 ], [ -91.202114, 33.122306 ], [ -91.184025, 33.141678 ], [ -91.109729, 33.129454 ], [ -91.084511, 33.141082 ], [ -91.081303, 33.18428 ], [ -91.099115, 33.219606 ], [ -91.053025, 33.247509 ], [ -91.043696, 33.271783 ], [ -91.076436, 33.284408 ], [ -91.106884, 33.242444 ], [ -91.141584, 33.299752 ], [ -91.141599, 33.350188 ], [ -91.074051, 33.40785 ], [ -91.059002, 33.449154 ], [ -91.088069, 33.450378 ], [ -91.095214, 33.418226 ], [ -91.130458, 33.384627 ], [ -91.166958, 33.379896 ], [ -91.206073, 33.399842 ], [ -91.202285, 33.416849 ], [ -91.138069, 33.427231 ], [ -91.116996, 33.454592 ], [ -91.158373, 33.496068 ], [ -91.182609, 33.440421 ], [ -91.229821, 33.437292 ], [ -91.230581, 33.457716 ], [ -91.18668, 33.499671 ], [ -91.231984, 33.564538 ], [ -91.166106, 33.56971 ], [ -91.12873, 33.609204 ], [ -91.170922, 33.649155 ], [ -91.230404, 33.675569 ], [ -91.220396, 33.696537 ], [ -91.160367, 33.706602 ], [ -91.087545, 33.657391 ], [ -91.034678, 33.672882 ], [ -91.059169, 33.71452 ], [ -91.116939, 33.705273 ], [ -91.148724, 33.732127 ], [ -91.129444, 33.783726 ], [ -91.022758, 33.764309 ], [ -90.988723, 33.783494 ], [ -91.066438, 33.837999 ], [ -91.072977, 33.866179 ], [ -91.010451, 33.928689 ], [ -91.086011, 33.957419 ], [ -91.085412, 34.007504 ], [ -91.050926, 33.993427 ], [ -91.016914, 34.000078 ], [ -91.000568, 33.96696 ], [ -90.967631, 33.963611 ], [ -90.961885, 33.980351 ], [ -90.98806, 34.018999 ], [ -90.892597, 34.026986 ], [ -90.871083, 34.081177 ], [ -90.882802, 34.09659 ], [ -90.921294, 34.093514 ], [ -90.947689, 34.109574 ], [ -90.957064, 34.136684 ], [ -90.909957, 34.165511 ], [ -90.853471, 34.137511 ], [ -90.807564, 34.161821 ], [ -90.817488, 34.183198 ], [ -90.9118, 34.193897 ], [ -90.936404, 34.236698 ], [ -90.910098, 34.245558 ], [ -90.87912, 34.21545 ], [ -90.845864, 34.207573 ], [ -90.833629, 34.274074 ], [ -90.765623, 34.269513 ], [ -90.738025, 34.289279 ], [ -90.735873, 34.310687 ], [ -90.767996, 34.34617 ], [ -90.759693, 34.366505 ], [ -90.68272, 34.366763 ], [ -90.693129, 34.32257 ], [ -90.661395, 34.315398 ], [ -90.658191, 34.376139 ], [ -90.584313, 34.412194 ], [ -90.593293, 34.487931 ], [ -90.539623, 34.553925 ], [ -90.591595, 34.621012 ], [ -90.569958, 34.692391 ], [ -90.540753, 34.681034 ], [ -90.554921, 34.646721 ], [ -90.532108, 34.627327 ], [ -90.462835, 34.686433 ], [ -90.474166, 34.705277 ], [ -90.516666, 34.695555 ], [ -90.571989, 34.7144 ], [ -90.539444, 34.755277 ], [ -90.547778, 34.783333 ], [ -90.521111, 34.801944 ], [ -90.492777, 34.772499 ], [ -90.516666, 34.727222 ], [ -90.483333, 34.722222 ], [ -90.447994, 34.741988 ], [ -90.476644, 34.797134 ], [ -90.457116, 34.820051 ], [ -90.484774, 34.865708 ], [ -90.478324, 34.884171 ], [ -90.437448, 34.883707 ], [ -90.429318, 34.86685 ], [ -90.448017, 34.841603 ], [ -90.436897, 34.825538 ], [ -90.337523, 34.857652 ], [ -90.306903, 34.846704 ], [ -90.317741, 34.871058 ], [ -90.256114, 34.894547 ], [ -90.241829, 34.915658 ], [ -90.244701, 34.94703 ], [ -90.309297, 34.995694 ], [ -90.296607, 35.038672 ], [ -90.206997, 35.025849 ], [ -90.181157, 35.053943 ], [ -90.169232, 35.121883 ], [ -90.147147, 35.133054 ], [ -90.087416, 35.118892 ], [ -90.06616, 35.137466 ], [ -90.067897, 35.155285 ], [ -90.11733, 35.189256 ], [ -90.077163, 35.211033 ], [ -90.092603, 35.246775 ], [ -90.14632, 35.253562 ], [ -90.168875, 35.281516 ], [ -90.158321, 35.301006 ], [ -90.109966, 35.304988 ], [ -90.078279, 35.378734 ], [ -90.129884, 35.41382 ], [ -90.145446, 35.402522 ], [ -90.137757, 35.379393 ], [ -90.165282, 35.373982 ], [ -90.179342, 35.385313 ], [ -90.169002, 35.421853 ], [ -90.090137, 35.4785 ], [ -90.069036, 35.467773 ], [ -90.059492, 35.393815 ], [ -90.002675, 35.430529 ], [ -90.049524, 35.510356 ], [ -90.032927, 35.553461 ], [ -89.994272, 35.560973 ], [ -89.958266, 35.541411 ], [ -89.95519, 35.522495 ], [ -89.904638, 35.519348 ], [ -89.910051, 35.545379 ], [ -89.939888, 35.555668 ], [ -89.957158, 35.589421 ], [ -89.855125, 35.636223 ], [ -89.852153, 35.660268 ], [ -89.930209, 35.661352 ], [ -89.955946, 35.690756 ], [ -89.958623, 35.726018 ], [ -89.909111, 35.758963 ], [ -89.816857, 35.748692 ], [ -89.777906, 35.806283 ], [ -89.729713, 35.802116 ], [ -89.695987, 35.821298 ], [ -89.695531, 35.835673 ], [ -89.772904, 35.865632 ], [ -89.744547, 35.910699 ], [ -89.665939, 35.874451 ], [ -89.641572, 35.900263 ], [ -89.652157, 35.929113 ], [ -89.716527, 35.961533 ], [ -89.733095, 36.000608 ], [ -90.37789, 35.995683 ], [ -90.319168, 36.089976 ], [ -90.235585, 36.139474 ], [ -90.220425, 36.184764 ], [ -90.126366, 36.229367 ], [ -90.114922, 36.265595 ], [ -90.083731, 36.272332 ], [ -90.06398, 36.303038 ], [ -90.079981, 36.318619 ], [ -90.066136, 36.386272 ], [ -90.143743, 36.424433 ], [ -90.134136, 36.436602 ], [ -90.142269, 36.472138 ], [ -90.160167, 36.481344 ], [ -90.152481, 36.497952 ], [ -94.617919, 36.499414 ] ] ] } },
{ "type": "Feature", "properties": { "statefp": "49", "statens": "01455989", "geoidfq": "0400000US49", "geoid": "49", "stusps": "UT", "name": "Utah", "lsad": "00", "aland": 213921693698, "awater": 5963352640, "dist_miles": 2432.4395932278412 }, "geometry": { "type": "Polygon", "coordinates": [ [ [ -114.041723, 41.99372 ], [ -114.0506, 37.000396 ], [ -109.045223, 36.999084 ], [ -109.041762, 38.16469 ], [ -109.060062, 38.275489 ], [ -109.050076, 41.000659 ], [ -111.046723, 40.997959 ], [ -111.046689, 42.001567 ], [ -114.041723, 41.99372 ] ] ] } },
{ "type": "Feature", "properties": { "statefp": "48", "statens": "01779801", "geoidfq": "0400000US48", "geoid": "48", "stusps": "TX", "name": "Texas", "lsad": "00", "aland": 676660157338, "awater": 19008164905, "dist_miles": 1393.0788135979583 }, "geometry": { "type": "Polygon", "coordinates": [ [ [ -106.645479, 31.89867 ], [ -106.629197, 31.883717 ], [ -106.635926, 31.866235 ], [ -106.602045, 31.844405 ], [ -106.602727, 31.825024 ], [ -106.547144, 31.807305 ], [ -106.489542, 31.748408 ], [ -106.451541, 31.764808 ], [ -106.381039, 31.73211 ], [ -106.205827, 31.465976 ], [ -106.080258, 31.398702 ], [ -106.004926, 31.392458 ], [ -105.953943, 31.364749 ], [ -105.938452, 31.318735 ], [ -105.869353, 31.288634 ], [ -105.782895, 31.197563 ], [ -105.773257, 31.166897 ], [ -105.742678, 31.164897 ], [ -105.60333, 31.082625 ], [ -105.55743, 30.990229 ], [ -105.399609, 30.888941 ], [ -105.394242, 30.852979 ], [ -105.314863, 30.816961 ], [ -105.287238, 30.822206 ], [ -105.261361, 30.798078 ], [ -105.195144, 30.792138 ], [ -105.15764, 30.754008 ], [ -105.113816, 30.746001 ], [ -105.062334, 30.686303 ], [ -105.006801, 30.686039 ], [ -104.972071, 30.61026 ], [ -104.924796, 30.604832 ], [ -104.876787, 30.511004 ], [ -104.85242, 30.418792 ], [ -104.859521, 30.390413 ], [ -104.817596, 30.365915 ], [ -104.809794, 30.334926 ], [ -104.761634, 30.301148 ], [ -104.751567, 30.263644 ], [ -104.713166, 30.237957 ], [ -104.687296, 30.179464 ], [ -104.685003, 30.085643 ], [ -104.706874, 30.050685 ], [ -104.679661, 29.975272 ], [ -104.679772, 29.924659 ], [ -104.565688, 29.770462 ], [ -104.539761, 29.676074 ], [ -104.507568, 29.639624 ], [ -104.338113, 29.519967 ], [ -104.318074, 29.527938 ], [ -104.235847, 29.496744 ], [ -104.166563, 29.399352 ], [ -104.038282, 29.320156 ], [ -103.791157, 29.263278 ], [ -103.781371, 29.230948 ], [ -103.75693, 29.230627 ], [ -103.71377, 29.185008 ], [ -103.645635, 29.159286 ], [ -103.557797, 29.155422 ], [ -103.427754, 29.042334 ], [ -103.361998, 29.018914 ], [ -103.334819, 29.039801 ], [ -103.335762, 29.019681 ], [ -103.309102, 29.018377 ], [ -103.27796, 28.979176 ], [ -103.227801, 28.991532 ], [ -103.163865, 28.972099 ], [ -103.115328, 28.98527 ], [ -103.100266, 29.0577 ], [ -103.015028, 29.12577 ], [ -102.994653, 29.17962 ], [ -102.95089, 29.176835 ], [ -102.917805, 29.190697 ], [ -102.912131, 29.218902 ], [ -102.890064, 29.208814 ], [ -102.866846, 29.225015 ], [ -102.906296, 29.260011 ], [ -102.883722, 29.348059 ], [ -102.843021, 29.357988 ], [ -102.808692, 29.522319 ], [ -102.771429, 29.548546 ], [ -102.768341, 29.594734 ], [ -102.739991, 29.599041 ], [ -102.742031, 29.632142 ], [ -102.693466, 29.676507 ], [ -102.698347, 29.695591 ], [ -102.670971, 29.741954 ], [ -102.630151, 29.734315 ], [ -102.569409, 29.768124 ], [ -102.539417, 29.751629 ], [ -102.508313, 29.783219 ], [ -102.386678, 29.76688 ], [ -102.364542, 29.845387 ], [ -102.315389, 29.87992 ], [ -102.231791, 29.848251 ], [ -102.18615, 29.848462 ], [ -102.159601, 29.814356 ], [ -102.115682, 29.79239 ], [ -102.050044, 29.78507 ], [ -102.039013, 29.802655 ], [ -101.974548, 29.810276 ], [ -101.929709, 29.789323 ], [ -101.852604, 29.801895 ], [ -101.706636, 29.762737 ], [ -101.662453, 29.77128 ], [ -101.646418, 29.754304 ], [ -101.546797, 29.796991 ], [ -101.522695, 29.759671 ], [ -101.475269, 29.780663 ], [ -101.446502, 29.755006 ], [ -101.415402, 29.756561 ], [ -101.361756, 29.657821 ], [ -101.311219, 29.648491 ], [ -101.305533, 29.577925 ], [ -101.293219, 29.571828 ], [ -101.27761, 29.593231 ], [ -101.269217, 29.630027 ], [ -101.252274, 29.625634 ], [ -101.254895, 29.520342 ], [ -101.173821, 29.514566 ], [ -101.144337, 29.473246 ], [ -101.060151, 29.458661 ], [ -101.010614, 29.368669 ], [ -100.948972, 29.347246 ], [ -100.886842, 29.307848 ], [ -100.876049, 29.279585 ], [ -100.797671, 29.246943 ], [ -100.767059, 29.195287 ], [ -100.772649, 29.168492 ], [ -100.674656, 29.099777 ], [ -100.640568, 28.914212 ], [ -100.602054, 28.901944 ], [ -100.574699, 28.828787 ], [ -100.547324, 28.825817 ], [ -100.53583, 28.805888 ], [ -100.533017, 28.76328 ], [ -100.507613, 28.740599 ], [ -100.500354, 28.66196 ], [ -100.447091, 28.642197 ], [ -100.44732, 28.609325 ], [ -100.398385, 28.584884 ], [ -100.411414, 28.551899 ], [ -100.38886, 28.515748 ], [ -100.333814, 28.499252 ], [ -100.368288, 28.477196 ], [ -100.337797, 28.44296 ], [ -100.3444, 28.389662 ], [ -100.286471, 28.312296 ], [ -100.293468, 28.278475 ], [ -100.251634, 28.236177 ], [ -100.220284, 28.23221 ], [ -100.208059, 28.190383 ], [ -100.083393, 28.144035 ], [ -100.053123, 28.08473 ], [ -100.017914, 28.064787 ], [ -99.991447, 27.99456 ], [ -99.931812, 27.980967 ], [ -99.937142, 27.940537 ], [ -99.90008, 27.912142 ], [ -99.904385, 27.875284 ], [ -99.877202, 27.842179 ], [ -99.877677, 27.799427 ], [ -99.850877, 27.793974 ], [ -99.841708, 27.766464 ], [ -99.813086, 27.773952 ], [ -99.796342, 27.735586 ], [ -99.77074, 27.732134 ], [ -99.711511, 27.658365 ], [ -99.668942, 27.659974 ], [ -99.665948, 27.635968 ], [ -99.638929, 27.626758 ], [ -99.596231, 27.639858 ], [ -99.578099, 27.619196 ], [ -99.584843, 27.603903 ], [ -99.55495, 27.614454 ], [ -99.512219, 27.568094 ], [ -99.52832, 27.498896 ], [ -99.497519, 27.500496 ], [ -99.480419, 27.481596 ], [ -99.504837, 27.338289 ], [ -99.537771, 27.316073 ], [ -99.494604, 27.303542 ], [ -99.48791, 27.260721 ], [ -99.463309, 27.268437 ], [ -99.441549, 27.24992 ], [ -99.426348, 27.176262 ], [ -99.442123, 27.106839 ], [ -99.429209, 27.090982 ], [ -99.452316, 27.062669 ], [ -99.446524, 27.023008 ], [ -99.415476, 27.01724 ], [ -99.376593, 26.977717 ], [ -99.393748, 26.96073 ], [ -99.379149, 26.93449 ], [ -99.324684, 26.915973 ], [ -99.316753, 26.865831 ], [ -99.268613, 26.843213 ], [ -99.240023, 26.745851 ], [ -99.208907, 26.724761 ], [ -99.170704, 26.540316 ], [ -99.105031, 26.500335 ], [ -99.091635, 26.476977 ], [ -99.113808, 26.434002 ], [ -99.085126, 26.398782 ], [ -99.032316, 26.412082 ], [ -99.008003, 26.395459 ], [ -98.967587, 26.398266 ], [ -98.942046, 26.375532 ], [ -98.921277, 26.381426 ], [ -98.890965, 26.357569 ], [ -98.807348, 26.369421 ], [ -98.789822, 26.331575 ], [ -98.749054, 26.321662 ], [ -98.669397, 26.23632 ], [ -98.599154, 26.257612 ], [ -98.576188, 26.235221 ], [ -98.500575, 26.213826 ], [ -98.450976, 26.219904 ], [ -98.386694, 26.157872 ], [ -98.354645, 26.15304 ], [ -98.336837, 26.166432 ], [ -98.323828, 26.121249 ], [ -98.302979, 26.11005 ], [ -98.265698, 26.12037 ], [ -98.277218, 26.098802 ], [ -98.264514, 26.085507 ], [ -98.197046, 26.056153 ], [ -98.177897, 26.074672 ], [ -98.146622, 26.049412 ], [ -98.080495, 26.070932 ], [ -98.070021, 26.047992 ], [ -98.039239, 26.041275 ], [ -98.028759, 26.06647 ], [ -97.981335, 26.067182 ], [ -97.967358, 26.051718 ], [ -97.88653, 26.066339 ], [ -97.649176, 26.021499 ], [ -97.583044, 25.955443 ], [ -97.582565, 25.937857 ], [ -97.546421, 25.934077 ], [ -97.521762, 25.886458 ], [ -97.454727, 25.879337 ], [ -97.445113, 25.850026 ], [ -97.394513, 25.837377 ], [ -97.36542, 25.849826 ], [ -97.37443, 25.907444 ], [ -97.350398, 25.925241 ], [ -97.229226, 25.958753 ], [ -97.178362, 25.962114 ], [ -97.156608, 25.949022 ], [ -97.145567, 25.971132 ], [ -97.152009, 26.062108 ], [ -97.196456, 26.053377 ], [ -97.199651, 26.077044 ], [ -97.270898, 26.086459 ], [ -97.30462, 26.120727 ], [ -97.29105, 26.133308 ], [ -97.307461, 26.157336 ], [ -97.296089, 26.182388 ], [ -97.311019, 26.235921 ], [ -97.287723, 26.275809 ], [ -97.369716, 26.45785 ], [ -97.41125, 26.474474 ], [ -97.416955, 26.553637 ], [ -97.445708, 26.609362 ], [ -97.478605, 26.806675 ], [ -97.460284, 26.847287 ], [ -97.42408, 27.264073 ], [ -97.54291, 27.229213 ], [ -97.639094, 27.253131 ], [ -97.636549, 27.282139 ], [ -97.609068, 27.285193 ], [ -97.501688, 27.366618 ], [ -97.483877, 27.338628 ], [ -97.502706, 27.322343 ], [ -97.498126, 27.308602 ], [ -97.546981, 27.290791 ], [ -97.532223, 27.278577 ], [ -97.508304, 27.275014 ], [ -97.404996, 27.329977 ], [ -97.321535, 27.571199 ], [ -97.294054, 27.5941 ], [ -97.253955, 27.696696 ], [ -97.368355, 27.741683 ], [ -97.393291, 27.782905 ], [ -97.379042, 27.837867 ], [ -97.472073, 27.824154 ], [ -97.515095, 27.85117 ], [ -97.514737, 27.870073 ], [ -97.493239, 27.884076 ], [ -97.454293, 27.873824 ], [ -97.341, 27.883336 ], [ -97.325097, 27.867893 ], [ -97.273698, 27.881633 ], [ -97.24439, 27.869109 ], [ -97.225176, 27.825723 ], [ -97.187183, 27.824126 ], [ -97.129168, 27.919801 ], [ -97.025859, 28.041939 ], [ -97.03671, 28.073449 ], [ -97.024896, 28.107318 ], [ -97.046988, 28.115946 ], [ -97.053498, 28.092386 ], [ -97.099754, 28.078133 ], [ -97.137238, 28.028068 ], [ -97.217173, 28.073503 ], [ -97.147015, 28.14172 ], [ -97.037008, 28.185528 ], [ -97.021303, 28.1841 ], [ -97.027014, 28.148408 ], [ -97.007539, 28.136087 ], [ -96.934765, 28.123873 ], [ -96.800413, 28.224128 ], [ -96.787181, 28.255681 ], [ -96.809573, 28.290287 ], [ -96.791761, 28.31217 ], [ -96.790235, 28.383926 ], [ -96.768352, 28.410389 ], [ -96.710336, 28.406827 ], [ -96.705247, 28.348811 ], [ -96.665198, 28.30961 ], [ -96.620633, 28.31913 ], [ -96.45295, 28.418679 ], [ -96.420032, 28.416902 ], [ -96.452831, 28.380209 ], [ -96.433698, 28.363688 ], [ -96.440591, 28.34298 ], [ -96.599004, 28.293287 ], [ -96.734745, 28.190771 ], [ -96.790574, 28.188907 ], [ -96.821267, 28.168361 ], [ -96.819334, 28.143333 ], [ -96.854272, 28.120068 ], [ -96.879942, 28.128767 ], [ -96.888261, 28.103925 ], [ -96.92831, 28.082329 ], [ -97.017202, 27.945728 ], [ -97.082481, 27.913232 ], [ -97.129898, 27.839487 ], [ -97.120885, 27.798691 ], [ -97.304254, 27.507317 ], [ -97.361464, 27.351988 ], [ -97.399814, 27.115083 ], [ -97.389119, 26.800481 ], [ -97.252453, 26.438192 ], [ -97.169317, 26.077714 ], [ -97.158798, 26.08266 ], [ -97.196935, 26.305865 ], [ -97.366872, 26.885581 ], [ -97.371741, 27.153012 ], [ -97.336122, 27.317818 ], [ -97.257325, 27.510644 ], [ -97.140854, 27.716688 ], [ -97.003325, 27.908307 ], [ -96.792158, 28.110497 ], [ -96.63201, 28.222821 ], [ -96.442849, 28.317666 ], [ -96.390376, 28.381815 ], [ -96.303212, 28.441871 ], [ -96.220376, 28.491966 ], [ -95.812504, 28.664942 ], [ -95.439594, 28.859022 ], [ -95.38239, 28.866348 ], [ -95.081773, 29.111222 ], [ -94.73478, 29.32596 ], [ -94.810696, 29.353435 ], [ -94.824953, 29.306005 ], [ -94.879239, 29.285839 ], [ -95.003923, 29.184474 ], [ -95.144845, 29.090836 ], [ -95.16525, 29.113566 ], [ -95.158512, 29.189133 ], [ -95.112758, 29.195669 ], [ -95.099101, 29.173529 ], [ -94.952526, 29.290122 ], [ -94.921593, 29.281556 ], [ -94.893994, 29.30817 ], [ -94.892099, 29.433413 ], [ -94.951607, 29.466451 ], [ -94.909465, 29.496838 ], [ -94.981916, 29.511141 ], [ -95.018253, 29.554885 ], [ -94.984122, 29.601849 ], [ -95.015636, 29.639457 ], [ -94.985992, 29.679578 ], [ -94.95714, 29.663409 ], [ -94.961929, 29.69665 ], [ -94.936089, 29.692704 ], [ -94.921318, 29.658178 ], [ -94.893107, 29.661336 ], [ -94.816085, 29.75671 ], [ -94.738837, 29.792058 ], [ -94.689632, 29.753341 ], [ -94.69086, 29.690117 ], [ -94.706971, 29.625229 ], [ -94.755237, 29.562782 ], [ -94.790605, 29.548401 ], [ -94.780938, 29.531093 ], [ -94.757689, 29.524617 ], [ -94.557225, 29.575518 ], [ -94.520998, 29.544591 ], [ -94.466259, 29.552281 ], [ -94.527145, 29.513143 ], [ -94.565669, 29.53009 ], [ -94.608557, 29.483345 ], [ -94.681541, 29.471389 ], [ -94.783131, 29.375642 ], [ -94.778691, 29.361483 ], [ -94.731047, 29.369141 ], [ -94.694158, 29.415632 ], [ -94.594853, 29.467903 ], [ -94.095762, 29.660524 ], [ -94.001406, 29.681486 ], [ -93.837725, 29.679024 ], [ -93.87002, 29.735482 ], [ -93.891637, 29.744618 ], [ -93.893862, 29.767289 ], [ -93.926504, 29.78956 ], [ -93.927992, 29.80964 ], [ -93.838374, 29.882855 ], [ -93.786935, 29.99058 ], [ -93.699396, 30.05925 ], [ -93.734085, 30.08613 ], [ -93.688212, 30.141376 ], [ -93.720946, 30.209852 ], [ -93.706608, 30.281187 ], [ -93.765822, 30.333318 ], [ -93.757654, 30.390423 ], [ -93.6978, 30.440583 ], [ -93.714322, 30.518562 ], [ -93.740253, 30.539569 ], [ -93.727844, 30.57407 ], [ -93.681235, 30.596102 ], [ -93.6831, 30.640763 ], [ -93.629904, 30.67994 ], [ -93.609544, 30.723139 ], [ -93.619129, 30.742002 ], [ -93.561666, 30.807739 ], [ -93.553626, 30.83514 ], [ -93.567788, 30.888302 ], [ -93.526245, 30.939411 ], [ -93.571906, 30.987614 ], [ -93.516407, 31.02955 ], [ -93.526044, 31.070773 ], [ -93.551034, 31.091111 ], [ -93.533307, 31.184463 ], [ -93.588503, 31.165581 ], [ -93.600308, 31.176158 ], [ -93.620343, 31.271025 ], [ -93.642516, 31.269508 ], [ -93.68688, 31.305166 ], [ -93.663698, 31.360019 ], [ -93.671644, 31.393352 ], [ -93.704879, 31.410881 ], [ -93.70093, 31.437784 ], [ -93.749476, 31.46869 ], [ -93.726736, 31.5116 ], [ -93.798087, 31.534044 ], [ -93.834924, 31.586211 ], [ -93.838057, 31.606795 ], [ -93.816838, 31.622509 ], [ -93.826462, 31.666919 ], [ -93.802452, 31.693186 ], [ -93.830647, 31.745811 ], [ -93.822598, 31.773559 ], [ -93.874761, 31.821661 ], [ -93.904766, 31.890599 ], [ -93.971712, 31.920384 ], [ -94.018664, 31.990843 ], [ -94.041833, 31.992402 ], [ -94.043428, 33.551425 ], [ -94.056096, 33.567252 ], [ -94.103176, 33.57035 ], [ -94.123898, 33.5521 ], [ -94.143024, 33.577725 ], [ -94.183395, 33.592212 ], [ -94.226392, 33.552912 ], [ -94.250197, 33.556765 ], [ -94.238868, 33.576722 ], [ -94.252656, 33.586144 ], [ -94.270853, 33.564783 ], [ -94.298392, 33.576218 ], [ -94.309582, 33.551673 ], [ -94.338422, 33.567082 ], [ -94.35897, 33.54323 ], [ -94.392573, 33.551142 ], [ -94.385927, 33.581888 ], [ -94.419057, 33.577217 ], [ -94.458232, 33.59827 ], [ -94.459198, 33.645146 ], [ -94.520725, 33.616567 ], [ -94.57962, 33.677623 ], [ -94.64289, 33.668421 ], [ -94.652265, 33.690979 ], [ -94.707858, 33.686876 ], [ -94.711043, 33.705669 ], [ -94.732384, 33.700254 ], [ -94.768057, 33.753446 ], [ -94.8693, 33.745871 ], [ -94.919614, 33.786305 ], [ -94.91945, 33.810176 ], [ -94.944302, 33.812138 ], [ -94.968895, 33.860916 ], [ -94.988487, 33.851 ], [ -95.008376, 33.866089 ], [ -95.046568, 33.862565 ], [ -95.065492, 33.899585 ], [ -95.090441, 33.89328 ], [ -95.1247, 33.934675 ], [ -95.226393, 33.961954 ], [ -95.252906, 33.933648 ], [ -95.253095, 33.905444 ], [ -95.277846, 33.900877 ], [ -95.287865, 33.874946 ], [ -95.333452, 33.886286 ], [ -95.339122, 33.868873 ], [ -95.44737, 33.86885 ], [ -95.464925, 33.886709 ], [ -95.502304, 33.874742 ], [ -95.515302, 33.891142 ], [ -95.545197, 33.880294 ], [ -95.559414, 33.930179 ], [ -95.599678, 33.934247 ], [ -95.696962, 33.885218 ], [ -95.756367, 33.892625 ], [ -95.753513, 33.856464 ], [ -95.772067, 33.843817 ], [ -95.805149, 33.861304 ], [ -95.837516, 33.83564 ], [ -95.935198, 33.887101 ], [ -95.944284, 33.859811 ], [ -95.991487, 33.866869 ], [ -96.019599, 33.840566 ], [ -96.029463, 33.852402 ], [ -96.048834, 33.836468 ], [ -96.100095, 33.847971 ], [ -96.09936, 33.83047 ], [ -96.14807, 33.837799 ], [ -96.150765, 33.816987 ], [ -96.178964, 33.810553 ], [ -96.162123, 33.79614 ], [ -96.178059, 33.760518 ], [ -96.220521, 33.74739 ], [ -96.292482, 33.766419 ], [ -96.316925, 33.698997 ], [ -96.348306, 33.686379 ], [ -96.422643, 33.776041 ], [ -96.500268, 33.772583 ], [ -96.526655, 33.820891 ], [ -96.572937, 33.819098 ], [ -96.62929, 33.845488 ], [ -96.587934, 33.894784 ], [ -96.628294, 33.894477 ], [ -96.667187, 33.91694 ], [ -96.699574, 33.839049 ], [ -96.761588, 33.824406 ], [ -96.794276, 33.868886 ], [ -96.832157, 33.874835 ], [ -96.850593, 33.847211 ], [ -96.875281, 33.860505 ], [ -96.9163, 33.957798 ], [ -96.973807, 33.935697 ], [ -96.981337, 33.956378 ], [ -96.996183, 33.941728 ], [ -96.985567, 33.886522 ], [ -97.023899, 33.844213 ], [ -97.087247, 33.853448 ], [ -97.048146, 33.817456 ], [ -97.092112, 33.804097 ], [ -97.086195, 33.743933 ], [ -97.126102, 33.716941 ], [ -97.172192, 33.737545 ], [ -97.205431, 33.801488 ], [ -97.1997, 33.827322 ], [ -97.166629, 33.847311 ], [ -97.180845, 33.895204 ], [ -97.210921, 33.916064 ], [ -97.244946, 33.903092 ], [ -97.255636, 33.863698 ], [ -97.299245, 33.880175 ], [ -97.318243, 33.865121 ], [ -97.33294, 33.87444 ], [ -97.368744, 33.821471 ], [ -97.426493, 33.819398 ], [ -97.462857, 33.841772 ], [ -97.451469, 33.87093 ], [ -97.460376, 33.903948 ], [ -97.50096, 33.919643 ], [ -97.551541, 33.897947 ], [ -97.587441, 33.902479 ], [ -97.589598, 33.953554 ], [ -97.671772, 33.99137 ], [ -97.725289, 33.941045 ], [ -97.762768, 33.934396 ], [ -97.784657, 33.890632 ], [ -97.834333, 33.857671 ], [ -97.871447, 33.849001 ], [ -97.967777, 33.88243 ], [ -97.98454, 33.900703 ], [ -97.957155, 33.914454 ], [ -97.953395, 33.936445 ], [ -97.974173, 33.942832 ], [ -97.94573, 33.989839 ], [ -97.974173, 34.006716 ], [ -98.027672, 33.993357 ], [ -98.088203, 34.005481 ], [ -98.120208, 34.072127 ], [ -98.089755, 34.128211 ], [ -98.109462, 34.154111 ], [ -98.16912, 34.114171 ], [ -98.364023, 34.157109 ], [ -98.398441, 34.128456 ], [ -98.414426, 34.085074 ], [ -98.486328, 34.062598 ], [ -98.599789, 34.160571 ], [ -98.648073, 34.164441 ], [ -98.690072, 34.133155 ], [ -98.757037, 34.124633 ], [ -98.812954, 34.158444 ], [ -98.868116, 34.149635 ], [ -98.872922, 34.166584 ], [ -98.952513, 34.21265 ], [ -98.974132, 34.203566 ], [ -98.987294, 34.221223 ], [ -99.043471, 34.198208 ], [ -99.079535, 34.211518 ], [ -99.126567, 34.203004 ], [ -99.130609, 34.219408 ], [ -99.189511, 34.214312 ], [ -99.213135, 34.340369 ], [ -99.274926, 34.384904 ], [ -99.261321, 34.403499 ], [ -99.319606, 34.408869 ], [ -99.358795, 34.455863 ], [ -99.394956, 34.442099 ], [ -99.40296, 34.373481 ], [ -99.44076, 34.374123 ], [ -99.51428, 34.414035 ], [ -99.569696, 34.418418 ], [ -99.600026, 34.374688 ], [ -99.696462, 34.381036 ], [ -99.923211, 34.574552 ], [ -100.000381, 34.560509 ], [ -100.000406, 36.499702 ], [ -103.041924, 36.500439 ], [ -103.043531, 34.018014 ], [ -103.064625, 32.999899 ], [ -103.064423, 32.000518 ], [ -106.618486, 32.000495 ], [ -106.639529, 31.980348 ], [ -106.619371, 31.964777 ], [ -106.612063, 31.918657 ], [ -106.645479, 31.89867 ] ] ] } },
{ "type": "Feature", "properties": { "statefp": "13", "statens": "01705317", "geoidfq": "0400000US13", "geoid": "13", "stusps": "GA", "name": "Georgia", "lsad": "00", "aland": 149487720450, "awater": 4417264043, "dist_miles": 547.56221164278543 }, "geometry": { "type": "Polygon", "coordinates": [ [ [ -85.605165, 34.984678 ], [ -85.1844, 32.861317 ], [ -85.153497, 32.842781 ], [ -85.167939, 32.811612 ], [ -85.122189, 32.773353 ], [ -85.138879, 32.760062 ], [ -85.11425, 32.730447 ], [ -85.114737, 32.685634 ], [ -85.088533, 32.657958 ], [ -85.105337, 32.644835 ], [ -85.067663, 32.58001 ], [ -85.0071, 32.523868 ], [ -84.995331, 32.453243 ], [ -84.96343, 32.422544 ], [ -85.008096, 32.336677 ], [ -85.001874, 32.322015 ], [ -84.9338, 32.29826 ], [ -84.889431, 32.261941 ], [ -84.925027, 32.22215 ], [ -84.967428, 32.219351 ], [ -84.979329, 32.207251 ], [ -84.961728, 32.19865 ], [ -85.011267, 32.180493 ], [ -85.058749, 32.136018 ], [ -85.053815, 32.013502 ], [ -85.141831, 31.839261 ], [ -85.11893, 31.732664 ], [ -85.12553, 31.694965 ], [ -85.062157, 31.622908 ], [ -85.041881, 31.544684 ], [ -85.092487, 31.362881 ], [ -85.089774, 31.295026 ], [ -85.114548, 31.276302 ], [ -85.098844, 31.232524 ], [ -85.107516, 31.186451 ], [ -85.035615, 31.108192 ], [ -85.011392, 31.053546 ], [ -85.005236, 30.974703 ], [ -84.982657, 30.965585 ], [ -84.983257, 30.934784 ], [ -84.935541, 30.882477 ], [ -84.93617, 30.820665 ], [ -84.913649, 30.752282 ], [ -84.864693, 30.711542 ], [ -82.214867, 30.568584 ], [ -82.235848, 30.537178 ], [ -82.201443, 30.485154 ], [ -82.210318, 30.424577 ], [ -82.192966, 30.378765 ], [ -82.161782, 30.357836 ], [ -82.060055, 30.360313 ], [ -82.036845, 30.37787 ], [ -82.005497, 30.563488 ], [ -82.049529, 30.655544 ], [ -82.043817, 30.72964 ], [ -82.038989, 30.749262 ], [ -82.011618, 30.763122 ], [ -82.022887, 30.787992 ], [ -81.973876, 30.778488 ], [ -81.949806, 30.827496 ], [ -81.895737, 30.821101 ], [ -81.868624, 30.792756 ], [ -81.806666, 30.789685 ], [ -81.719937, 30.744634 ], [ -81.662181, 30.746522 ], [ -81.646144, 30.727591 ], [ -81.540927, 30.713343 ], [ -81.487334, 30.726081 ], [ -81.444124, 30.709714 ], [ -81.460061, 30.769912 ], [ -81.405153, 30.908203 ], [ -81.403409, 30.957914 ], [ -81.408484, 30.977718 ], [ -81.426929, 30.956615 ], [ -81.493651, 30.977528 ], [ -81.451444, 31.015515 ], [ -81.420474, 31.016703 ], [ -81.399677, 31.134113 ], [ -81.368241, 31.136534 ], [ -81.339028, 31.186918 ], [ -81.288403, 31.211065 ], [ -81.274688, 31.289454 ], [ -81.25482, 31.315452 ], [ -81.282923, 31.326491 ], [ -81.278798, 31.367214 ], [ -81.177254, 31.517074 ], [ -81.199518, 31.537596 ], [ -81.258809, 31.52906 ], [ -81.260076, 31.54828 ], [ -81.204315, 31.568183 ], [ -81.173079, 31.555908 ], [ -81.133493, 31.623348 ], [ -81.131137, 31.695774 ], [ -81.161084, 31.691401 ], [ -81.203572, 31.719448 ], [ -81.192784, 31.733245 ], [ -81.130634, 31.722692 ], [ -81.068116, 31.768735 ], [ -81.036873, 31.812721 ], [ -81.075812, 31.829031 ], [ -81.05907, 31.850106 ], [ -81.065255, 31.877095 ], [ -80.99269, 31.857641 ], [ -80.934508, 31.90918 ], [ -80.968494, 31.915822 ], [ -80.972392, 31.94127 ], [ -80.948491, 31.95723 ], [ -80.911207, 31.943769 ], [ -80.862814, 31.969346 ], [ -80.84313, 32.024226 ], [ -80.879814, 32.019371 ], [ -80.922794, 32.039151 ], [ -81.002297, 32.100048 ], [ -81.050234, 32.085308 ], [ -81.117234, 32.117605 ], [ -81.129634, 32.165602 ], [ -81.118234, 32.189201 ], [ -81.156587, 32.24391 ], [ -81.119633, 32.287596 ], [ -81.122333, 32.305395 ], [ -81.133632, 32.341293 ], [ -81.170126, 32.361318 ], [ -81.20513, 32.423788 ], [ -81.186829, 32.464086 ], [ -81.233585, 32.498488 ], [ -81.23466, 32.51627 ], [ -81.277131, 32.535417 ], [ -81.281324, 32.556464 ], [ -81.366964, 32.577059 ], [ -81.41866, 32.629392 ], [ -81.393033, 32.651543 ], [ -81.407193, 32.660519 ], [ -81.40831, 32.694908 ], [ -81.427517, 32.701896 ], [ -81.410281, 32.744653 ], [ -81.429017, 32.785505 ], [ -81.417984, 32.818196 ], [ -81.426475, 32.840773 ], [ -81.453949, 32.849761 ], [ -81.45392, 32.874074 ], [ -81.479445, 32.881082 ], [ -81.464069, 32.897814 ], [ -81.502427, 32.935353 ], [ -81.492253, 33.009342 ], [ -81.599248, 33.071813 ], [ -81.612725, 33.093953 ], [ -81.646433, 33.094552 ], [ -81.743835, 33.14145 ], [ -81.772435, 33.180449 ], [ -81.756935, 33.197848 ], [ -81.768935, 33.217447 ], [ -81.805236, 33.211447 ], [ -81.852136, 33.247544 ], [ -81.838257, 33.272975 ], [ -81.863236, 33.288844 ], [ -81.847296, 33.306783 ], [ -81.884137, 33.310443 ], [ -81.939737, 33.344941 ], [ -81.946337, 33.37064 ], [ -81.924837, 33.37414 ], [ -81.936961, 33.404197 ], [ -81.913356, 33.437418 ], [ -81.926336, 33.462937 ], [ -81.985938, 33.486536 ], [ -82.046335, 33.56383 ], [ -82.186154, 33.62088 ], [ -82.200718, 33.66464 ], [ -82.234576, 33.700216 ], [ -82.247472, 33.752591 ], [ -82.298286, 33.783518 ], [ -82.32448, 33.820033 ], [ -82.455105, 33.88165 ], [ -82.524515, 33.94336 ], [ -82.556835, 33.945353 ], [ -82.594555, 34.028717 ], [ -82.64398, 34.072237 ], [ -82.641553, 34.092212 ], [ -82.717507, 34.150504 ], [ -82.746656, 34.266407 ], [ -82.780308, 34.296701 ], [ -82.794054, 34.339772 ], [ -82.835004, 34.366069 ], [ -82.876864, 34.475303 ], [ -83.034712, 34.483495 ], [ -83.087189, 34.515939 ], [ -83.078113, 34.524837 ], [ -83.102179, 34.532179 ], [ -83.169994, 34.605444 ], [ -83.23178, 34.611297 ], [ -83.33869, 34.682002 ], [ -83.353238, 34.728648 ], [ -83.320062, 34.759616 ], [ -83.323866, 34.789712 ], [ -83.289914, 34.824477 ], [ -83.268159, 34.821393 ], [ -83.267656, 34.845289 ], [ -83.23751, 34.877057 ], [ -83.205627, 34.880142 ], [ -83.121112, 34.939129 ], [ -83.108606, 35.000659 ], [ -83.619985, 34.986592 ], [ -85.605165, 34.984678 ] ] ] } },
{ "type": "Feature", "properties": { "statefp": "51", "statens": "01779803", "geoidfq": "0400000US51", "geoid": "51", "stusps": "VA", "name": "Virginia", "lsad": "00", "aland": 102256455003, "awater": 8529795937, "dist_miles": 911.10096974039175 }, "geometry": { "type": "MultiPolygon", "coordinates": [ [ [ [ -75.999658, 37.848198 ], [ -75.9983, 37.812626 ], [ -75.982158, 37.806226 ], [ -75.973607, 37.835817 ], [ -75.999658, 37.848198 ] ] ], [ [ [ -76.023664, 37.268971 ], [ -76.013071, 37.205366 ], [ -75.970004, 37.128861 ], [ -75.971876, 37.085376 ], [ -75.942399, 37.089607 ], [ -75.955122, 37.11975 ], [ -75.927789, 37.130268 ], [ -75.915786, 37.112169 ], [ -75.897298, 37.118037 ], [ -75.834692, 37.173261 ], [ -75.80138, 37.229936 ], [ -75.798448, 37.296285 ], [ -75.735829, 37.335426 ], [ -75.658379, 37.451815 ], [ -75.686306, 37.478604 ], [ -75.602168, 37.567107 ], [ -75.614527, 37.609296 ], [ -75.562951, 37.736469 ], [ -75.48927, 37.832457 ], [ -75.432076, 37.878594 ], [ -75.400092, 37.875498 ], [ -75.386056, 37.852424 ], [ -75.364777, 37.863166 ], [ -75.242469, 38.027028 ], [ -75.624449, 37.994195 ], [ -75.647606, 37.947027 ], [ -75.712065, 37.936082 ], [ -75.757694, 37.903912 ], [ -75.709626, 37.900622 ], [ -75.687584, 37.88634 ], [ -75.689837, 37.861817 ], [ -75.743097, 37.806656 ], [ -75.818125, 37.791698 ], [ -75.802976, 37.752915 ], [ -75.859262, 37.703111 ], [ -75.941182, 37.563839 ], [ -76.023664, 37.268971 ] ] ], [ [ [ -76.041527, 37.954011 ], [ -76.028235, 37.923965 ], [ -75.993905, 37.953489 ], [ -76.030122, 37.953655 ], [ -76.041527, 37.954011 ] ] ], [ [ [ -83.674614, 36.603082 ], [ -81.934144, 36.594213 ], [ -81.922644, 36.616213 ], [ -81.6469, 36.611918 ], [ -81.677535, 36.588117 ], [ -80.122183, 36.542646 ], [ -75.8683, 36.550394 ], [ -75.996252, 36.922047 ], [ -76.033454, 36.931946 ], [ -76.095508, 36.908817 ], [ -76.297663, 36.968147 ], [ -76.327365, 36.959447 ], [ -76.318059, 36.885189 ], [ -76.349433, 36.895168 ], [ -76.353765, 36.922747 ], [ -76.385867, 36.923247 ], [ -76.387567, 36.899547 ], [ -76.441605, 36.906116 ], [ -76.469914, 36.882898 ], [ -76.500355, 36.965212 ], [ -76.586491, 37.02874 ], [ -76.662558, 37.045748 ], [ -76.663774, 37.173875 ], [ -76.685614, 37.198851 ], [ -76.715295, 37.148035 ], [ -76.73728, 37.146164 ], [ -76.802511, 37.198308 ], [ -76.908455, 37.202667 ], [ -76.948386, 37.230869 ], [ -76.872209, 37.26275 ], [ -76.858424, 37.241385 ], [ -76.793537, 37.231248 ], [ -76.75047, 37.190098 ], [ -76.730951, 37.213813 ], [ -76.649869, 37.220914 ], [ -76.604476, 37.160034 ], [ -76.622252, 37.142146 ], [ -76.618252, 37.119347 ], [ -76.564219, 37.077507 ], [ -76.526203, 37.077773 ], [ -76.518242, 37.055351 ], [ -76.464471, 37.027547 ], [ -76.428869, 36.969947 ], [ -76.411768, 36.962847 ], [ -76.340666, 37.015246 ], [ -76.304272, 37.001378 ], [ -76.271329, 37.086606 ], [ -76.298549, 37.12983 ], [ -76.334017, 37.144223 ], [ -76.348658, 37.170655 ], [ -76.402237, 37.161985 ], [ -76.389793, 37.222981 ], [ -76.471799, 37.216016 ], [ -76.50364, 37.233856 ], [ -76.48284, 37.254831 ], [ -76.349489, 37.273963 ], [ -76.381075, 37.28534 ], [ -76.445333, 37.36646 ], [ -76.415167, 37.402133 ], [ -76.337476, 37.364014 ], [ -76.275552, 37.309964 ], [ -76.245283, 37.386839 ], [ -76.265056, 37.481365 ], [ -76.293599, 37.516499 ], [ -76.32947, 37.49492 ], [ -76.360474, 37.51924 ], [ -76.300144, 37.561734 ], [ -76.410781, 37.581815 ], [ -76.435474, 37.612807 ], [ -76.542666, 37.616857 ], [ -76.574049, 37.646781 ], [ -76.61971, 37.744795 ], [ -76.677002, 37.7561 ], [ -76.683775, 37.781391 ], [ -76.723863, 37.788503 ], [ -76.806325, 37.896597 ], [ -76.927423, 37.981793 ], [ -76.918272, 37.999026 ], [ -76.868003, 37.983666 ], [ -76.836629, 37.934193 ], [ -76.798482, 37.925194 ], [ -76.722156, 37.83668 ], [ -76.584289, 37.76889 ], [ -76.537228, 37.698892 ], [ -76.536548, 37.663574 ], [ -76.510187, 37.642324 ], [ -76.472392, 37.665772 ], [ -76.36232, 37.610368 ], [ -76.28037, 37.613715 ], [ -76.292534, 37.636098 ], [ -76.339892, 37.655966 ], [ -76.300067, 37.695364 ], [ -76.312858, 37.720338 ], [ -76.307482, 37.81235 ], [ -76.293525, 37.822717 ], [ -76.275178, 37.812664 ], [ -76.251358, 37.833072 ], [ -76.236725, 37.889174 ], [ -76.343848, 37.947345 ], [ -76.412932, 37.966324 ], [ -76.466088, 38.013298 ], [ -76.516547, 38.026566 ], [ -76.543155, 38.076971 ], [ -76.600937, 38.110084 ], [ -76.613939, 38.148587 ], [ -76.838795, 38.163476 ], [ -76.949101, 38.208542 ], [ -76.96215, 38.256486 ], [ -77.026304, 38.302685 ], [ -77.011827, 38.374554 ], [ -77.043526, 38.400548 ], [ -77.08481, 38.368297 ], [ -77.138224, 38.367917 ], [ -77.17934, 38.341915 ], [ -77.240072, 38.331598 ], [ -77.284121, 38.343411 ], [ -77.323371, 38.433327 ], [ -77.309498, 38.495264 ], [ -77.24636, 38.593433 ], [ -77.1302, 38.635017 ], [ -77.122001, 38.685816 ], [ -77.042298, 38.718515 ], [ -77.040599, 38.871212 ], [ -77.1034, 38.912911 ], [ -77.146601, 38.96421 ], [ -77.249803, 38.985909 ], [ -77.248403, 39.026909 ], [ -77.340287, 39.062991 ], [ -77.458202, 39.073723 ], [ -77.4858, 39.109303 ], [ -77.519929, 39.120925 ], [ -77.516426, 39.170891 ], [ -77.478596, 39.189168 ], [ -77.45768, 39.22502 ], [ -77.540581, 39.264947 ], [ -77.566596, 39.306121 ], [ -77.615939, 39.302722 ], [ -77.675846, 39.324192 ], [ -77.730047, 39.315666 ], [ -77.828157, 39.132329 ], [ -78.347087, 39.466012 ], [ -78.359918, 39.409028 ], [ -78.343214, 39.388807 ], [ -78.366867, 39.35929 ], [ -78.339284, 39.348605 ], [ -78.419422, 39.257476 ], [ -78.399669, 39.243874 ], [ -78.438651, 39.198049 ], [ -78.403697, 39.167451 ], [ -78.571901, 39.031995 ], [ -78.550467, 39.018065 ], [ -78.601655, 38.964603 ], [ -78.625672, 38.982575 ], [ -78.680456, 38.925313 ], [ -78.718647, 38.904561 ], [ -78.717076, 38.936028 ], [ -78.786025, 38.887187 ], [ -78.869276, 38.762991 ], [ -78.998171, 38.847353 ], [ -79.027253, 38.792113 ], [ -79.054954, 38.785713 ], [ -79.092755, 38.702315 ], [ -79.092955, 38.659517 ], [ -79.129757, 38.655017 ], [ -79.210591, 38.492913 ], [ -79.282971, 38.418095 ], [ -79.312276, 38.411876 ], [ -79.476638, 38.457228 ], [ -79.53687, 38.550917 ], [ -79.649075, 38.591515 ], [ -79.672974, 38.528717 ], [ -79.662074, 38.515517 ], [ -79.697572, 38.487223 ], [ -79.689675, 38.431439 ], [ -79.72635, 38.38707 ], [ -79.725597, 38.363828 ], [ -79.764432, 38.356514 ], [ -79.810154, 38.306707 ], [ -79.788945, 38.268703 ], [ -79.91441, 38.188418 ], [ -79.918662, 38.15479 ], [ -79.944843, 38.131585 ], [ -79.92633, 38.107151 ], [ -79.999384, 37.995842 ], [ -80.162202, 37.875122 ], [ -80.227092, 37.798886 ], [ -80.215658, 37.777481 ], [ -80.257411, 37.756084 ], [ -80.252227, 37.727261 ], [ -80.296138, 37.691783 ], [ -80.267455, 37.646108 ], [ -80.220984, 37.627767 ], [ -80.328504, 37.564315 ], [ -80.312393, 37.546239 ], [ -80.330306, 37.536244 ], [ -80.282385, 37.533517 ], [ -80.309331, 37.50288 ], [ -80.475601, 37.422949 ], [ -80.494867, 37.43507 ], [ -80.511391, 37.481672 ], [ -80.552036, 37.473563 ], [ -80.770082, 37.372363 ], [ -80.784188, 37.394587 ], [ -80.859556, 37.429568 ], [ -80.883248, 37.383933 ], [ -80.849451, 37.346909 ], [ -80.900535, 37.315 ], [ -80.966556, 37.292158 ], [ -80.979589, 37.302279 ], [ -81.112596, 37.278497 ], [ -81.225104, 37.234874 ], [ -81.362156, 37.337687 ], [ -81.394287, 37.316411 ], [ -81.416663, 37.273214 ], [ -81.480144, 37.251121 ], [ -81.498874, 37.258025 ], [ -81.507325, 37.2338 ], [ -81.5536, 37.208443 ], [ -81.67821, 37.201483 ], [ -81.744003, 37.242528 ], [ -81.757631, 37.274003 ], [ -81.849949, 37.285227 ], [ -81.860267, 37.315715 ], [ -81.925643, 37.357316 ], [ -81.935621, 37.438397 ], [ -81.995649, 37.469833 ], [ -81.926736, 37.51304 ], [ -81.968297, 37.537798 ], [ -82.350948, 37.267077 ], [ -82.498858, 37.227044 ], [ -82.722097, 37.120168 ], [ -82.722472, 37.045101 ], [ -82.867535, 36.977518 ], [ -82.857965, 36.929529 ], [ -82.878569, 36.889585 ], [ -83.009222, 36.847295 ], [ -83.07259, 36.854589 ], [ -83.131694, 36.781488 ], [ -83.136395, 36.743088 ], [ -83.311403, 36.710287 ], [ -83.423707, 36.667385 ], [ -83.529612, 36.666184 ], [ -83.674614, 36.603082 ] ] ] ] } },
{ "type": "Feature", "properties": { "statefp": "17", "statens": "01779784", "geoidfq": "0400000US17", "geoid": "17", "stusps": "IL", "name": "Illinois", "lsad": "00", "aland": 143779367883, "awater": 6215353468, "dist_miles": 1298.6331775227575 }, "geometry": { "type": "Polygon", "coordinates": [ [ [ -91.512974, 40.181062 ], [ -91.494878, 40.036453 ], [ -91.41936, 39.927717 ], [ -91.446385, 39.870394 ], [ -91.432919, 39.840554 ], [ -91.363444, 39.792804 ], [ -91.367753, 39.729029 ], [ -91.229317, 39.620853 ], [ -91.181936, 39.602677 ], [ -91.153628, 39.548248 ], [ -91.100307, 39.538695 ], [ -91.03827, 39.448436 ], [ -90.940766, 39.403984 ], [ -90.72996, 39.255894 ], [ -90.707902, 39.15086 ], [ -90.681086, 39.10059 ], [ -90.713629, 39.053977 ], [ -90.663372, 38.928042 ], [ -90.628485, 38.891617 ], [ -90.583388, 38.86903 ], [ -90.545872, 38.874008 ], [ -90.500117, 38.910408 ], [ -90.472122, 38.958838 ], [ -90.440078, 38.967364 ], [ -90.250248, 38.919344 ], [ -90.109407, 38.843548 ], [ -90.123107, 38.798048 ], [ -90.20991, 38.72605 ], [ -90.18111, 38.65955 ], [ -90.18451, 38.611551 ], [ -90.260314, 38.528352 ], [ -90.285215, 38.443453 ], [ -90.368219, 38.340254 ], [ -90.373929, 38.281853 ], [ -90.359559, 38.224525 ], [ -90.218708, 38.094365 ], [ -90.130788, 38.062341 ], [ -90.11052, 38.026547 ], [ -90.059367, 38.015543 ], [ -89.997103, 37.963225 ], [ -89.925085, 37.960021 ], [ -89.974918, 37.926719 ], [ -89.950594, 37.881526 ], [ -89.901832, 37.869822 ], [ -89.842649, 37.905196 ], [ -89.799333, 37.881517 ], [ -89.786369, 37.851734 ], [ -89.739873, 37.84693 ], [ -89.669644, 37.799922 ], [ -89.663352, 37.750052 ], [ -89.617278, 37.74972 ], [ -89.583316, 37.713261 ], [ -89.514255, 37.689923 ], [ -89.517718, 37.641217 ], [ -89.475932, 37.592998 ], [ -89.519808, 37.582748 ], [ -89.517051, 37.537278 ], [ -89.439769, 37.4372 ], [ -89.421054, 37.387668 ], [ -89.432836, 37.347056 ], [ -89.489005, 37.333368 ], [ -89.51834, 37.285497 ], [ -89.489915, 37.251315 ], [ -89.458827, 37.248661 ], [ -89.461862, 37.199517 ], [ -89.37871, 37.094586 ], [ -89.378277, 37.039605 ], [ -89.278628, 36.98867 ], [ -89.260003, 37.023288 ], [ -89.304752, 37.047565 ], [ -89.30829, 37.068371 ], [ -89.25493, 37.072014 ], [ -89.200793, 37.016164 ], [ -89.185491, 36.973518 ], [ -89.132915, 36.982057 ], [ -89.178975, 37.020928 ], [ -89.168087, 37.074218 ], [ -89.041263, 37.202881 ], [ -88.966831, 37.229891 ], [ -88.80572, 37.188595 ], [ -88.732105, 37.143956 ], [ -88.625889, 37.119458 ], [ -88.545403, 37.070003 ], [ -88.458948, 37.073796 ], [ -88.424403, 37.152428 ], [ -88.515939, 37.284043 ], [ -88.470224, 37.396255 ], [ -88.408808, 37.425216 ], [ -88.365471, 37.401663 ], [ -88.281667, 37.452596 ], [ -88.064234, 37.484548 ], [ -88.069018, 37.525297 ], [ -88.133393, 37.574235 ], [ -88.160187, 37.657592 ], [ -88.122412, 37.709685 ], [ -88.059588, 37.742608 ], [ -88.02803, 37.799224 ], [ -88.083204, 37.810897 ], [ -88.083671, 37.830175 ], [ -88.026382, 37.831107 ], [ -88.067364, 37.856051 ], [ -88.097892, 37.901517 ], [ -88.013355, 37.894854 ], [ -88.02006, 37.9129 ], [ -88.068948, 37.928565 ], [ -88.012929, 37.966544 ], [ -88.023331, 38.015445 ], [ -88.007631, 38.029145 ], [ -88.041845, 38.038181 ], [ -87.967226, 38.067105 ], [ -87.956878, 38.088284 ], [ -87.96221, 38.100054 ], [ -88.004697, 38.083965 ], [ -88.016729, 38.097257 ], [ -87.9255, 38.146251 ], [ -87.984234, 38.20996 ], [ -87.987103, 38.257731 ], [ -87.960225, 38.237118 ], [ -87.937329, 38.292431 ], [ -87.909338, 38.29572 ], [ -87.919292, 38.275908 ], [ -87.908542, 38.268581 ], [ -87.868886, 38.312277 ], [ -87.863068, 38.280267 ], [ -87.840984, 38.280105 ], [ -87.822721, 38.346912 ], [ -87.745254, 38.408996 ], [ -87.730134, 38.446518 ], [ -87.739522, 38.475069 ], [ -87.654166, 38.511911 ], [ -87.660732, 38.541092 ], [ -87.62389, 38.593984 ], [ -87.62012, 38.639489 ], [ -87.593678, 38.667402 ], [ -87.531231, 38.684036 ], [ -87.496494, 38.742728 ], [ -87.525893, 38.848795 ], [ -87.553384, 38.863344 ], [ -87.512187, 38.954417 ], [ -87.578319, 38.988786 ], [ -87.572588, 39.057286 ], [ -87.630376, 39.104305 ], [ -87.64599, 39.1449 ], [ -87.640435, 39.166727 ], [ -87.574558, 39.218404 ], [ -87.61005, 39.282232 ], [ -87.589084, 39.333831 ], [ -87.531646, 39.347888 ], [ -87.524141, 41.72399 ], [ -87.60945, 41.845233 ], [ -87.611659, 41.892216 ], [ -87.671462, 42.058334 ], [ -87.741662, 42.128227 ], [ -87.828569, 42.269922 ], [ -87.834769, 42.301522 ], [ -87.80537, 42.384721 ], [ -87.800477, 42.49192 ], [ -90.642843, 42.508481 ], [ -90.656527, 42.489203 ], [ -90.646727, 42.471904 ], [ -90.477279, 42.383794 ], [ -90.419027, 42.328505 ], [ -90.430884, 42.27823 ], [ -90.391108, 42.225473 ], [ -90.216107, 42.15673 ], [ -90.201404, 42.130937 ], [ -90.162895, 42.116718 ], [ -90.164485, 42.042105 ], [ -90.140061, 42.003252 ], [ -90.164135, 41.956178 ], [ -90.153584, 41.906614 ], [ -90.181901, 41.843216 ], [ -90.180954, 41.809354 ], [ -90.310708, 41.742214 ], [ -90.313435, 41.698082 ], [ -90.343452, 41.646959 ], [ -90.343228, 41.587833 ], [ -90.41283, 41.565333 ], [ -90.461432, 41.523533 ], [ -90.556235, 41.524232 ], [ -90.655839, 41.462132 ], [ -90.846558, 41.455141 ], [ -90.930016, 41.421404 ], [ -90.979815, 41.434321 ], [ -91.04589, 41.414085 ], [ -91.074841, 41.305578 ], [ -91.113648, 41.241401 ], [ -91.041536, 41.166138 ], [ -90.99496, 41.160624 ], [ -90.946627, 41.096632 ], [ -90.942253, 41.034702 ], [ -90.962916, 40.924957 ], [ -91.009536, 40.900565 ], [ -91.092993, 40.821079 ], [ -91.123928, 40.669152 ], [ -91.18698, 40.637297 ], [ -91.253074, 40.637962 ], [ -91.339719, 40.613488 ], [ -91.405241, 40.554641 ], [ -91.364211, 40.500043 ], [ -91.381769, 40.442555 ], [ -91.372921, 40.399108 ], [ -91.46214, 40.342414 ], [ -91.505828, 40.238839 ], [ -91.512974, 40.181062 ] ] ] } },
{ "type": "Feature", "properties": { "statefp": "45", "statens": "01779799", "geoidfq": "0400000US45", "geoid": "45", "stusps": "SC", "name": "South Carolina", "lsad": "00", "aland": 77865991519, "awater": 5074452542, "dist_miles": 601.59347802529396 }, "geometry": { "type": "Polygon", "coordinates": [ [ [ -83.353238, 34.728648 ], [ -83.33869, 34.682002 ], [ -83.23178, 34.611297 ], [ -83.169994, 34.605444 ], [ -83.102179, 34.532179 ], [ -83.078113, 34.524837 ], [ -83.087189, 34.515939 ], [ -83.034712, 34.483495 ], [ -82.876864, 34.475303 ], [ -82.835004, 34.366069 ], [ -82.794054, 34.339772 ], [ -82.780308, 34.296701 ], [ -82.746656, 34.266407 ], [ -82.717507, 34.150504 ], [ -82.641553, 34.092212 ], [ -82.64398, 34.072237 ], [ -82.594555, 34.028717 ], [ -82.556835, 33.945353 ], [ -82.524515, 33.94336 ], [ -82.455105, 33.88165 ], [ -82.32448, 33.820033 ], [ -82.298286, 33.783518 ], [ -82.247472, 33.752591 ], [ -82.234576, 33.700216 ], [ -82.200718, 33.66464 ], [ -82.186154, 33.62088 ], [ -82.046335, 33.56383 ], [ -81.985938, 33.486536 ], [ -81.926336, 33.462937 ], [ -81.913356, 33.437418 ], [ -81.936961, 33.404197 ], [ -81.924837, 33.37414 ], [ -81.946337, 33.37064 ], [ -81.939737, 33.344941 ], [ -81.884137, 33.310443 ], [ -81.847296, 33.306783 ], [ -81.863236, 33.288844 ], [ -81.838257, 33.272975 ], [ -81.852136, 33.247544 ], [ -81.805236, 33.211447 ], [ -81.768935, 33.217447 ], [ -81.756935, 33.197848 ], [ -81.772435, 33.180449 ], [ -81.743835, 33.14145 ], [ -81.646433, 33.094552 ], [ -81.612725, 33.093953 ], [ -81.599248, 33.071813 ], [ -81.492253, 33.009342 ], [ -81.502427, 32.935353 ], [ -81.464069, 32.897814 ], [ -81.479445, 32.881082 ], [ -81.45392, 32.874074 ], [ -81.453949, 32.849761 ], [ -81.426475, 32.840773 ], [ -81.417984, 32.818196 ], [ -81.429017, 32.785505 ], [ -81.410281, 32.744653 ], [ -81.427517, 32.701896 ], [ -81.40831, 32.694908 ], [ -81.407193, 32.660519 ], [ -81.393033, 32.651543 ], [ -81.41866, 32.629392 ], [ -81.366964, 32.577059 ], [ -81.281324, 32.556464 ], [ -81.277131, 32.535417 ], [ -81.23466, 32.51627 ], [ -81.233585, 32.498488 ], [ -81.186829, 32.464086 ], [ -81.20513, 32.423788 ], [ -81.170126, 32.361318 ], [ -81.133632, 32.341293 ], [ -81.122333, 32.305395 ], [ -81.119633, 32.287596 ], [ -81.156587, 32.24391 ], [ -81.118234, 32.189201 ], [ -81.129634, 32.165602 ], [ -81.117234, 32.117605 ], [ -81.050234, 32.085308 ], [ -81.002297, 32.100048 ], [ -80.917845, 32.037575 ], [ -80.891933, 32.033884 ], [ -80.904053, 32.055938 ], [ -80.846222, 32.113776 ], [ -80.81693, 32.109172 ], [ -80.736556, 32.148087 ], [ -80.670891, 32.217161 ], [ -80.717796, 32.266974 ], [ -80.761257, 32.280044 ], [ -80.766038, 32.292608 ], [ -80.733637, 32.319469 ], [ -80.714601, 32.325656 ], [ -80.644794, 32.291497 ], [ -80.633435, 32.25642 ], [ -80.455192, 32.326458 ], [ -80.429941, 32.401782 ], [ -80.457502, 32.410264 ], [ -80.480156, 32.447048 ], [ -80.472068, 32.496964 ], [ -80.423454, 32.497989 ], [ -80.413487, 32.470672 ], [ -80.356708, 32.501517 ], [ -80.332438, 32.478104 ], [ -80.251422, 32.534035 ], [ -80.108861, 32.596278 ], [ -80.005907, 32.610999 ], [ -79.884961, 32.684402 ], [ -79.868352, 32.734849 ], [ -79.879109, 32.750834 ], [ -79.928546, 32.754233 ], [ -79.923198, 32.781813 ], [ -79.886001, 32.787907 ], [ -79.848527, 32.755248 ], [ -79.726389, 32.805996 ], [ -79.695953, 32.852298 ], [ -79.58158, 32.907739 ], [ -79.573784, 32.92346 ], [ -79.607399, 32.925842 ], [ -79.617611, 32.952726 ], [ -79.55756, 33.021269 ], [ -79.522449, 33.03535 ], [ -79.466451, 33.011514 ], [ -79.366562, 33.011168 ], [ -79.329909, 33.089986 ], [ -79.248613, 33.125885 ], [ -79.194265, 33.172572 ], [ -79.135441, 33.403867 ], [ -79.084588, 33.483669 ], [ -78.939093, 33.640129 ], [ -78.763387, 33.774765 ], [ -78.662302, 33.821327 ], [ -78.542422, 33.852284 ], [ -79.675299, 34.804744 ], [ -80.797543, 34.819786 ], [ -80.782042, 34.935782 ], [ -80.93495, 35.107409 ], [ -81.041489, 35.044703 ], [ -81.058029, 35.07319 ], [ -81.032806, 35.108049 ], [ -81.051037, 35.131654 ], [ -81.043625, 35.149877 ], [ -82.27492, 35.200071 ], [ -82.371298, 35.181449 ], [ -82.39293, 35.215402 ], [ -82.439595, 35.165863 ], [ -82.460092, 35.178143 ], [ -82.662381, 35.118123 ], [ -82.683625, 35.125833 ], [ -82.694898, 35.098456 ], [ -82.72701, 35.094142 ], [ -82.757704, 35.068019 ], [ -82.777376, 35.064143 ], [ -82.787867, 35.085024 ], [ -83.108606, 35.000659 ], [ -83.121112, 34.939129 ], [ -83.205627, 34.880142 ], [ -83.239081, 34.875661 ], [ -83.267656, 34.845289 ], [ -83.268159, 34.821393 ], [ -83.289914, 34.824477 ], [ -83.323866, 34.789712 ], [ -83.320062, 34.759616 ], [ -83.353238, 34.728648 ] ] ] } },
{ "type": "Feature", "properties": { "statefp": "01", "statens": "01779775", "geoidfq": "0400000US01", "geoid": "01", "stusps": "AL", "name": "Alabama", "lsad": "00", "aland": 131186429591, "awater": 4580729056, "dist_miles": 688.90514246940472 }, "geometry": { "type": "MultiPolygon", "coordinates": [ [ [ [ -88.024729, 30.516399 ], [ -88.05325, 30.506161 ], [ -88.025917, 30.490801 ], [ -88.024729, 30.516399 ] ] ], [ [ [ -88.261329, 30.372263 ], [ -88.273213, 30.333294 ], [ -88.257764, 30.318933 ], [ -88.250633, 30.367136 ], [ -88.261329, 30.372263 ] ] ], [ [ [ -88.330758, 30.235026 ], [ -88.324659, 30.22317 ], [ -88.279426, 30.222291 ], [ -88.166597, 30.241173 ], [ -88.107331, 30.225076 ], [ -88.074854, 30.249119 ], [ -88.124658, 30.28364 ], [ -88.130631, 30.262125 ], [ -88.330758, 30.235026 ] ] ], [ [ [ -88.473227, 31.893856 ], [ -88.395023, 30.369425 ], [ -88.364022, 30.388006 ], [ -88.332277, 30.38844 ], [ -88.311608, 30.368908 ], [ -88.260695, 30.382381 ], [ -88.200065, 30.362378 ], [ -88.191542, 30.317002 ], [ -88.136173, 30.320729 ], [ -88.107274, 30.377246 ], [ -88.103768, 30.500903 ], [ -88.053998, 30.612491 ], [ -88.061998, 30.644891 ], [ -88.008396, 30.684956 ], [ -87.936717, 30.657432 ], [ -87.901711, 30.550879 ], [ -87.933355, 30.487357 ], [ -87.908908, 30.41424 ], [ -87.845132, 30.377446 ], [ -87.755263, 30.277292 ], [ -87.78775, 30.254244 ], [ -87.879343, 30.23859 ], [ -87.936041, 30.261469 ], [ -87.966847, 30.235618 ], [ -88.028401, 30.221132 ], [ -87.80056, 30.229365 ], [ -87.518324, 30.280435 ], [ -87.466903, 30.302264 ], [ -87.496163, 30.317992 ], [ -87.452282, 30.344097 ], [ -87.429584, 30.406493 ], [ -87.368201, 30.433402 ], [ -87.370778, 30.446859 ], [ -87.425086, 30.465589 ], [ -87.447709, 30.510448 ], [ -87.395038, 30.615267 ], [ -87.40697, 30.675148 ], [ -87.532615, 30.743467 ], [ -87.545052, 30.778642 ], [ -87.634943, 30.865857 ], [ -87.592064, 30.95146 ], [ -87.598937, 30.997422 ], [ -85.002499, 31.000682 ], [ -85.035615, 31.108192 ], [ -85.107516, 31.186451 ], [ -85.098844, 31.232524 ], [ -85.114548, 31.276302 ], [ -85.089774, 31.295026 ], [ -85.092487, 31.362881 ], [ -85.041881, 31.544684 ], [ -85.062157, 31.622908 ], [ -85.12553, 31.694965 ], [ -85.11893, 31.732664 ], [ -85.141831, 31.839261 ], [ -85.053815, 32.013502 ], [ -85.058749, 32.136018 ], [ -85.011267, 32.180493 ], [ -84.961728, 32.19865 ], [ -84.979329, 32.207251 ], [ -84.967428, 32.219351 ], [ -84.925027, 32.22215 ], [ -84.889431, 32.261941 ], [ -84.9338, 32.29826 ], [ -85.001874, 32.322015 ], [ -85.008096, 32.336677 ], [ -84.96343, 32.422544 ], [ -84.995331, 32.453243 ], [ -85.0071, 32.523868 ], [ -85.067663, 32.58001 ], [ -85.105337, 32.644835 ], [ -85.088533, 32.657958 ], [ -85.114737, 32.685634 ], [ -85.11425, 32.730447 ], [ -85.138879, 32.760062 ], [ -85.122189, 32.773353 ], [ -85.167939, 32.811612 ], [ -85.153497, 32.842781 ], [ -85.1844, 32.861317 ], [ -85.605165, 34.984678 ], [ -88.202959, 35.008028 ], [ -88.154617, 34.922392 ], [ -88.097888, 34.892202 ], [ -88.473227, 31.893856 ] ] ] ] } },
{ "type": "Feature", "properties": { "statefp": "19", "statens": "01779785", "geoidfq": "0400000US19", "geoid": "19", "stusps": "IA", "name": "Iowa", "lsad": "00", "aland": 144660389024, "awater": 1085298995, "dist_miles": 1611.6237278441956 }, "geometry": { "type": "Polygon", "coordinates": [ [ [ -96.639704, 42.737071 ], [ -96.624704, 42.725497 ], [ -96.630617, 42.70588 ], [ -96.575299, 42.682665 ], [ -96.516338, 42.630435 ], [ -96.485796, 42.575001 ], [ -96.498997, 42.560832 ], [ -96.476952, 42.556079 ], [ -96.490089, 42.512441 ], [ -96.386007, 42.474495 ], [ -96.380707, 42.446394 ], [ -96.413609, 42.407894 ], [ -96.417786, 42.351449 ], [ -96.328905, 42.254734 ], [ -96.323723, 42.229887 ], [ -96.35987, 42.210545 ], [ -96.349688, 42.172043 ], [ -96.2689, 42.11359 ], [ -96.271427, 42.044988 ], [ -96.223822, 42.033346 ], [ -96.236487, 41.996428 ], [ -96.194556, 42.008662 ], [ -96.186265, 41.977417 ], [ -96.129505, 41.971673 ], [ -96.144583, 41.941544 ], [ -96.136743, 41.920826 ], [ -96.161756, 41.90182 ], [ -96.110246, 41.84885 ], [ -96.107592, 41.820685 ], [ -96.064537, 41.793002 ], [ -96.106425, 41.73789 ], [ -96.073063, 41.705004 ], [ -96.121401, 41.688522 ], [ -96.095046, 41.647365 ], [ -96.117558, 41.609999 ], [ -96.081152, 41.577289 ], [ -96.09409, 41.539265 ], [ -96.040701, 41.507076 ], [ -96.027289, 41.541081 ], [ -96.005079, 41.544004 ], [ -95.992599, 41.514174 ], [ -96.019224, 41.489296 ], [ -96.011757, 41.476212 ], [ -95.922529, 41.455766 ], [ -95.93749, 41.393095 ], [ -95.92879, 41.370096 ], [ -95.956691, 41.345496 ], [ -95.92569, 41.322197 ], [ -95.883089, 41.316697 ], [ -95.871489, 41.295797 ], [ -95.890152, 41.278308 ], [ -95.90589, 41.300897 ], [ -95.927491, 41.298397 ], [ -95.910891, 41.233998 ], [ -95.92599, 41.195698 ], [ -95.841288, 41.174998 ], [ -95.883489, 41.154898 ], [ -95.862587, 41.088399 ], [ -95.882415, 41.060411 ], [ -95.859654, 41.035695 ], [ -95.867286, 41.001599 ], [ -95.829074, 40.975688 ], [ -95.839743, 40.93278 ], [ -95.809474, 40.891228 ], [ -95.84859, 40.861061 ], [ -95.835232, 40.779151 ], [ -95.888907, 40.731855 ], [ -95.842801, 40.677496 ], [ -95.776251, 40.647463 ], [ -95.748626, 40.603355 ], [ -95.765645, 40.585208 ], [ -94.294813, 40.571341 ], [ -91.729115, 40.61364 ], [ -91.686357, 40.580875 ], [ -91.6887, 40.55739 ], [ -91.620071, 40.540817 ], [ -91.621353, 40.510072 ], [ -91.574746, 40.465664 ], [ -91.52509, 40.457845 ], [ -91.524612, 40.410765 ], [ -91.488481, 40.404317 ], [ -91.484507, 40.3839 ], [ -91.38836, 40.384929 ], [ -91.372921, 40.399108 ], [ -91.381769, 40.442555 ], [ -91.364211, 40.500043 ], [ -91.405241, 40.554641 ], [ -91.339719, 40.613488 ], [ -91.253074, 40.637962 ], [ -91.18698, 40.637297 ], [ -91.123928, 40.669152 ], [ -91.092993, 40.821079 ], [ -91.009536, 40.900565 ], [ -90.965344, 40.921633 ], [ -90.952233, 40.954047 ], [ -90.946627, 41.096632 ], [ -90.99496, 41.160624 ], [ -91.041536, 41.166138 ], [ -91.113648, 41.241401 ], [ -91.074841, 41.305578 ], [ -91.04589, 41.414085 ], [ -90.979815, 41.434321 ], [ -90.930016, 41.421404 ], [ -90.846558, 41.455141 ], [ -90.655839, 41.462132 ], [ -90.591037, 41.512832 ], [ -90.461432, 41.523533 ], [ -90.41283, 41.565333 ], [ -90.343228, 41.587833 ], [ -90.343452, 41.646959 ], [ -90.313435, 41.698082 ], [ -90.310708, 41.742214 ], [ -90.181973, 41.80707 ], [ -90.153584, 41.906614 ], [ -90.164135, 41.956178 ], [ -90.140613, 41.995999 ], [ -90.164485, 42.042105 ], [ -90.167533, 42.122475 ], [ -90.197342, 42.128163 ], [ -90.234919, 42.165431 ], [ -90.391108, 42.225473 ], [ -90.430884, 42.27823 ], [ -90.415937, 42.322699 ], [ -90.443874, 42.355218 ], [ -90.555018, 42.416138 ], [ -90.567968, 42.440389 ], [ -90.654027, 42.478503 ], [ -90.636927, 42.513202 ], [ -90.643927, 42.540401 ], [ -90.706303, 42.634169 ], [ -90.949213, 42.685573 ], [ -91.06468, 42.750914 ], [ -91.100565, 42.883078 ], [ -91.14556, 42.90798 ], [ -91.14543, 42.958211 ], [ -91.179457, 43.067427 ], [ -91.175253, 43.134665 ], [ -91.057918, 43.255366 ], [ -91.107237, 43.313645 ], [ -91.20662, 43.352524 ], [ -91.200359, 43.412701 ], [ -91.233367, 43.455168 ], [ -91.217706, 43.50055 ], [ -96.598928, 43.500457 ], [ -96.580997, 43.481384 ], [ -96.60286, 43.450907 ], [ -96.594254, 43.434153 ], [ -96.521572, 43.38564 ], [ -96.530392, 43.300034 ], [ -96.580346, 43.298204 ], [ -96.58522, 43.268878 ], [ -96.553217, 43.259141 ], [ -96.571194, 43.238961 ], [ -96.56044, 43.224219 ], [ -96.475571, 43.221054 ], [ -96.466537, 43.150281 ], [ -96.436589, 43.120842 ], [ -96.462855, 43.091419 ], [ -96.46085, 43.064033 ], [ -96.518431, 43.042068 ], [ -96.49167, 43.009707 ], [ -96.520773, 42.980385 ], [ -96.500308, 42.959391 ], [ -96.541689, 42.922576 ], [ -96.526357, 42.891852 ], [ -96.540116, 42.889678 ], [ -96.552184, 42.841864 ], [ -96.581604, 42.837521 ], [ -96.595283, 42.792982 ], [ -96.632142, 42.770863 ], [ -96.639704, 42.737071 ] ] ] } },
{ "type": "Feature", "properties": { "statefp": "29", "statens": "01779791", "geoidfq": "0400000US29", "geoid": "29", "stusps": "MO", "name": "Missouri", "lsad": "00", "aland": 178052192662, "awater": 2487934091, "dist_miles": 1304.3542049883392 }, "geometry": { "type": "Polygon", "coordinates": [ [ [ -95.773549, 40.578205 ], [ -95.75711, 40.52599 ], [ -95.708591, 40.521551 ], [ -95.678718, 40.56256 ], [ -95.655848, 40.546609 ], [ -95.661687, 40.517309 ], [ -95.699969, 40.505275 ], [ -95.694651, 40.471452 ], [ -95.65819, 40.44188 ], [ -95.659134, 40.40869 ], [ -95.623728, 40.346567 ], [ -95.657328, 40.310856 ], [ -95.562157, 40.297359 ], [ -95.552473, 40.261904 ], [ -95.477501, 40.24272 ], [ -95.479193, 40.185652 ], [ -95.393347, 40.119212 ], [ -95.42164, 40.058952 ], [ -95.40726, 40.033112 ], [ -95.315271, 40.01207 ], [ -95.302507, 39.984357 ], [ -95.250254, 39.948644 ], [ -95.204428, 39.938949 ], [ -95.201935, 39.904053 ], [ -95.149657, 39.905948 ], [ -95.128166, 39.874165 ], [ -95.037767, 39.865542 ], [ -95.00844, 39.900596 ], [ -94.929574, 39.888754 ], [ -94.939767, 39.85193 ], [ -94.886933, 39.833098 ], [ -94.875944, 39.813294 ], [ -94.884084, 39.794234 ], [ -94.935302, 39.77561 ], [ -94.912293, 39.759338 ], [ -94.869644, 39.772894 ], [ -94.862943, 39.742994 ], [ -94.899316, 39.724042 ], [ -94.948726, 39.745593 ], [ -94.965318, 39.739065 ], [ -94.971317, 39.68641 ], [ -95.027644, 39.665454 ], [ -95.054925, 39.624995 ], [ -95.049277, 39.589583 ], [ -95.103228, 39.577783 ], [ -95.109304, 39.542285 ], [ -95.052177, 39.499996 ], [ -95.0375, 39.463689 ], [ -94.982144, 39.440552 ], [ -94.942039, 39.389499 ], [ -94.885026, 39.389801 ], [ -94.88136, 39.370383 ], [ -94.910017, 39.352543 ], [ -94.905329, 39.311952 ], [ -94.831471, 39.256273 ], [ -94.823791, 39.209874 ], [ -94.781518, 39.206146 ], [ -94.741938, 39.170203 ], [ -94.680336, 39.184303 ], [ -94.663835, 39.179103 ], [ -94.662435, 39.157603 ], [ -94.591933, 39.155003 ], [ -94.607354, 39.113444 ], [ -94.617919, 36.499414 ], [ -90.152481, 36.497952 ], [ -90.160167, 36.481344 ], [ -90.142269, 36.472138 ], [ -90.134136, 36.436602 ], [ -90.143743, 36.424433 ], [ -90.066136, 36.386272 ], [ -90.079981, 36.318619 ], [ -90.06398, 36.303038 ], [ -90.083731, 36.272332 ], [ -90.114922, 36.265595 ], [ -90.126366, 36.229367 ], [ -90.220425, 36.184764 ], [ -90.235585, 36.139474 ], [ -90.319168, 36.089976 ], [ -90.37789, 35.995683 ], [ -89.706932, 36.000981 ], [ -89.678821, 36.084636 ], [ -89.601936, 36.11947 ], [ -89.591605, 36.144096 ], [ -89.607004, 36.171179 ], [ -89.703511, 36.243412 ], [ -89.602374, 36.238106 ], [ -89.534745, 36.252576 ], [ -89.539487, 36.277368 ], [ -89.620255, 36.323006 ], [ -89.605668, 36.342234 ], [ -89.531822, 36.339246 ], [ -89.509722, 36.373626 ], [ -89.545255, 36.427079 ], [ -89.519501, 36.475419 ], [ -89.570071, 36.544387 ], [ -89.563185, 36.568749 ], [ -89.527583, 36.581147 ], [ -89.479093, 36.568206 ], [ -89.465888, 36.529946 ], [ -89.494074, 36.473225 ], [ -89.464153, 36.457189 ], [ -89.41977, 36.493896 ], [ -89.365548, 36.625059 ], [ -89.326731, 36.632186 ], [ -89.27171, 36.571387 ], [ -89.236542, 36.566824 ], [ -89.15908, 36.666352 ], [ -89.199798, 36.734217 ], [ -89.169106, 36.759473 ], [ -89.119198, 36.759802 ], [ -89.12353, 36.785309 ], [ -89.171069, 36.798119 ], [ -89.178888, 36.831368 ], [ -89.131944, 36.857437 ], [ -89.099594, 36.964543 ], [ -89.125069, 36.983499 ], [ -89.185491, 36.973518 ], [ -89.200793, 37.016164 ], [ -89.25493, 37.072014 ], [ -89.30829, 37.068371 ], [ -89.304752, 37.047565 ], [ -89.260003, 37.023288 ], [ -89.278628, 36.98867 ], [ -89.383937, 37.046441 ], [ -89.37871, 37.094586 ], [ -89.456105, 37.18812 ], [ -89.467631, 37.2182 ], [ -89.458827, 37.248661 ], [ -89.489915, 37.251315 ], [ -89.51834, 37.285497 ], [ -89.489005, 37.333368 ], [ -89.432836, 37.347056 ], [ -89.421054, 37.387668 ], [ -89.439769, 37.4372 ], [ -89.517051, 37.537278 ], [ -89.519808, 37.582748 ], [ -89.475932, 37.592998 ], [ -89.517718, 37.641217 ], [ -89.514255, 37.689923 ], [ -89.583316, 37.713261 ], [ -89.617278, 37.74972 ], [ -89.663352, 37.750052 ], [ -89.669644, 37.799922 ], [ -89.739873, 37.84693 ], [ -89.786369, 37.851734 ], [ -89.799333, 37.881517 ], [ -89.842649, 37.905196 ], [ -89.901832, 37.869822 ], [ -89.950594, 37.881526 ], [ -89.974918, 37.926719 ], [ -89.925085, 37.960021 ], [ -89.997103, 37.963225 ], [ -90.059367, 38.015543 ], [ -90.11052, 38.026547 ], [ -90.130788, 38.062341 ], [ -90.218708, 38.094365 ], [ -90.359559, 38.224525 ], [ -90.373929, 38.281853 ], [ -90.368219, 38.340254 ], [ -90.285215, 38.443453 ], [ -90.260314, 38.528352 ], [ -90.18451, 38.611551 ], [ -90.18111, 38.65955 ], [ -90.20991, 38.72605 ], [ -90.123107, 38.798048 ], [ -90.109407, 38.843548 ], [ -90.250248, 38.919344 ], [ -90.440078, 38.967364 ], [ -90.472122, 38.958838 ], [ -90.500117, 38.910408 ], [ -90.555693, 38.870785 ], [ -90.625122, 38.888654 ], [ -90.657254, 38.92027 ], [ -90.713629, 39.053977 ], [ -90.681086, 39.10059 ], [ -90.707902, 39.15086 ], [ -90.72996, 39.255894 ], [ -90.940766, 39.403984 ], [ -91.03827, 39.448436 ], [ -91.100307, 39.538695 ], [ -91.153628, 39.548248 ], [ -91.181936, 39.602677 ], [ -91.229317, 39.620853 ], [ -91.370009, 39.732524 ], [ -91.361571, 39.787548 ], [ -91.436051, 39.84551 ], [ -91.446922, 39.883034 ], [ -91.41936, 39.927717 ], [ -91.494878, 40.036453 ], [ -91.510322, 40.127994 ], [ -91.492727, 40.278217 ], [ -91.46214, 40.342414 ], [ -91.419422, 40.378264 ], [ -91.484507, 40.3839 ], [ -91.488481, 40.404317 ], [ -91.524612, 40.410765 ], [ -91.52509, 40.457845 ], [ -91.574746, 40.465664 ], [ -91.621353, 40.510072 ], [ -91.620071, 40.540817 ], [ -91.6887, 40.55739 ], [ -91.686357, 40.580875 ], [ -91.729115, 40.61364 ], [ -94.089194, 40.572806 ], [ -95.773549, 40.578205 ] ] ] } },
{ "type": "Feature", "properties": { "statefp": "38", "statens": "01779797", "geoidfq": "0400000US38", "geoid": "38", "stusps": "ND", "name": "North Dakota", "lsad": "00", "aland": 178694402328, "awater": 4414688315, "dist_miles": 2319.8930021841406 }, "geometry": { "type": "Polygon", "coordinates": [ [ [ -104.048689, 48.999593 ], [ -104.045443, 45.94531 ], [ -96.562525, 45.937087 ], [ -96.57794, 46.026874 ], [ -96.554507, 46.083978 ], [ -96.59755, 46.227733 ], [ -96.599761, 46.330386 ], [ -96.644335, 46.351908 ], [ -96.718074, 46.438255 ], [ -96.746442, 46.574078 ], [ -96.798823, 46.658071 ], [ -96.779252, 46.727429 ], [ -96.802544, 46.811521 ], [ -96.779347, 46.842144 ], [ -96.781358, 46.879363 ], [ -96.768458, 46.879563 ], [ -96.776558, 46.895663 ], [ -96.759528, 46.925769 ], [ -96.791048, 46.929876 ], [ -96.834603, 47.007721 ], [ -96.817984, 47.026538 ], [ -96.817984, 47.106007 ], [ -96.838806, 47.197894 ], [ -96.835845, 47.335914 ], [ -96.853754, 47.373405 ], [ -96.840717, 47.391314 ], [ -96.864261, 47.419539 ], [ -96.855421, 47.60875 ], [ -96.879496, 47.620576 ], [ -96.885573, 47.663443 ], [ -96.939179, 47.768397 ], [ -96.980579, 47.805614 ], [ -97.001556, 47.867377 ], [ -97.023156, 47.873978 ], [ -97.017754, 47.919778 ], [ -97.054554, 47.946279 ], [ -97.072257, 48.048068 ], [ -97.104483, 48.072428 ], [ -97.10395, 48.096184 ], [ -97.142133, 48.144981 ], [ -97.141254, 48.234668 ], [ -97.11657, 48.279661 ], [ -97.147748, 48.359905 ], [ -97.132746, 48.459942 ], [ -97.148874, 48.534282 ], [ -97.163105, 48.543855 ], [ -97.137504, 48.612268 ], [ -97.108466, 48.632658 ], [ -97.097337, 48.685186 ], [ -97.135588, 48.726403 ], [ -97.180028, 48.81845 ], [ -97.175618, 48.853105 ], [ -97.238882, 48.966573 ], [ -97.228722, 49.000562 ], [ -104.048689, 48.999593 ] ] ] } },
{ "type": "Feature", "properties": { "statefp": "10", "statens": "01779781", "geoidfq": "0400000US10", "geoid": "10", "stusps": "DE", "name": "Delaware", "lsad": "00", "aland": 5046707808, "awater": 1399203452, "dist_miles": 1083.6027975305835 }, "geometry": { "type": "MultiPolygon", "coordinates": [ [ [ [ -75.572191, 39.629523 ], [ -75.571496, 39.607683 ], [ -75.55587, 39.605824 ], [ -75.558269, 39.629885 ], [ -75.572191, 39.629523 ] ] ], [ [ [ -75.788596, 39.722199 ], [ -75.693721, 38.460128 ], [ -75.048939, 38.451263 ], [ -75.089473, 38.797198 ], [ -75.134022, 38.782242 ], [ -75.190552, 38.806861 ], [ -75.304078, 38.91316 ], [ -75.318354, 38.988191 ], [ -75.402035, 39.066885 ], [ -75.402964, 39.254626 ], [ -75.439027, 39.313384 ], [ -75.491688, 39.343963 ], [ -75.538512, 39.416502 ], [ -75.589901, 39.462022 ], [ -75.564812, 39.563212 ], [ -75.612548, 39.596912 ], [ -75.613377, 39.620288 ], [ -75.529744, 39.692613 ], [ -75.509742, 39.686113 ], [ -75.47764, 39.715013 ], [ -75.450688, 39.775064 ], [ -75.405414, 39.796396 ], [ -75.518405, 39.836432 ], [ -75.641523, 39.828616 ], [ -75.744536, 39.768206 ], [ -75.773786, 39.7222 ], [ -75.788596, 39.722199 ] ] ] ] } },
{ "type": "Feature", "properties": { "statefp": "06", "statens": "01779778", "geoidfq": "0400000US06", "geoid": "06", "stusps": "CA", "name": "California", "lsad": "00", "aland": 403676564152, "awater": 20288505023, "dist_miles": 2880.4843469218376 }, "geometry": { "type": "MultiPolygon", "coordinates": [ [ [ [ -118.603308, 33.477316 ], [ -118.563442, 33.434381 ], [ -118.48875, 33.419826 ], [ -118.478465, 33.38632 ], [ -118.48877, 33.356649 ], [ -118.465368, 33.326056 ], [ -118.374768, 33.320065 ], [ -118.325244, 33.299075 ], [ -118.305084, 33.310323 ], [ -118.370323, 33.409285 ], [ -118.54453, 33.474119 ], [ -118.603308, 33.477316 ] ] ], [ [ [ -118.605534, 33.030999 ], [ -118.496298, 32.851572 ], [ -118.425634, 32.800595 ], [ -118.394565, 32.823978 ], [ -118.356541, 32.817311 ], [ -118.496811, 32.933847 ], [ -118.569013, 33.029151 ], [ -118.605534, 33.030999 ] ] ], [ [ [ -119.031864, 33.48554 ], [ -119.044189, 33.468345 ], [ -119.029755, 33.467845 ], [ -119.031864, 33.48554 ] ] ], [ [ [ -119.441086641052976, 34.015568681514907 ], [ -119.394811, 33.998458 ], [ -119.357464, 34.016739 ], [ -119.367326, 34.023595 ], [ -119.441086641052976, 34.015568681514907 ] ] ], [ [ [ -119.578942, 33.278628 ], [ -119.545872, 33.233406 ], [ -119.476029, 33.21552 ], [ -119.429559, 33.228167 ], [ -119.528141, 33.284929 ], [ -119.578942, 33.278628 ] ] ], [ [ [ -119.919155, 34.07728 ], [ -119.916216, 34.058351 ], [ -119.876329, 34.032087 ], [ -119.873358, 33.980375 ], [ -119.795938, 33.962929 ], [ -119.721206, 33.959583 ], [ -119.662825, 33.985889 ], [ -119.560464, 33.99553 ], [ -119.52064, 34.034262 ], [ -119.59324, 34.049625 ], [ -119.637742, 34.013178 ], [ -119.686507, 34.019805 ], [ -119.755521, 34.056716 ], [ -119.818742, 34.052997 ], [ -119.919155, 34.07728 ] ] ], [ [ [ -120.247393, 34.001911 ], [ -120.168974, 33.91909 ], [ -120.121817, 33.895712 ], [ -119.97026, 33.944359 ], [ -119.978876, 33.983081 ], [ -120.011123, 33.979894 ], [ -120.046575, 34.000002 ], [ -120.043259, 34.035806 ], [ -120.247393, 34.001911 ] ] ], [ [ [ -120.390906, 34.051994 ], [ -120.454134, 34.028081 ], [ -120.409368, 34.032198 ], [ -120.35793, 34.015029 ], [ -120.302122, 34.023574 ], [ -120.331161, 34.049097 ], [ -120.358608, 34.050235 ], [ -120.368278, 34.076465 ], [ -120.390906, 34.051994 ] ] ], [ [ [ -122.377879, 37.830648 ], [ -122.372422, 37.811301 ], [ -122.362661, 37.807577 ], [ -122.363244, 37.823951 ], [ -122.377879, 37.830648 ] ] ], [ [ [ -122.444759, 37.861277 ], [ -122.429795, 37.853081 ], [ -122.420926, 37.857122 ], [ -122.430786, 37.87106 ], [ -122.444759, 37.861277 ] ] ], [ [ [ -124.408601, 40.443201 ], [ -124.373599, 40.392923 ], [ -124.347853, 40.314634 ], [ -124.363414, 40.260974 ], [ -124.187874, 40.130542 ], [ -124.110549, 40.103765 ], [ -124.080709, 40.06611 ], [ -124.079983, 40.029773 ], [ -124.035904, 40.013319 ], [ -123.930047, 39.909697 ], [ -123.907664, 39.863028 ], [ -123.851714, 39.832041 ], [ -123.829545, 39.723071 ], [ -123.792659, 39.684122 ], [ -123.787417, 39.604552 ], [ -123.766475, 39.552803 ], [ -123.81469, 39.446538 ], [ -123.822085, 39.343857 ], [ -123.774998, 39.212083 ], [ -123.718042, 39.128225 ], [ -123.690095, 39.031157 ], [ -123.711149, 38.977316 ], [ -123.738886, 38.95412 ], [ -123.725367, 38.917438 ], [ -123.514784, 38.741966 ], [ -123.441774, 38.699744 ], [ -123.331899, 38.565542 ], [ -123.128825, 38.450418 ], [ -123.068265, 38.359865 ], [ -123.063671, 38.302178 ], [ -123.024333, 38.310573 ], [ -122.977082, 38.267902 ], [ -122.969811, 38.238776 ], [ -122.989586, 38.229091 ], [ -122.949074, 38.15406 ], [ -123.019617, 37.994222 ], [ -122.977633, 37.992648 ], [ -122.972378, 38.020247 ], [ -122.939711, 38.031908 ], [ -122.856573, 38.016717 ], [ -122.727297, 37.904626 ], [ -122.70264, 37.89382 ], [ -122.656519, 37.904519 ], [ -122.529185, 37.819028 ], [ -122.476473, 37.832513 ], [ -122.501019, 37.893662 ], [ -122.462158, 37.868866 ], [ -122.438268, 37.880974 ], [ -122.503064, 37.928753 ], [ -122.479175, 37.941516 ], [ -122.488665, 37.966714 ], [ -122.448413, 37.984713 ], [ -122.497828, 38.019402 ], [ -122.489974, 38.112014 ], [ -122.439577, 38.116923 ], [ -122.393588, 38.143449 ], [ -122.301804, 38.105142 ], [ -122.273006, 38.07438 ], [ -122.262861, 38.0446 ], [ -122.283478, 38.022674 ], [ -122.340093, 38.003694 ], [ -122.367909, 38.01253 ], [ -122.367582, 37.978168 ], [ -122.399832, 37.956009 ], [ -122.430087, 37.963115 ], [ -122.385908, 37.908136 ], [ -122.313258, 37.89701 ], [ -122.303931, 37.830087 ], [ -122.333711, 37.809797 ], [ -122.33079, 37.78383 ], [ -122.242638, 37.753744 ], [ -122.257953, 37.739601 ], [ -122.246826, 37.72193 ], [ -122.163049, 37.667933 ], [ -122.111344, 37.50758 ], [ -122.054914, 37.494426 ], [ -122.034221, 37.461117 ], [ -122.059109, 37.445214 ], [ -122.089404, 37.450911 ], [ -122.123746, 37.473195 ], [ -122.130904, 37.502325 ], [ -122.168449, 37.504143 ], [ -122.196593, 37.537196 ], [ -122.262698, 37.572866 ], [ -122.378545, 37.605592 ], [ -122.35531, 37.615736 ], [ -122.386072, 37.637662 ], [ -122.374291, 37.662206 ], [ -122.39319, 37.707531 ], [ -122.356784, 37.729505 ], [ -122.375854, 37.734979 ], [ -122.385323, 37.790724 ], [ -122.407452, 37.811441 ], [ -122.478083, 37.810828 ], [ -122.485783, 37.790629 ], [ -122.514483, 37.780829 ], [ -122.494085, 37.644035 ], [ -122.501386, 37.599637 ], [ -122.517187, 37.590637 ], [ -122.519533, 37.537302 ], [ -122.499289, 37.495341 ], [ -122.472388, 37.50054 ], [ -122.452087, 37.48054 ], [ -122.40085, 37.359225 ], [ -122.419113, 37.24147 ], [ -122.405073, 37.195791 ], [ -122.367085, 37.172817 ], [ -122.337071, 37.117382 ], [ -122.284882, 37.101747 ], [ -122.20618, 37.013949 ], [ -122.105976, 36.955951 ], [ -121.972771, 36.954151 ], [ -121.930069, 36.97815 ], [ -121.862266, 36.931552 ], [ -121.788278, 36.803994 ], [ -121.809775, 36.696032 ], [ -121.860604, 36.611136 ], [ -121.889064, 36.601759 ], [ -121.93643, 36.636746 ], [ -121.978592, 36.580488 ], [ -121.932508, 36.559935 ], [ -121.925937, 36.525173 ], [ -121.944666, 36.521861 ], [ -121.9416, 36.485602 ], [ -121.903195, 36.393603 ], [ -121.888491, 36.30281 ], [ -121.826425, 36.24186 ], [ -121.680145, 36.165818 ], [ -121.574602, 36.025156 ], [ -121.503112, 36.000299 ], [ -121.462264, 35.885618 ], [ -121.332449, 35.783106 ], [ -121.314632, 35.71331 ], [ -121.284973, 35.674109 ], [ -121.166712, 35.635399 ], [ -121.101595, 35.548814 ], [ -121.003359, 35.46071 ], [ -120.907937, 35.449069 ], [ -120.884757, 35.430196 ], [ -120.862684, 35.346776 ], [ -120.89679, 35.247877 ], [ -120.856047, 35.206487 ], [ -120.760492, 35.15971 ], [ -120.74887, 35.177795 ], [ -120.714185, 35.175998 ], [ -120.644311, 35.139616 ], [ -120.629931, 35.061515 ], [ -120.670835, 34.904115 ], [ -120.647328, 34.901133 ], [ -120.610266, 34.85818 ], [ -120.637415, 34.755895 ], [ -120.60197, 34.692095 ], [ -120.645739, 34.581035 ], [ -120.622575, 34.554017 ], [ -120.581293, 34.556959 ], [ -120.511421, 34.522953 ], [ -120.471376, 34.447846 ], [ -120.141165, 34.473405 ], [ -120.008077, 34.460447 ], [ -119.873971, 34.408795 ], [ -119.794771, 34.417597 ], [ -119.709067, 34.395397 ], [ -119.671866, 34.416096 ], [ -119.559459, 34.413395 ], [ -119.461036, 34.374064 ], [ -119.390449, 34.318198 ], [ -119.278644, 34.266902 ], [ -119.216441, 34.146105 ], [ -119.130169, 34.100102 ], [ -119.088536, 34.09831 ], [ -118.938081, 34.043383 ], [ -118.854653, 34.034215 ], [ -118.805114, 34.001239 ], [ -118.744952, 34.032103 ], [ -118.569235, 34.04164 ], [ -118.519514, 34.027509 ], [ -118.460611, 33.969111 ], [ -118.392107, 33.840915 ], [ -118.394307, 33.804315 ], [ -118.428407, 33.774715 ], [ -118.411211, 33.741985 ], [ -118.360505, 33.736817 ], [ -118.293161, 33.705045 ], [ -118.192711, 33.731673 ], [ -118.180831, 33.763072 ], [ -118.132698, 33.753217 ], [ -117.927091, 33.605521 ], [ -117.784888, 33.541525 ], [ -117.715349, 33.460556 ], [ -117.645582, 33.440728 ], [ -117.59588, 33.386629 ], [ -117.547693, 33.365491 ], [ -117.469794, 33.296417 ], [ -117.315278, 33.093504 ], [ -117.25447, 32.900146 ], [ -117.25617, 32.859447 ], [ -117.28217, 32.839547 ], [ -117.25497, 32.786948 ], [ -117.246069, 32.669352 ], [ -117.196767, 32.688851 ], [ -117.168866, 32.671952 ], [ -117.136664, 32.618754 ], [ -117.124862, 32.534156 ], [ -114.719633, 32.718763 ], [ -114.701918, 32.745548 ], [ -114.618373, 32.728245 ], [ -114.526856, 32.757094 ], [ -114.530755, 32.793485 ], [ -114.468971, 32.845155 ], [ -114.462929, 32.907944 ], [ -114.48092, 32.935252 ], [ -114.469039, 32.972295 ], [ -114.492938, 32.971781 ], [ -114.52013, 33.029984 ], [ -114.618788, 33.027202 ], [ -114.64598, 33.048903 ], [ -114.66506, 33.033908 ], [ -114.68902, 33.084036 ], [ -114.706488, 33.08816 ], [ -114.67536, 33.185489 ], [ -114.673626, 33.223121 ], [ -114.689541, 33.246428 ], [ -114.672088, 33.258499 ], [ -114.731223, 33.302434 ], [ -114.698035, 33.352442 ], [ -114.725282, 33.405048 ], [ -114.643302, 33.416745 ], [ -114.591554, 33.499443 ], [ -114.524599, 33.552231 ], [ -114.5403, 33.580615 ], [ -114.524813, 33.611351 ], [ -114.531523, 33.675108 ], [ -114.494197, 33.707922 ], [ -114.52805, 33.814963 ], [ -114.528451, 33.854929 ], [ -114.503017, 33.867998 ], [ -114.518928, 33.891714 ], [ -114.50792, 33.903807 ], [ -114.535478, 33.934651 ], [ -114.438266, 34.022609 ], [ -114.434181, 34.087379 ], [ -114.411681, 34.110031 ], [ -114.229715, 34.186928 ], [ -114.161826, 34.257038 ], [ -114.134427, 34.266387 ], [ -114.138282, 34.30323 ], [ -114.176909, 34.349306 ], [ -114.226107, 34.365916 ], [ -114.335372, 34.450038 ], [ -114.386699, 34.457911 ], [ -114.380838, 34.529724 ], [ -114.429747, 34.591734 ], [ -114.424202, 34.610453 ], [ -114.470477, 34.711368 ], [ -114.552682, 34.766871 ], [ -114.586842, 34.835672 ], [ -114.634382, 34.87289 ], [ -114.633487, 35.001857 ], [ -115.852908, 35.96966 ], [ -117.500117, 37.22038 ], [ -118.714312, 38.102185 ], [ -120.001014, 38.999574 ], [ -119.999168, 41.99454 ], [ -122.378193, 42.009518 ], [ -124.211605, 41.99846 ], [ -124.208439, 41.888192 ], [ -124.255994, 41.783014 ], [ -124.194953, 41.736778 ], [ -124.164716, 41.740126 ], [ -124.147412, 41.717955 ], [ -124.066057, 41.470258 ], [ -124.106986, 41.229678 ], [ -124.1438, 41.144686 ], [ -124.165414, 41.129822 ], [ -124.153622, 41.05355 ], [ -124.125448, 41.048504 ], [ -124.112165, 41.028173 ], [ -124.158322, 40.876069 ], [ -124.329404, 40.61643 ], [ -124.408601, 40.443201 ] ] ] ] } },
{ "type": "Feature", "properties": { "statefp": "47", "statens": "01325873", "geoidfq": "0400000US47", "geoid": "47", "stusps": "TN", "name": "Tennessee", "lsad": "00", "aland": 106771660995, "awater": 2344243062, "dist_miles": 875.67064017782639 }, "geometry": { "type": "Polygon", "coordinates": [ [ [ -90.292348, 35.041356 ], [ -90.309297, 34.995694 ], [ -89.883365, 34.994261 ], [ -88.200064, 34.995634 ], [ -88.202959, 35.008028 ], [ -85.466713, 34.982972 ], [ -84.321869, 34.988408 ], [ -84.29024, 35.225572 ], [ -84.223718, 35.269078 ], [ -84.188417, 35.239979 ], [ -84.097508, 35.247382 ], [ -84.052612, 35.269982 ], [ -84.02141, 35.301383 ], [ -84.038081, 35.348363 ], [ -84.007586, 35.371661 ], [ -84.020633, 35.409843 ], [ -83.961053, 35.464143 ], [ -83.911773, 35.476028 ], [ -83.880074, 35.518745 ], [ -83.82559, 35.523829 ], [ -83.771736, 35.562118 ], [ -83.608889, 35.579451 ], [ -83.58559, 35.562941 ], [ -83.498335, 35.562981 ], [ -83.445802, 35.611803 ], [ -83.396626, 35.62272 ], [ -83.35156, 35.659858 ], [ -83.297154, 35.65775 ], [ -83.258117, 35.691924 ], [ -83.251247, 35.719916 ], [ -83.185685, 35.72989 ], [ -83.159208, 35.764892 ], [ -83.07403, 35.790016 ], [ -82.992053, 35.773948 ], [ -82.899718, 35.874602 ], [ -82.911936, 35.921618 ], [ -82.898505, 35.945101 ], [ -82.852554, 35.949089 ], [ -82.821861, 35.921839 ], [ -82.804997, 35.927168 ], [ -82.774905, 35.971978 ], [ -82.785558, 35.977795 ], [ -82.776001, 36.000103 ], [ -82.637165, 36.065805 ], [ -82.594873, 36.029598 ], [ -82.614362, 36.003506 ], [ -82.610889, 35.967409 ], [ -82.557874, 35.953901 ], [ -82.460658, 36.007809 ], [ -82.409458, 36.083409 ], [ -82.355157, 36.115609 ], [ -82.289455, 36.13571 ], [ -82.247521, 36.130865 ], [ -82.213852, 36.159112 ], [ -82.182549, 36.143714 ], [ -82.147948, 36.149516 ], [ -82.127146, 36.104417 ], [ -82.033141, 36.120422 ], [ -81.908137, 36.302013 ], [ -81.800812, 36.358073 ], [ -81.766102, 36.338517 ], [ -81.707438, 36.335171 ], [ -81.739648, 36.406686 ], [ -81.695311, 36.467912 ], [ -81.707963, 36.536209 ], [ -81.6469, 36.611918 ], [ -81.922644, 36.616213 ], [ -81.934144, 36.594213 ], [ -83.675413, 36.600814 ], [ -83.690714, 36.582581 ], [ -84.543138, 36.596277 ], [ -85.195372, 36.625498 ], [ -85.677789, 36.618157 ], [ -86.507771, 36.652445 ], [ -86.564143, 36.633472 ], [ -86.589906, 36.652486 ], [ -87.853204, 36.633247 ], [ -87.849567, 36.663701 ], [ -88.070532, 36.678118 ], [ -88.032489, 36.540662 ], [ -88.053205, 36.497129 ], [ -89.300284, 36.507147 ], [ -89.417293, 36.499033 ], [ -89.471718, 36.457001 ], [ -89.493198, 36.470124 ], [ -89.485427, 36.497491 ], [ -89.539232, 36.497934 ], [ -89.51972, 36.467002 ], [ -89.545255, 36.427079 ], [ -89.51038, 36.378356 ], [ -89.513178, 36.359897 ], [ -89.531822, 36.339246 ], [ -89.605668, 36.342234 ], [ -89.620255, 36.323006 ], [ -89.539487, 36.277368 ], [ -89.534745, 36.252576 ], [ -89.602374, 36.238106 ], [ -89.695235, 36.252766 ], [ -89.705328, 36.239898 ], [ -89.592206, 36.15012 ], [ -89.601936, 36.11947 ], [ -89.678821, 36.084636 ], [ -89.706932, 36.000981 ], [ -89.733095, 36.000608 ], [ -89.716527, 35.961533 ], [ -89.644307, 35.920943 ], [ -89.645617, 35.885833 ], [ -89.676378, 35.876698 ], [ -89.744547, 35.910699 ], [ -89.772904, 35.865632 ], [ -89.695531, 35.835673 ], [ -89.695987, 35.821298 ], [ -89.729713, 35.802116 ], [ -89.777906, 35.806283 ], [ -89.816857, 35.748692 ], [ -89.909111, 35.758963 ], [ -89.958623, 35.726018 ], [ -89.955946, 35.690756 ], [ -89.930209, 35.661352 ], [ -89.852153, 35.660268 ], [ -89.855125, 35.636223 ], [ -89.957158, 35.589421 ], [ -89.939888, 35.555668 ], [ -89.910051, 35.545379 ], [ -89.904638, 35.519348 ], [ -89.95519, 35.522495 ], [ -89.958266, 35.541411 ], [ -89.994272, 35.560973 ], [ -90.032927, 35.553461 ], [ -90.049524, 35.510356 ], [ -90.002675, 35.430529 ], [ -90.059492, 35.393815 ], [ -90.069036, 35.467773 ], [ -90.108746, 35.476011 ], [ -90.129435, 35.442119 ], [ -90.169002, 35.421853 ], [ -90.179342, 35.385313 ], [ -90.141588, 35.375154 ], [ -90.145446, 35.402522 ], [ -90.129884, 35.41382 ], [ -90.078279, 35.378734 ], [ -90.109966, 35.304988 ], [ -90.158321, 35.301006 ], [ -90.168875, 35.281516 ], [ -90.14632, 35.253562 ], [ -90.092603, 35.246775 ], [ -90.077163, 35.211033 ], [ -90.11733, 35.189256 ], [ -90.067897, 35.155285 ], [ -90.06616, 35.137466 ], [ -90.087416, 35.118892 ], [ -90.157828, 35.128998 ], [ -90.175382, 35.114177 ], [ -90.181157, 35.053943 ], [ -90.206997, 35.025849 ], [ -90.292348, 35.041356 ] ] ] } },
{ "type": "Feature", "properties": { "statefp": "33", "statens": "01779794", "geoidfq": "0400000US33", "geoid": "33", "stusps": "NH", "name": "New Hampshire", "lsad": "00", "aland": 23190733491, "awater": 1025349624, "dist_miles": 1583.2119380770966 }, "geometry": { "type": "Polygon", "coordinates": [ [ [ -72.552834, 42.884968 ], [ -72.542784, 42.808482 ], [ -72.508858, 42.779919 ], [ -72.516082, 42.765949 ], [ -72.491122, 42.772465 ], [ -72.458519, 42.726853 ], [ -71.294205, 42.69699 ], [ -71.245504, 42.742589 ], [ -71.181803, 42.73759 ], [ -71.186104, 42.790689 ], [ -71.165603, 42.808689 ], [ -71.132503, 42.821389 ], [ -71.064201, 42.806289 ], [ -71.031201, 42.859089 ], [ -70.914899, 42.886589 ], [ -70.848625, 42.860939 ], [ -70.817296, 42.87229 ], [ -70.793996, 42.93989 ], [ -70.718936, 43.03235 ], [ -70.705996, 43.073089 ], [ -70.756397, 43.079988 ], [ -70.8281, 43.129086 ], [ -70.817865, 43.237911 ], [ -70.906005, 43.291682 ], [ -70.932735, 43.33676 ], [ -70.967229, 43.343777 ], [ -70.987649, 43.389521 ], [ -70.986812, 43.414264 ], [ -70.96115, 43.438321 ], [ -70.974245, 43.47742 ], [ -70.950838, 43.551026 ], [ -70.972716, 43.570255 ], [ -71.031039, 44.655455 ], [ -71.083924, 45.305451 ], [ -71.13943, 45.242958 ], [ -71.231122, 45.249712 ], [ -71.284396, 45.302434 ], [ -71.360664, 45.269835 ], [ -71.357253, 45.253336 ], [ -71.384917, 45.233351 ], [ -71.443365, 45.237724 ], [ -71.39781, 45.203553 ], [ -71.437216, 45.142333 ], [ -71.428828, 45.123881 ], [ -71.505091, 45.051465 ], [ -71.491085, 45.043671 ], [ -71.501088, 45.013377 ], [ -71.465039, 45.013638 ], [ -71.538592, 44.988182 ], [ -71.495844, 44.90498 ], [ -71.549533, 44.862592 ], [ -71.573247, 44.791882 ], [ -71.631883, 44.752463 ], [ -71.581983, 44.673533 ], [ -71.586578, 44.659478 ], [ -71.558571, 44.644373 ], [ -71.553447, 44.593451 ], [ -71.536251, 44.588441 ], [ -71.559846, 44.564119 ], [ -71.596137, 44.560898 ], [ -71.573083, 44.53798 ], [ -71.594259, 44.52168 ], [ -71.577643, 44.502692 ], [ -71.64589, 44.475141 ], [ -71.66183, 44.440293 ], [ -71.699434, 44.416069 ], [ -71.793924, 44.399271 ], [ -71.814388, 44.381932 ], [ -71.814351, 44.354541 ], [ -71.872472, 44.336628 ], [ -71.906909, 44.348284 ], [ -71.98112, 44.3375 ], [ -72.033136, 44.320365 ], [ -72.033465, 44.301878 ], [ -72.065434, 44.277235 ], [ -72.047889, 44.238493 ], [ -72.066166, 44.189773 ], [ -72.033703, 44.131541 ], [ -72.054831, 44.110137 ], [ -72.031878, 44.093359 ], [ -72.116985, 43.99448 ], [ -72.098689, 43.95766 ], [ -72.184788, 43.863393 ], [ -72.183333, 43.808177 ], [ -72.20476, 43.771263 ], [ -72.299715, 43.706558 ], [ -72.314083, 43.64281 ], [ -72.334401, 43.61925 ], [ -72.328514, 43.600805 ], [ -72.37944, 43.574069 ], [ -72.398563, 43.513435 ], [ -72.381723, 43.480091 ], [ -72.415978, 43.376531 ], [ -72.390103, 43.356926 ], [ -72.410353, 43.331675 ], [ -72.395462, 43.312994 ], [ -72.438693, 43.252905 ], [ -72.45714, 43.148493 ], [ -72.432972, 43.119655 ], [ -72.43619, 43.08173 ], [ -72.467363, 43.052648 ], [ -72.443762, 43.006245 ], [ -72.473827, 42.972045 ], [ -72.532186, 42.954945 ], [ -72.52443, 42.915575 ], [ -72.552834, 42.884968 ] ] ] } },
{ "type": "Feature", "properties": { "statefp": "41", "statens": "01155107", "geoidfq": "0400000US41", "geoid": "41", "stusps": "OR", "name": "Oregon", "lsad": "00", "aland": 248630742196, "awater": 6168664862, "dist_miles": 3173.1296179450733 }, "geometry": { "type": "Polygon", "coordinates": [ [ [ -124.552441, 42.840568 ], [ -124.514669, 42.736806 ], [ -124.473864, 42.732671 ], [ -124.45074, 42.675798 ], [ -124.416774, 42.661594 ], [ -124.401177, 42.627192 ], [ -124.390664, 42.566593 ], [ -124.435105, 42.440163 ], [ -124.429288, 42.331746 ], [ -124.410556, 42.307431 ], [ -124.410982, 42.250547 ], [ -124.361009, 42.180752 ], [ -124.356229, 42.114952 ], [ -124.299649, 42.051736 ], [ -124.211605, 41.99846 ], [ -122.378193, 42.009518 ], [ -121.035195, 41.993323 ], [ -117.026197, 41.99989 ], [ -117.021884, 43.818163 ], [ -117.032881, 43.830025 ], [ -117.009002, 43.842323 ], [ -117.021075, 43.858964 ], [ -116.98294, 43.86771 ], [ -116.97958, 43.915253 ], [ -116.960103, 43.921229 ], [ -116.959206, 43.96636 ], [ -116.975856, 43.973913 ], [ -116.936384, 43.991574 ], [ -116.934727, 44.023806 ], [ -116.973185, 44.049425 ], [ -116.977351, 44.085364 ], [ -116.933704, 44.100039 ], [ -116.894083, 44.160191 ], [ -116.925392, 44.191544 ], [ -116.971675, 44.197256 ], [ -116.975905, 44.242844 ], [ -117.031862, 44.248635 ], [ -117.05303, 44.229076 ], [ -117.104208, 44.27994 ], [ -117.143394, 44.258262 ], [ -117.198147, 44.273828 ], [ -117.222647, 44.297578 ], [ -117.189769, 44.336585 ], [ -117.242675, 44.396548 ], [ -117.215072, 44.427162 ], [ -117.225076, 44.482346 ], [ -117.149242, 44.536151 ], [ -117.148255, 44.564371 ], [ -117.124754, 44.583834 ], [ -117.062273, 44.727143 ], [ -116.9347, 44.783881 ], [ -116.931099, 44.804781 ], [ -116.852427, 44.887577 ], [ -116.83199, 44.933007 ], [ -116.858313, 44.978761 ], [ -116.847944, 45.022602 ], [ -116.729607, 45.142091 ], [ -116.703607, 45.239757 ], [ -116.674493, 45.276349 ], [ -116.673793, 45.321511 ], [ -116.588195, 45.44292 ], [ -116.554829, 45.46293 ], [ -116.548676, 45.510385 ], [ -116.463504, 45.615785 ], [ -116.535396, 45.691734 ], [ -116.546643, 45.750972 ], [ -116.593004, 45.778541 ], [ -116.665344, 45.781998 ], [ -116.711822, 45.826267 ], [ -116.782676, 45.825376 ], [ -116.796051, 45.858473 ], [ -116.859795, 45.907264 ], [ -116.915989, 45.995413 ], [ -118.941242, 46.000574 ], [ -118.987129, 45.999855 ], [ -119.027056, 45.969134 ], [ -119.12612, 45.932859 ], [ -119.25715, 45.939926 ], [ -119.487829, 45.906307 ], [ -119.600549, 45.919581 ], [ -119.669877, 45.856867 ], [ -119.965744, 45.824365 ], [ -120.170453, 45.761951 ], [ -120.210754, 45.725951 ], [ -120.40396, 45.699249 ], [ -120.482362, 45.694449 ], [ -120.559465, 45.738348 ], [ -120.634968, 45.745847 ], [ -120.68937, 45.715847 ], [ -120.855674, 45.671545 ], [ -120.895575, 45.642945 ], [ -120.943977, 45.656445 ], [ -121.06437, 45.652549 ], [ -121.131953, 45.609762 ], [ -121.167852, 45.606098 ], [ -121.196556, 45.616689 ], [ -121.215779, 45.671238 ], [ -121.33777, 45.704949 ], [ -121.423592, 45.69399 ], [ -121.533106, 45.726541 ], [ -121.707358, 45.694809 ], [ -121.811304, 45.706761 ], [ -121.867167, 45.693277 ], [ -121.908267, 45.654399 ], [ -121.983038, 45.622812 ], [ -122.294901, 45.543541 ], [ -122.380302, 45.575941 ], [ -122.438674, 45.563585 ], [ -122.643907, 45.609739 ], [ -122.76381, 45.657138 ], [ -122.774511, 45.680437 ], [ -122.761451, 45.759163 ], [ -122.795605, 45.81 ], [ -122.785026, 45.867699 ], [ -122.81151, 45.912725 ], [ -122.813998, 45.960984 ], [ -122.878092, 46.031281 ], [ -122.904119, 46.083734 ], [ -123.115904, 46.185268 ], [ -123.166414, 46.188973 ], [ -123.280166, 46.144843 ], [ -123.371433, 46.146372 ], [ -123.430847, 46.181827 ], [ -123.427629, 46.229348 ], [ -123.447592, 46.249832 ], [ -123.501245, 46.271004 ], [ -123.619512, 46.21531 ], [ -123.673831, 46.215418 ], [ -123.674178, 46.198203 ], [ -123.69343, 46.189812 ], [ -123.757589, 46.213001 ], [ -123.864209, 46.189527 ], [ -123.841521, 46.169824 ], [ -123.854801, 46.157342 ], [ -123.9042, 46.169293 ], [ -124.011355, 46.236223 ], [ -124.024305, 46.229256 ], [ -123.95919, 46.141675 ], [ -123.92933, 46.041978 ], [ -123.937471, 45.977306 ], [ -123.993703, 45.946431 ], [ -123.962736, 45.869974 ], [ -123.982578, 45.761815 ], [ -123.943121, 45.727031 ], [ -123.939005, 45.661923 ], [ -123.957568, 45.510399 ], [ -123.976544, 45.489733 ], [ -123.965728, 45.386242 ], [ -123.973398, 45.354791 ], [ -124.007756, 45.336813 ], [ -123.972899, 45.33689 ], [ -123.964169, 45.317026 ], [ -123.975425, 45.145476 ], [ -123.989529, 45.094045 ], [ -124.015851, 45.064759 ], [ -124.004386, 45.046197 ], [ -124.025136, 44.928175 ], [ -124.074066, 44.798107 ], [ -124.058281, 44.658866 ], [ -124.084401, 44.415611 ], [ -124.1152, 44.286486 ], [ -124.142704, 43.958182 ], [ -124.233534, 43.55713 ], [ -124.315012, 43.388389 ], [ -124.402814, 43.305872 ], [ -124.38246, 43.270167 ], [ -124.456918, 43.000315 ], [ -124.552441, 42.840568 ] ] ] } },
{ "type": "Feature", "properties": { "statefp": "50", "statens": "01779802", "geoidfq": "0400000US50", "geoid": "50", "stusps": "VT", "name": "Vermont", "lsad": "00", "aland": 23872664356, "awater": 1030573104, "dist_miles": 1592.2983761633297 }, "geometry": { "type": "Polygon", "coordinates": [ [ [ -73.43774, 44.045006 ], [ -73.407739, 44.021312 ], [ -73.408589, 43.932933 ], [ -73.374051, 43.875563 ], [ -73.372247, 43.845337 ], [ -73.392492, 43.820779 ], [ -73.350593, 43.771939 ], [ -73.426463, 43.642598 ], [ -73.417668, 43.621687 ], [ -73.430947, 43.587036 ], [ -73.395767, 43.568087 ], [ -73.371889, 43.624489 ], [ -73.306234, 43.628018 ], [ -73.294621, 43.57897 ], [ -73.258631, 43.564949 ], [ -73.241589, 43.534973 ], [ -73.278673, 42.83341 ], [ -73.290944, 42.80192 ], [ -73.276421, 42.746019 ], [ -72.458519, 42.726853 ], [ -72.491122, 42.772465 ], [ -72.516082, 42.765949 ], [ -72.508858, 42.779919 ], [ -72.542784, 42.808482 ], [ -72.556214, 42.86695 ], [ -72.52443, 42.915575 ], [ -72.532186, 42.954945 ], [ -72.473827, 42.972045 ], [ -72.443762, 43.006245 ], [ -72.467363, 43.052648 ], [ -72.43619, 43.08173 ], [ -72.432972, 43.119655 ], [ -72.45714, 43.148493 ], [ -72.438693, 43.252905 ], [ -72.395462, 43.312994 ], [ -72.410353, 43.331675 ], [ -72.390103, 43.356926 ], [ -72.415978, 43.376531 ], [ -72.381723, 43.480091 ], [ -72.398563, 43.513435 ], [ -72.37944, 43.574069 ], [ -72.328514, 43.600805 ], [ -72.334401, 43.61925 ], [ -72.314083, 43.64281 ], [ -72.299715, 43.706558 ], [ -72.20476, 43.771263 ], [ -72.183333, 43.808177 ], [ -72.184788, 43.863393 ], [ -72.098689, 43.95766 ], [ -72.116985, 43.99448 ], [ -72.031878, 44.093359 ], [ -72.054831, 44.110137 ], [ -72.033703, 44.131541 ], [ -72.066166, 44.189773 ], [ -72.047889, 44.238493 ], [ -72.067774, 44.270976 ], [ -72.033465, 44.301878 ], [ -72.033136, 44.320365 ], [ -71.814351, 44.354541 ], [ -71.814388, 44.381932 ], [ -71.793924, 44.399271 ], [ -71.699434, 44.416069 ], [ -71.66183, 44.440293 ], [ -71.64589, 44.475141 ], [ -71.577643, 44.502692 ], [ -71.594259, 44.52168 ], [ -71.573083, 44.53798 ], [ -71.596137, 44.560898 ], [ -71.559846, 44.564119 ], [ -71.536251, 44.588441 ], [ -71.553447, 44.593451 ], [ -71.558571, 44.644373 ], [ -71.586578, 44.659478 ], [ -71.581983, 44.673533 ], [ -71.631883, 44.752463 ], [ -71.573247, 44.791882 ], [ -71.549533, 44.862592 ], [ -71.495844, 44.90498 ], [ -71.53698, 44.994177 ], [ -71.465039, 45.013638 ], [ -73.343124, 45.01084 ], [ -73.354633, 44.987352 ], [ -73.338243, 44.96475 ], [ -73.338979, 44.917681 ], [ -73.381359, 44.845021 ], [ -73.333154, 44.788759 ], [ -73.365561, 44.741786 ], [ -73.361308, 44.694523 ], [ -73.390231, 44.618353 ], [ -73.374389, 44.575455 ], [ -73.306707, 44.500334 ], [ -73.293855, 44.437556 ], [ -73.334939, 44.364441 ], [ -73.312852, 44.265346 ], [ -73.390583, 44.190886 ], [ -73.43774, 44.045006 ] ] ] } },
{ "type": "Feature", "properties": { "statefp": "15", "statens": "01779782", "geoidfq": "0400000US15", "geoid": "15", "stusps": "HI", "name": "Hawaii", "lsad": "00", "aland": 16634436568, "awater": 11777362694, "dist_miles": 5295.4735557379054 }, "geometry": { "type": "MultiPolygon", "coordinates": [ [ [ [ -156.037399844781874, 19.787069535869108 ], [ -156.061099848199717, 19.727761520423773 ], [ -156.026632839078275, 19.676313508515705 ], [ -156.032369839766289, 19.657239503602003 ], [ -155.994830831007135, 19.640146500346365 ], [ -155.978210826400044, 19.6081544928097 ], [ -155.950206816635784, 19.48648146320723 ], [ -155.921192810034739, 19.478697462036955 ], [ -155.920090808369281, 19.430398450021837 ], [ -155.883981797587637, 19.332981426689425 ], [ -155.917174799096671, 19.134307376330675 ], [ -155.907414795514654, 19.084251364125542 ], [ -155.878464787760976, 19.035119352649971 ], [ -155.723030751769102, 18.967404339802709 ], [ -155.679694740736011, 18.913134327400893 ], [ -155.601870725316076, 18.971567343938386 ], [ -155.555560717199398, 19.044120363201046 ], [ -155.55634171838139, 19.079850372088838 ], [ -155.500903707827945, 19.137215387815171 ], [ -155.359400678657778, 19.205979408596978 ], [ -155.296348666403929, 19.263463424567625 ], [ -155.156844635776167, 19.267269429067536 ], [ -155.006644604538565, 19.334661449732586 ], [ -154.844591572120748, 19.455339484059188 ], [ -154.808040565723019, 19.515468500061999 ], [ -154.974557605818376, 19.63074952474744 ], [ -155.002213614925751, 19.735224550246926 ], [ -155.086222633236389, 19.725750545702883 ], [ -155.085082636614914, 19.851237577215347 ], [ -155.204941666593584, 19.969347603723239 ], [ -155.456513726054681, 20.097536629209504 ], [ -155.55634774905775, 20.128498634292704 ], [ -155.595631757512393, 20.120990631351312 ], [ -155.731170789989932, 20.204317648560771 ], [ -155.770382799882668, 20.244501657560381 ], [ -155.850511818320058, 20.268591661399135 ], [ -155.887880826065924, 20.252284656286438 ], [ -155.903633827850342, 20.197455642123092 ], [ -155.881884820245574, 20.106047619836712 ], [ -155.82301980483922, 20.026504601532352 ], [ -155.831305805135429, 19.976068588687625 ], [ -155.889242816445261, 19.92801757509989 ], [ -155.922718821630411, 19.855764556132371 ], [ -155.973658832588967, 19.847435552672302 ], [ -156.037399844781874, 19.787069535869108 ] ] ], [ [ [ -156.699799013733241, 20.529389702688356 ], [ -156.663776004957299, 20.503122697167939 ], [ -156.53466597726927, 20.525332706430664 ], [ -156.556830982506256, 20.536387708557456 ], [ -156.542136980587344, 20.576992719130541 ], [ -156.57597298889749, 20.603447724769794 ], [ -156.699799013733241, 20.529389702688356 ] ] ], [ [ [ -156.699895026648733, 20.920624800492014 ], [ -156.678639020296259, 20.870536788583539 ], [ -156.631799008338476, 20.821235777619432 ], [ -156.537756986195177, 20.778403769639894 ], [ -156.501692978947915, 20.79992877607474 ], [ -156.46404797004476, 20.781662772592515 ], [ -156.444246960024799, 20.607936729682155 ], [ -156.415317952942843, 20.586094725046397 ], [ -156.302696928113903, 20.586194728286845 ], [ -156.210262909073776, 20.628513741514624 ], [ -156.129902891295444, 20.627518743544719 ], [ -156.053389875243425, 20.654315752426474 ], [ -155.987220862792441, 20.7227127714531 ], [ -155.984591863641924, 20.767491782765337 ], [ -156.003536868733619, 20.795540789268671 ], [ -156.090295889101526, 20.831867795917379 ], [ -156.115739894582873, 20.827296794044202 ], [ -156.132673899431154, 20.861364802107953 ], [ -156.166750907107968, 20.865641802204824 ], [ -156.242559926227671, 20.937833818134866 ], [ -156.324582944769844, 20.950179818858892 ], [ -156.474800976125209, 20.894541800550229 ], [ -156.54629599557191, 21.005077826152913 ], [ -156.606243009784833, 21.034366831727784 ], [ -156.66551902195377, 21.007049823138559 ], [ -156.699895026648733, 20.920624800492014 ] ] ], [ [ [ -157.062516105941313, 20.904380785677226 ], [ -157.054557103273055, 20.87721477913103 ], [ -156.991839087779169, 20.826598768357659 ], [ -156.994006086916102, 20.786666758322323 ], [ -156.96789507945212, 20.735075746214452 ], [ -156.846418053577025, 20.760196756067803 ], [ -156.809468047074233, 20.809164769391664 ], [ -156.825242051932264, 20.850726779316091 ], [ -156.897174069935147, 20.915390793351946 ], [ -156.989818090889145, 20.932122794777161 ], [ -157.035794100832732, 20.927073792143442 ], [ -157.062516105941313, 20.904380785677226 ] ] ], [ [ [ -157.310753167260032, 21.10162282743466 ], [ -157.252539153981729, 21.087665825721079 ], [ -157.080665116662175, 21.101971834498205 ], [ -156.877142070040492, 21.04929582743279 ], [ -156.802205054122624, 21.067090834118538 ], [ -156.739347041750534, 21.111331847064484 ], [ -156.709111036675694, 21.158650859816074 ], [ -156.771500051174286, 21.180048863315672 ], [ -156.903471079750346, 21.164205855396631 ], [ -156.946164089564945, 21.175958857054354 ], [ -156.974007097161433, 21.21849886685979 ], [ -156.999113101450405, 21.18221685702439 ], [ -157.257090159817068, 21.227263860451004 ], [ -157.249700156702488, 21.184396849966792 ], [ -157.310753167260032, 21.10162282743466 ] ] ], [ [ [ -158.277684396452628, 21.578784915976716 ], [ -158.234319385526874, 21.54005390774039 ], [ -158.233005383307216, 21.487595894728877 ], [ -158.192357372958639, 21.448035886192685 ], [ -158.179205368480666, 21.404295875731552 ], [ -158.140305358855926, 21.373795869387035 ], [ -158.112705350206852, 21.301895852378824 ], [ -157.967976319464128, 21.32798186346103 ], [ -157.95226831525062, 21.306526858615456 ], [ -157.890005301607289, 21.306495860571971 ], [ -157.809605282239289, 21.257695850941776 ], [ -157.732174266125298, 21.282009859424484 ], [ -157.700105258449355, 21.263995855935544 ], [ -157.651037248916907, 21.298811866147407 ], [ -157.651805249621361, 21.313895869885606 ], [ -157.708805263541961, 21.353395877954672 ], [ -157.722549268334774, 21.403031889903129 ], [ -157.738605271905357, 21.404295889713691 ], [ -157.722511270343091, 21.45922090392154 ], [ -157.772214281205123, 21.457736901984038 ], [ -157.778924282270083, 21.44639989894463 ], [ -157.763091278484779, 21.437808897301334 ], [ -157.778049280833898, 21.411811890346499 ], [ -157.840995296366629, 21.459478900244207 ], [ -157.852630300385101, 21.499966909971146 ], [ -157.836950298029166, 21.529940917944216 ], [ -157.856145303359597, 21.560656924995577 ], [ -157.878606308273987, 21.560176924160842 ], [ -157.96863333362964, 21.712699959322546 ], [ -158.018132344028942, 21.699950954548616 ], [ -158.12561536343361, 21.586734922868693 ], [ -158.277684396452628, 21.578784915976716 ] ] ], [ [ [ -159.787562743055133, 22.029820976931799 ], [ -159.754800733849862, 21.977767965211907 ], [ -159.669787714503798, 21.955534962678914 ], [ -159.604468697810148, 21.892569949374959 ], [ -159.444873662184932, 21.868622948953675 ], [ -159.335473641910738, 21.958029974852735 ], [ -159.332715644977782, 22.050708997916406 ], [ -159.29606863921876, 22.106814013091814 ], [ -159.294015640105869, 22.140363021483854 ], [ -159.331580650679598, 22.20001203497932 ], [ -159.399213666616276, 22.229635039975285 ], [ -159.429058672663757, 22.218224036105706 ], [ -159.487944685950765, 22.229508036847566 ], [ -159.507125689003658, 22.201585029256933 ], [ -159.581063705988328, 22.223484032094593 ], [ -159.719397733170979, 22.151602009441692 ], [ -159.745252736600349, 22.097503995150902 ], [ -159.78375174364345, 22.064892985735536 ], [ -159.787562743055133, 22.029820976931799 ] ] ], [ [ [ -160.244958834445583, 21.840979914234076 ], [ -160.232587829736673, 21.790680902285359 ], [ -160.202521822923217, 21.782728901387092 ], [ -160.159716816958024, 21.863900922892125 ], [ -160.076840800488185, 21.899763934655205 ], [ -160.083035802818671, 21.924213940466132 ], [ -160.055009799534162, 21.992750958362119 ], [ -160.109696811330707, 21.991720956172824 ], [ -160.121982812444429, 21.953756946375293 ], [ -160.228560832596571, 21.882666925081896 ], [ -160.244958834445583, 21.840979914234076 ] ] ] ] } },
{ "type": "Feature", "properties": { "statefp": "35", "statens": "00897535", "geoidfq": "0400000US35", "geoid": "35", "stusps": "NM", "name": "New Mexico", "lsad": "00", "aland": 314198529853, "awater": 726526491, "dist_miles": 1911.2305799792111 }, "geometry": { "type": "Polygon", "coordinates": [ [ [ -109.045223, 36.999084 ], [ -109.050044, 31.332502 ], [ -108.208573, 31.333395 ], [ -108.208394, 31.783599 ], [ -106.528242, 31.783148 ], [ -106.547144, 31.807305 ], [ -106.602727, 31.825024 ], [ -106.602045, 31.844405 ], [ -106.635926, 31.866235 ], [ -106.629197, 31.883717 ], [ -106.645479, 31.89867 ], [ -106.612063, 31.918657 ], [ -106.619371, 31.964777 ], [ -106.639529, 31.980348 ], [ -106.618486, 32.000495 ], [ -103.064423, 32.000518 ], [ -103.064625, 32.999899 ], [ -103.043531, 34.018014 ], [ -103.041924, 36.500439 ], [ -103.002434, 36.500397 ], [ -103.002199, 37.000104 ], [ -109.045223, 36.999084 ] ] ] } },
{ "type": "Feature", "properties": { "statefp": "22", "statens": "01629543", "geoidfq": "0400000US22", "geoid": "22", "stusps": "LA", "name": "Louisiana", "lsad": "00", "aland": 111927154861, "awater": 23724485446, "dist_miles": 899.50582895301466 }, "geometry": { "type": "MultiPolygon", "coordinates": [ [ [ [ -88.881454, 30.053202 ], [ -88.854419, 30.012042 ], [ -88.835104, 29.922558 ], [ -88.846861, 29.836636 ], [ -88.873734, 29.775426 ], [ -88.86295, 29.757052 ], [ -88.826538, 29.847092 ], [ -88.817017, 29.93425 ], [ -88.841225, 30.012789 ], [ -88.881454, 30.053202 ] ] ], [ [ [ -89.342163, 30.059172 ], [ -89.336991, 30.039992 ], [ -89.276179, 30.031739 ], [ -89.259779, 30.049433 ], [ -89.239289, 30.040805 ], [ -89.2295, 30.000433 ], [ -89.201584, 30.001429 ], [ -89.202974, 30.03462 ], [ -89.173401, 30.04336 ], [ -89.185799, 30.063934 ], [ -89.2208, 30.071445 ], [ -89.227085, 30.095126 ], [ -89.183256, 30.149344 ], [ -89.190475, 30.16176 ], [ -89.342163, 30.059172 ] ] ], [ [ [ -89.417694, 30.143682 ], [ -89.453022, 30.139068 ], [ -89.439003, 30.127527 ], [ -89.417694, 30.143682 ] ] ], [ [ [ -89.626769, 29.535205 ], [ -89.599673, 29.507594 ], [ -89.564615, 29.543786 ], [ -89.575192, 29.549886 ], [ -89.626769, 29.535205 ] ] ], [ [ [ -90.376173, 29.108668 ], [ -90.334935, 29.063803 ], [ -90.303916, 29.07538 ], [ -90.343013, 29.128487 ], [ -90.376173, 29.108668 ] ] ], [ [ [ -90.558233, 29.094074 ], [ -90.488117, 29.05876 ], [ -90.41919, 29.064993 ], [ -90.523769, 29.090958 ], [ -90.558233, 29.094074 ] ] ], [ [ [ -90.661624, 29.072264 ], [ -90.765014, 29.045255 ], [ -90.652116, 29.057721 ], [ -90.661624, 29.072264 ] ] ], [ [ [ -92.017827, 29.590962 ], [ -92.030186, 29.572669 ], [ -92.015139, 29.561328 ], [ -91.821579, 29.473925 ], [ -91.768263, 29.490362 ], [ -91.765411, 29.524802 ], [ -91.711081, 29.569328 ], [ -91.731541, 29.562539 ], [ -91.733324, 29.580834 ], [ -91.765173, 29.575046 ], [ -91.848242, 29.627124 ], [ -91.900532, 29.634458 ], [ -92.017827, 29.590962 ] ] ], [ [ [ -94.042964, 33.019219 ], [ -94.041833, 31.992402 ], [ -94.018664, 31.990843 ], [ -93.971712, 31.920384 ], [ -93.904766, 31.890599 ], [ -93.874761, 31.821661 ], [ -93.822598, 31.773559 ], [ -93.830647, 31.745811 ], [ -93.802452, 31.693186 ], [ -93.826462, 31.666919 ], [ -93.816838, 31.622509 ], [ -93.838057, 31.606795 ], [ -93.834924, 31.586211 ], [ -93.798087, 31.534044 ], [ -93.726736, 31.5116 ], [ -93.749476, 31.46869 ], [ -93.70093, 31.437784 ], [ -93.704879, 31.410881 ], [ -93.671644, 31.393352 ], [ -93.663698, 31.360019 ], [ -93.68688, 31.305166 ], [ -93.642516, 31.269508 ], [ -93.620343, 31.271025 ], [ -93.600308, 31.176158 ], [ -93.588503, 31.165581 ], [ -93.533307, 31.184463 ], [ -93.551034, 31.091111 ], [ -93.526044, 31.070773 ], [ -93.516407, 31.02955 ], [ -93.571906, 30.987614 ], [ -93.526245, 30.939411 ], [ -93.567788, 30.888302 ], [ -93.553626, 30.83514 ], [ -93.561666, 30.807739 ], [ -93.619129, 30.742002 ], [ -93.609544, 30.723139 ], [ -93.629904, 30.67994 ], [ -93.6831, 30.640763 ], [ -93.681235, 30.596102 ], [ -93.727844, 30.57407 ], [ -93.740253, 30.539569 ], [ -93.714322, 30.518562 ], [ -93.6978, 30.440583 ], [ -93.757654, 30.390423 ], [ -93.765822, 30.333318 ], [ -93.706608, 30.281187 ], [ -93.720946, 30.209852 ], [ -93.688212, 30.141376 ], [ -93.734085, 30.08613 ], [ -93.699396, 30.05925 ], [ -93.786935, 29.99058 ], [ -93.838374, 29.882855 ], [ -93.927992, 29.80964 ], [ -93.926504, 29.78956 ], [ -93.837971, 29.690619 ], [ -93.766048, 29.7295 ], [ -93.68364, 29.747153 ], [ -93.226934, 29.777519 ], [ -93.031157, 29.736333 ], [ -92.615098, 29.585561 ], [ -92.280392, 29.533434 ], [ -92.158624, 29.581616 ], [ -92.041866, 29.586769 ], [ -92.065345, 29.603852 ], [ -92.016858, 29.615837 ], [ -92.034566, 29.63154 ], [ -92.108246, 29.613667 ], [ -92.136649, 29.667481 ], [ -92.103179, 29.69313 ], [ -92.169092, 29.70021 ], [ -92.200076, 29.72571 ], [ -92.199871, 29.753219 ], [ -92.171106, 29.739782 ], [ -92.17494, 29.759475 ], [ -92.136527, 29.767336 ], [ -92.115852, 29.739532 ], [ -91.978228, 29.799942 ], [ -91.970986, 29.834316 ], [ -91.937507, 29.816765 ], [ -91.889118, 29.836023 ], [ -91.830808, 29.82927 ], [ -91.828803, 29.777929 ], [ -91.851671, 29.791834 ], [ -91.879242, 29.756556 ], [ -91.85797, 29.744072 ], [ -91.859158, 29.727768 ], [ -91.880999, 29.713338 ], [ -91.853987, 29.707618 ], [ -91.752259, 29.748264 ], [ -91.621512, 29.735429 ], [ -91.627286, 29.662132 ], [ -91.648941, 29.633635 ], [ -91.553537, 29.632766 ], [ -91.531021, 29.531543 ], [ -91.496136, 29.538931 ], [ -91.460963, 29.469961 ], [ -91.357613, 29.512991 ], [ -91.320424, 29.478316 ], [ -91.36426, 29.43543 ], [ -91.363967, 29.420664 ], [ -91.329624, 29.426615 ], [ -91.334051, 29.391525 ], [ -91.301872, 29.413122 ], [ -91.276094, 29.409336 ], [ -91.257216, 29.438004 ], [ -91.217448, 29.432549 ], [ -91.217827, 29.396437 ], [ -91.133064, 29.341088 ], [ -91.123676, 29.319952 ], [ -91.121655, 29.251439 ], [ -91.154455, 29.254964 ], [ -91.1724, 29.266576 ], [ -91.162061, 29.318191 ], [ -91.195811, 29.305548 ], [ -91.238237, 29.350618 ], [ -91.236987, 29.371342 ], [ -91.265452, 29.360976 ], [ -91.291821, 29.311357 ], [ -91.33275, 29.305816 ], [ -91.302677, 29.265958 ], [ -91.219032, 29.226051 ], [ -91.129141, 29.215863 ], [ -91.094015, 29.187711 ], [ -91.000096, 29.169481 ], [ -90.961278, 29.180817 ], [ -90.85997, 29.094961 ], [ -90.851528, 29.074295 ], [ -90.867853, 29.056064 ], [ -90.840587, 29.046269 ], [ -90.81255, 29.042138 ], [ -90.787953, 29.107629 ], [ -90.772504, 29.103164 ], [ -90.735782, 29.134622 ], [ -90.71142, 29.116351 ], [ -90.694307, 29.125071 ], [ -90.685038, 29.165551 ], [ -90.646771, 29.168664 ], [ -90.63251, 29.214416 ], [ -90.611832, 29.214831 ], [ -90.605283, 29.238272 ], [ -90.561801, 29.234951 ], [ -90.589728, 29.253305 ], [ -90.597571, 29.303268 ], [ -90.579627, 29.311662 ], [ -90.554314, 29.285235 ], [ -90.527253, 29.304051 ], [ -90.479088, 29.292179 ], [ -90.447358, 29.347614 ], [ -90.393999, 29.299019 ], [ -90.403268, 29.233811 ], [ -90.372608, 29.264813 ], [ -90.376886, 29.288655 ], [ -90.349196, 29.304512 ], [ -90.304275, 29.266161 ], [ -90.272832, 29.199032 ], [ -90.259234, 29.199583 ], [ -90.263513, 29.180597 ], [ -90.28526, 29.178003 ], [ -90.277773, 29.142822 ], [ -90.234405, 29.128824 ], [ -90.233334, 29.110655 ], [ -90.250044, 29.108067 ], [ -90.223587, 29.085075 ], [ -90.058512, 29.183687 ], [ -89.947668, 29.27127 ], [ -89.842641, 29.318823 ], [ -89.639663, 29.290531 ], [ -89.606651, 29.252023 ], [ -89.482844, 29.215053 ], [ -89.428965, 29.14451 ], [ -89.390515, 29.123576 ], [ -89.350585, 29.129598 ], [ -89.331868, 29.148645 ], [ -89.32854, 29.190567 ], [ -89.295027, 29.198867 ], [ -89.278627, 29.137642 ], [ -89.312378, 29.117503 ], [ -89.310001, 29.070981 ], [ -89.343751, 29.052906 ], [ -89.419865, 28.929709 ], [ -89.259354, 29.058358 ], [ -89.251727, 29.083172 ], [ -89.217514, 29.055675 ], [ -89.218673, 29.022515 ], [ -89.142866, 28.991623 ], [ -89.146953, 29.051659 ], [ -89.110825, 29.081159 ], [ -89.106309, 29.111481 ], [ -89.066617, 29.090714 ], [ -89.039521, 29.135463 ], [ -89.09704, 29.138784 ], [ -89.11035, 29.152693 ], [ -89.003869, 29.179881 ], [ -89.025974, 29.215153 ], [ -89.091336, 29.191086 ], [ -89.112727, 29.20229 ], [ -89.115104, 29.252901 ], [ -89.165015, 29.303039 ], [ -89.179547, 29.339608 ], [ -89.200599, 29.347672 ], [ -89.24087, 29.310081 ], [ -89.312085, 29.388038 ], [ -89.338582, 29.355445 ], [ -89.340304, 29.381412 ], [ -89.457303, 29.393148 ], [ -89.47714, 29.411241 ], [ -89.508551, 29.386168 ], [ -89.531943, 29.425679 ], [ -89.528429, 29.454702 ], [ -89.572102, 29.475217 ], [ -89.569607, 29.494044 ], [ -89.640198, 29.50356 ], [ -89.684486, 29.551073 ], [ -89.684486, 29.563263 ], [ -89.641802, 29.575573 ], [ -89.684486, 29.602867 ], [ -89.684486, 29.624804 ], [ -89.602585, 29.582188 ], [ -89.602109, 29.610295 ], [ -89.665689, 29.643145 ], [ -89.535202, 29.648567 ], [ -89.486931, 29.620447 ], [ -89.53376, 29.670204 ], [ -89.519563, 29.692215 ], [ -89.524887, 29.726566 ], [ -89.486961, 29.72592 ], [ -89.467599, 29.699019 ], [ -89.465562, 29.651738 ], [ -89.433808, 29.656365 ], [ -89.42421, 29.697638 ], [ -89.387794, 29.679991 ], [ -89.43025, 29.712606 ], [ -89.428207, 29.74155 ], [ -89.394608, 29.784828 ], [ -89.271034, 29.756355 ], [ -89.284706, 29.770021 ], [ -89.277298, 29.807608 ], [ -89.33197, 29.790524 ], [ -89.345634, 29.820135 ], [ -89.383789, 29.838928 ], [ -89.236298, 29.877081 ], [ -89.241425, 29.88961 ], [ -89.322289, 29.887333 ], [ -89.280144, 29.924915 ], [ -89.231178, 29.925484 ], [ -89.218071, 29.97275 ], [ -89.249969, 29.975597 ], [ -89.250534, 30.002361 ], [ -89.273315, 29.99382 ], [ -89.315453, 29.923208 ], [ -89.368019, 29.911491 ], [ -89.379227, 29.963804 ], [ -89.432785, 29.978752 ], [ -89.433411, 29.991205 ], [ -89.422813, 30.015495 ], [ -89.372375, 30.036671 ], [ -89.372375, 30.054729 ], [ -89.418465, 30.049747 ], [ -89.481926, 30.079128 ], [ -89.501587, 30.034037 ], [ -89.58136, 29.994722 ], [ -89.574997, 29.959455 ], [ -89.598129, 29.881409 ], [ -89.660568, 29.862909 ], [ -89.711158, 29.879287 ], [ -89.742479, 29.90817 ], [ -89.742727, 29.935894 ], [ -89.719067, 29.953699 ], [ -89.81803, 29.934145 ], [ -89.852312, 29.97765 ], [ -89.857558, 30.004439 ], [ -89.818561, 30.043328 ], [ -89.716377, 30.026222 ], [ -89.730999, 30.057581 ], [ -89.683712, 30.076018 ], [ -89.678163, 30.108286 ], [ -89.640989, 30.138612 ], [ -89.524504, 30.180753 ], [ -89.538652, 30.195797 ], [ -89.574454, 30.181697 ], [ -89.615856, 30.223195 ], [ -89.64344, 30.287682 ], [ -89.629727, 30.339287 ], [ -89.657191, 30.356515 ], [ -89.683686, 30.405873 ], [ -89.68341, 30.451793 ], [ -89.795335, 30.546563 ], [ -89.803887, 30.560581 ], [ -89.789695, 30.56658 ], [ -89.808027, 30.567998 ], [ -89.819838, 30.59534 ], [ -89.821868, 30.644024 ], [ -89.851889, 30.661199 ], [ -89.835478, 30.691166 ], [ -89.846576, 30.706209 ], [ -89.828061, 30.725018 ], [ -89.83687, 30.734661 ], [ -89.816075, 30.739366 ], [ -89.831537, 30.76761 ], [ -89.819164, 30.795229 ], [ -89.805107, 30.790596 ], [ -89.798654, 30.820855 ], [ -89.781168, 30.820123 ], [ -89.790121, 30.837983 ], [ -89.767955, 30.863858 ], [ -89.773099, 30.898338 ], [ -89.744789, 30.918933 ], [ -89.756333, 30.943498 ], [ -89.727072, 30.967395 ], [ -89.729616, 31.003927 ], [ -91.636942, 30.999416 ], [ -91.578413, 31.02403 ], [ -91.559907, 31.054119 ], [ -91.625994, 31.116896 ], [ -91.588939, 31.188959 ], [ -91.654027, 31.255753 ], [ -91.515614, 31.27821 ], [ -91.50866, 31.315131 ], [ -91.548967, 31.347255 ], [ -91.546207, 31.38248 ], [ -91.568953, 31.377629 ], [ -91.576265, 31.410498 ], [ -91.541626, 31.431706 ], [ -91.521836, 31.37517 ], [ -91.47887, 31.364955 ], [ -91.472065, 31.395925 ], [ -91.513366, 31.444396 ], [ -91.522536, 31.522078 ], [ -91.443916, 31.542466 ], [ -91.405415, 31.576466 ], [ -91.422716, 31.597065 ], [ -91.488618, 31.587466 ], [ -91.516567, 31.611818 ], [ -91.515462, 31.630372 ], [ -91.497665, 31.645371 ], [ -91.436716, 31.612665 ], [ -91.401015, 31.620365 ], [ -91.400015, 31.697864 ], [ -91.380915, 31.732464 ], [ -91.275545, 31.745515 ], [ -91.259611, 31.76129 ], [ -91.364685, 31.770345 ], [ -91.343014, 31.846861 ], [ -91.293413, 31.86016 ], [ -91.282212, 31.814762 ], [ -91.255611, 31.812662 ], [ -91.245047, 31.831447 ], [ -91.267712, 31.86266 ], [ -91.18061, 31.917959 ], [ -91.19321, 31.935658 ], [ -91.18481, 31.965557 ], [ -91.16441, 31.982557 ], [ -91.104108, 31.990357 ], [ -91.075908, 32.016828 ], [ -91.088108, 32.034455 ], [ -91.15141, 32.049255 ], [ -91.16161, 32.067754 ], [ -91.139309, 32.081754 ], [ -91.080208, 32.048355 ], [ -91.081508, 32.077754 ], [ -91.034707, 32.101053 ], [ -91.00619, 32.156957 ], [ -91.057647, 32.177354 ], [ -91.053175, 32.124237 ], [ -91.162822, 32.132694 ], [ -91.174552, 32.154978 ], [ -91.164171, 32.196888 ], [ -91.083708, 32.22645 ], [ -91.061408, 32.21865 ], [ -91.039007, 32.242349 ], [ -90.991391, 32.199443 ], [ -90.969403, 32.25252 ], [ -90.979475, 32.293702 ], [ -90.933991, 32.290343 ], [ -90.8761, 32.357754 ], [ -90.888947, 32.373246 ], [ -90.912363, 32.339454 ], [ -90.993625, 32.354047 ], [ -91.004506, 32.368144 ], [ -90.99408, 32.403862 ], [ -90.966255, 32.421027 ], [ -90.96959, 32.43949 ], [ -90.993863, 32.45085 ], [ -91.052907, 32.438442 ], [ -91.116008, 32.48314 ], [ -91.097878, 32.544751 ], [ -91.038106, 32.49044 ], [ -91.004206, 32.48214 ], [ -90.987202, 32.495663 ], [ -91.076511, 32.558829 ], [ -91.010228, 32.601927 ], [ -91.014286, 32.640482 ], [ -91.038415, 32.636443 ], [ -91.049796, 32.607188 ], [ -91.119854, 32.584795 ], [ -91.151318, 32.615919 ], [ -91.149753, 32.644041 ], [ -91.054749, 32.719229 ], [ -91.165328, 32.751301 ], [ -91.145002, 32.84287 ], [ -91.105631, 32.858396 ], [ -91.064449, 32.901064 ], [ -91.09693, 32.986412 ], [ -91.135517, 32.979657 ], [ -91.134041, 32.917676 ], [ -91.170235, 32.899391 ], [ -91.214027, 32.93032 ], [ -91.166095, 33.004291 ], [ -94.042964, 33.019219 ] ] ] ] } },
{ "type": "Feature", "properties": { "statefp": "42", "statens": "01779798", "geoidfq": "0400000US42", "geoid": "42", "stusps": "PA", "name": "Pennsylvania", "lsad": "00", "aland": 115882017582, "awater": 3397072484, "dist_miles": 1216.8354270167249 }, "geometry": { "type": "Polygon", "coordinates": [ [ [ -80.519425, 41.977523 ], [ -80.519342, 39.721403 ], [ -75.773786, 39.7222 ], [ -75.717059, 39.792325 ], [ -75.634706, 39.83041 ], [ -75.518405, 39.836432 ], [ -75.415062, 39.801919 ], [ -75.341765, 39.846082 ], [ -75.243431, 39.854597 ], [ -75.145421, 39.884213 ], [ -75.12792, 39.911813 ], [ -75.12692, 39.961112 ], [ -74.944412, 40.063211 ], [ -74.860909, 40.08371 ], [ -74.822307, 40.12671 ], [ -74.782106, 40.12081 ], [ -74.724304, 40.14701 ], [ -74.77136, 40.215399 ], [ -74.842308, 40.250508 ], [ -74.868209, 40.295207 ], [ -74.939711, 40.338006 ], [ -74.965508, 40.397337 ], [ -75.058848, 40.418065 ], [ -75.068615, 40.542223 ], [ -75.117292, 40.573211 ], [ -75.192352, 40.574257 ], [ -75.200452, 40.649219 ], [ -75.176803, 40.675715 ], [ -75.20392, 40.691498 ], [ -75.182084, 40.731522 ], [ -75.196533, 40.751631 ], [ -75.171587, 40.777745 ], [ -75.1344, 40.773765 ], [ -75.108505, 40.791094 ], [ -75.083929, 40.824471 ], [ -75.095784, 40.847082 ], [ -75.066014, 40.847591 ], [ -75.051307, 40.864698 ], [ -75.13378, 40.970973 ], [ -75.130575, 40.991093 ], [ -75.025777, 41.039806 ], [ -75.011133, 41.067521 ], [ -74.968389, 41.087797 ], [ -74.991718, 41.092284 ], [ -74.882139, 41.180836 ], [ -74.857151, 41.248975 ], [ -74.79504, 41.320407 ], [ -74.689516, 41.363843 ], [ -74.738554, 41.401191 ], [ -74.738455, 41.430641 ], [ -74.790417, 41.42166 ], [ -74.807582, 41.442847 ], [ -74.830671, 41.430503 ], [ -74.858578, 41.444427 ], [ -74.893913, 41.43893 ], [ -74.890358, 41.455324 ], [ -74.912517, 41.475605 ], [ -74.983341, 41.480894 ], [ -74.984372, 41.506611 ], [ -75.003151, 41.508101 ], [ -75.024757, 41.535099 ], [ -75.018524, 41.551802 ], [ -75.074613, 41.605711 ], [ -75.044224, 41.617978 ], [ -75.052736, 41.688393 ], [ -75.06883, 41.708161 ], [ -75.049862, 41.713309 ], [ -75.053431, 41.752538 ], [ -75.10464, 41.774203 ], [ -75.072172, 41.813732 ], [ -75.113334, 41.822782 ], [ -75.115598, 41.844638 ], [ -75.161541, 41.849836 ], [ -75.170565, 41.871608 ], [ -75.185254, 41.85993 ], [ -75.260527, 41.8638 ], [ -75.279094, 41.938917 ], [ -75.293713, 41.954593 ], [ -75.312817, 41.950182 ], [ -75.359579, 41.999445 ], [ -79.761313, 41.998808 ], [ -79.761951, 42.26986 ], [ -80.06108, 42.144857 ], [ -80.078781, 42.151457 ], [ -80.077388, 42.171262 ], [ -80.117368, 42.166341 ], [ -80.188085, 42.094257 ], [ -80.519425, 41.977523 ] ] ] } },
{ "type": "Feature", "properties": { "statefp": "46", "statens": "01785534", "geoidfq": "0400000US46", "geoid": "46", "stusps": "SD", "name": "South Dakota", "lsad": "00", "aland": 196341986509, "awater": 3387247814, "dist_miles": 2078.4106709297866 }, "geometry": { "type": "Polygon", "coordinates": [ [ [ -104.057698, 44.997431 ], [ -104.053127, 43.000585 ], [ -98.49855, 42.99856 ], [ -98.444145, 42.929242 ], [ -98.42074, 42.931924 ], [ -98.189765, 42.841628 ], [ -98.146933, 42.839823 ], [ -98.035034, 42.764205 ], [ -97.936716, 42.775754 ], [ -97.888562, 42.817251 ], [ -97.875345, 42.858724 ], [ -97.84527, 42.867734 ], [ -97.686506, 42.842435 ], [ -97.611811, 42.858367 ], [ -97.442279, 42.846224 ], [ -97.408315, 42.868334 ], [ -97.237868, 42.853139 ], [ -97.218825, 42.845848 ], [ -97.210126, 42.809296 ], [ -97.150763, 42.795566 ], [ -97.131331, 42.771929 ], [ -96.97912, 42.76009 ], [ -96.961576, 42.719841 ], [ -96.906797, 42.7338 ], [ -96.806223, 42.704154 ], [ -96.793238, 42.666024 ], [ -96.691269, 42.6562 ], [ -96.7093, 42.603753 ], [ -96.643589, 42.557604 ], [ -96.611489, 42.506088 ], [ -96.548791, 42.520547 ], [ -96.501321, 42.482749 ], [ -96.445508, 42.49063 ], [ -96.49297, 42.517282 ], [ -96.476952, 42.556079 ], [ -96.498997, 42.560832 ], [ -96.485796, 42.575001 ], [ -96.516338, 42.630435 ], [ -96.575299, 42.682665 ], [ -96.630617, 42.70588 ], [ -96.624704, 42.725497 ], [ -96.639704, 42.737071 ], [ -96.632142, 42.770863 ], [ -96.595283, 42.792982 ], [ -96.581604, 42.837521 ], [ -96.552184, 42.841864 ], [ -96.540116, 42.889678 ], [ -96.526357, 42.891852 ], [ -96.541689, 42.922576 ], [ -96.500308, 42.959391 ], [ -96.520773, 42.980385 ], [ -96.49167, 43.009707 ], [ -96.518431, 43.042068 ], [ -96.46085, 43.064033 ], [ -96.462855, 43.091419 ], [ -96.436589, 43.120842 ], [ -96.466537, 43.150281 ], [ -96.476697, 43.222014 ], [ -96.568505, 43.231554 ], [ -96.552591, 43.257769 ], [ -96.58522, 43.268878 ], [ -96.581052, 43.297118 ], [ -96.530392, 43.300034 ], [ -96.521572, 43.38564 ], [ -96.60286, 43.450907 ], [ -96.580997, 43.481384 ], [ -96.598928, 43.500457 ], [ -96.45326, 43.50039 ], [ -96.453067, 45.298115 ], [ -96.489065, 45.357071 ], [ -96.521787, 45.375645 ], [ -96.692541, 45.417338 ], [ -96.76528, 45.521414 ], [ -96.857751, 45.605962 ], [ -96.835769, 45.649648 ], [ -96.662595, 45.738682 ], [ -96.583085, 45.820024 ], [ -96.563672, 45.935245 ], [ -104.045443, 45.94531 ], [ -104.039138, 44.99852 ], [ -104.057698, 44.997431 ] ] ] } },
{ "type": "Feature", "properties": { "statefp": "16", "statens": "01779783", "geoidfq": "0400000US16", "geoid": "16", "stusps": "ID", "name": "Idaho", "lsad": "00", "aland": 214050683201, "awater": 2390817981, "dist_miles": 2847.1520744096729 }, "geometry": { "type": "Polygon", "coordinates": [ [ [ -117.242675, 44.396548 ], [ -117.189769, 44.336585 ], [ -117.222647, 44.297578 ], [ -117.198147, 44.273828 ], [ -117.143394, 44.258262 ], [ -117.104208, 44.27994 ], [ -117.05303, 44.229076 ], [ -117.031862, 44.248635 ], [ -116.975905, 44.242844 ], [ -116.971675, 44.197256 ], [ -116.925392, 44.191544 ], [ -116.894083, 44.160191 ], [ -116.933704, 44.100039 ], [ -116.977351, 44.085364 ], [ -116.973185, 44.049425 ], [ -116.934727, 44.023806 ], [ -116.936384, 43.991574 ], [ -116.975856, 43.973913 ], [ -116.959206, 43.96636 ], [ -116.960103, 43.921229 ], [ -116.97958, 43.915253 ], [ -116.98294, 43.86771 ], [ -117.021075, 43.858964 ], [ -117.009002, 43.842323 ], [ -117.032881, 43.830025 ], [ -117.021884, 43.818163 ], [ -117.026197, 41.99989 ], [ -114.831077, 42.002207 ], [ -113.893261, 41.988057 ], [ -111.046689, 42.001567 ], [ -111.048974, 44.474072 ], [ -111.108701, 44.487865 ], [ -111.138618, 44.516854 ], [ -111.132363, 44.532785 ], [ -111.173755, 44.549333 ], [ -111.186662, 44.570994 ], [ -111.224615, 44.576252 ], [ -111.237589, 44.608782 ], [ -111.224052, 44.623172 ], [ -111.252571, 44.650862 ], [ -111.269186, 44.647036 ], [ -111.268641, 44.668049 ], [ -111.32356, 44.724244 ], [ -111.355659, 44.727372 ], [ -111.384896, 44.754898 ], [ -111.414162, 44.710511 ], [ -111.438684, 44.720316 ], [ -111.48923, 44.704716 ], [ -111.473069, 44.665249 ], [ -111.512641, 44.63915 ], [ -111.505467, 44.625221 ], [ -111.524245, 44.604087 ], [ -111.505282, 44.561971 ], [ -111.469076, 44.551814 ], [ -111.471573, 44.540594 ], [ -111.516015, 44.537532 ], [ -111.585654, 44.562613 ], [ -111.614296, 44.548761 ], [ -111.704109, 44.559975 ], [ -111.715365, 44.543313 ], [ -111.821379, 44.509056 ], [ -111.870395, 44.563803 ], [ -111.947832, 44.556546 ], [ -111.980724, 44.536452 ], [ -112.032598, 44.546412 ], [ -112.036834, 44.530093 ], [ -112.068902, 44.536874 ], [ -112.106646, 44.520599 ], [ -112.136345, 44.539681 ], [ -112.183828, 44.532837 ], [ -112.221589, 44.543289 ], [ -112.242676, 44.567861 ], [ -112.286078, 44.568242 ], [ -112.319089, 44.53888 ], [ -112.354101, 44.535408 ], [ -112.358817, 44.48605 ], [ -112.38728, 44.447828 ], [ -112.473098, 44.479797 ], [ -112.500201, 44.462821 ], [ -112.54188, 44.483741 ], [ -112.664376, 44.48622 ], [ -112.719001, 44.504114 ], [ -112.776027, 44.484114 ], [ -112.835925, 44.422423 ], [ -112.813131, 44.377873 ], [ -112.855286, 44.359745 ], [ -112.884701, 44.398135 ], [ -113.003435, 44.450584 ], [ -113.026039, 44.496786 ], [ -113.007085, 44.52573 ], [ -113.042241, 44.54192 ], [ -113.037403, 44.564132 ], [ -113.082374, 44.59546 ], [ -113.04924, 44.62915 ], [ -113.070474, 44.679429 ], [ -113.097955, 44.697247 ], [ -113.102029, 44.728797 ], [ -113.134715, 44.752533 ], [ -113.131344, 44.772607 ], [ -113.247057, 44.82272 ], [ -113.341595, 44.784623 ], [ -113.355953, 44.819568 ], [ -113.422193, 44.840141 ], [ -113.457061, 44.873945 ], [ -113.498636, 44.942084 ], [ -113.443673, 44.95966 ], [ -113.451861, 45.059017 ], [ -113.520291, 45.089805 ], [ -113.509762, 45.114739 ], [ -113.574561, 45.128181 ], [ -113.599397, 45.190884 ], [ -113.684837, 45.253476 ], [ -113.68925, 45.28332 ], [ -113.73862, 45.329511 ], [ -113.732983, 45.389943 ], [ -113.776934, 45.415402 ], [ -113.764225, 45.422255 ], [ -113.784051, 45.454716 ], [ -113.760139, 45.486337 ], [ -113.767878, 45.51899 ], [ -113.834446, 45.520499 ], [ -113.801468, 45.584548 ], [ -113.80662, 45.601916 ], [ -113.861295, 45.62343 ], [ -113.904582, 45.621777 ], [ -113.897095, 45.641257 ], [ -113.938364, 45.695809 ], [ -114.015524, 45.695897 ], [ -114.014864, 45.653778 ], [ -114.06751, 45.627476 ], [ -114.086475, 45.59095 ], [ -114.122213, 45.58403 ], [ -114.13514, 45.557235 ], [ -114.192693, 45.536366 ], [ -114.248012, 45.545647 ], [ -114.270608, 45.485886 ], [ -114.333109, 45.459086 ], [ -114.368411, 45.492486 ], [ -114.415695, 45.509523 ], [ -114.460433, 45.561053 ], [ -114.558929, 45.565476 ], [ -114.538023, 45.606604 ], [ -114.563543, 45.637182 ], [ -114.507536, 45.658719 ], [ -114.495312, 45.703091 ], [ -114.566063, 45.773634 ], [ -114.514781, 45.840794 ], [ -114.443246, 45.861794 ], [ -114.409184, 45.853056 ], [ -114.388134, 45.88211 ], [ -114.43105, 45.935507 ], [ -114.404599, 45.95567 ], [ -114.411783, 45.977653 ], [ -114.478393, 45.992527 ], [ -114.480132, 46.030095 ], [ -114.506213, 46.030606 ], [ -114.467451, 46.066158 ], [ -114.45994, 46.096874 ], [ -114.524837, 46.142031 ], [ -114.510664, 46.166139 ], [ -114.445819, 46.173703 ], [ -114.445926, 46.220992 ], [ -114.47037, 46.26709 ], [ -114.425478, 46.287669 ], [ -114.433369, 46.305272 ], [ -114.410573, 46.360443 ], [ -114.422349, 46.386867 ], [ -114.37278, 46.435902 ], [ -114.403293, 46.498181 ], [ -114.341963, 46.519449 ], [ -114.324451, 46.653349 ], [ -114.35948, 46.668846 ], [ -114.424315, 46.660418 ], [ -114.464474, 46.63373 ], [ -114.544033, 46.647613 ], [ -114.610656, 46.637564 ], [ -114.641443, 46.679492 ], [ -114.622124, 46.708237 ], [ -114.646645, 46.730248 ], [ -114.695757, 46.740096 ], [ -114.716103, 46.714265 ], [ -114.766008, 46.697015 ], [ -114.787462, 46.714943 ], [ -114.765346, 46.757905 ], [ -114.864783, 46.814172 ], [ -114.890593, 46.803692 ], [ -114.926799, 46.833437 ], [ -114.929957, 46.855197 ], [ -114.948261, 46.860009 ], [ -114.924401, 46.917853 ], [ -114.960597, 46.93001 ], [ -115.001274, 46.971901 ], [ -115.047857, 46.969532 ], [ -115.088044, 47.045883 ], [ -115.128537, 47.067002 ], [ -115.143677, 47.101045 ], [ -115.243106, 47.150729 ], [ -115.262422, 47.181687 ], [ -115.300395, 47.187909 ], [ -115.292001, 47.209631 ], [ -115.3193, 47.254404 ], [ -115.480384, 47.281641 ], [ -115.528752, 47.302677 ], [ -115.548913, 47.347034 ], [ -115.576988, 47.366599 ], [ -115.642411, 47.377645 ], [ -115.657304, 47.400208 ], [ -115.721073, 47.424812 ], [ -115.75922, 47.423762 ], [ -115.718086, 47.451895 ], [ -115.649011, 47.456218 ], [ -115.629488, 47.47961 ], [ -115.685435, 47.484603 ], [ -115.710786, 47.516277 ], [ -115.695916, 47.527942 ], [ -115.752381, 47.543388 ], [ -115.692841, 47.59939 ], [ -115.694444, 47.623761 ], [ -115.736161, 47.654532 ], [ -115.722767, 47.695307 ], [ -115.773685, 47.717708 ], [ -115.796877, 47.756457 ], [ -115.831646, 47.755555 ], [ -115.851764, 47.826937 ], [ -115.915973, 47.853445 ], [ -116.049108, 47.976842 ], [ -116.049086, 49.000846 ], [ -117.032351, 48.999188 ], [ -117.034696, 46.418318 ], [ -117.06263, 46.352522 ], [ -116.986688, 46.296662 ], [ -116.991134, 46.276342 ], [ -116.955264, 46.23088 ], [ -116.965841, 46.203417 ], [ -116.92187, 46.167808 ], [ -116.955263, 46.102237 ], [ -116.981962, 46.084915 ], [ -116.942656, 46.061 ], [ -116.859795, 45.907264 ], [ -116.796051, 45.858473 ], [ -116.782676, 45.825376 ], [ -116.711822, 45.826267 ], [ -116.665344, 45.781998 ], [ -116.593004, 45.778541 ], [ -116.546643, 45.750972 ], [ -116.535396, 45.691734 ], [ -116.487894, 45.649769 ], [ -116.463635, 45.602785 ], [ -116.523638, 45.54661 ], [ -116.553473, 45.499107 ], [ -116.554829, 45.46293 ], [ -116.588195, 45.44292 ], [ -116.673793, 45.321511 ], [ -116.674493, 45.276349 ], [ -116.703607, 45.239757 ], [ -116.729607, 45.142091 ], [ -116.847944, 45.022602 ], [ -116.858313, 44.978761 ], [ -116.83199, 44.933007 ], [ -116.852427, 44.887577 ], [ -116.931099, 44.804781 ], [ -116.9347, 44.783881 ], [ -117.062273, 44.727143 ], [ -117.124754, 44.583834 ], [ -117.148255, 44.564371 ], [ -117.149242, 44.536151 ], [ -117.225076, 44.482346 ], [ -117.215072, 44.427162 ], [ -117.242675, 44.396548 ] ] ] } },
{ "type": "Feature", "properties": { "statefp": "25", "statens": "00606926", "geoidfq": "0400000US25", "geoid": "25", "stusps": "MA", "name": "Massachusetts", "lsad": "00", "aland": 20204475228, "awater": 7130575380, "dist_miles": 1451.5014993010832 }, "geometry": { "type": "MultiPolygon", "coordinates": [ [ [ [ -70.270725, 41.308932 ], [ -70.254719, 41.288673 ], [ -70.118669, 41.242351 ], [ -70.001586, 41.239353 ], [ -69.960181, 41.264546 ], [ -70.023266, 41.378624 ], [ -70.039184, 41.373029 ], [ -70.031332, 41.339332 ], [ -70.082072, 41.299093 ], [ -70.220973, 41.291674 ], [ -70.270725, 41.308932 ] ] ], [ [ [ -70.826503, 41.259594 ], [ -70.812222, 41.249408 ], [ -70.801561, 41.25841 ], [ -70.811965, 41.264839 ], [ -70.826503, 41.259594 ] ] ], [ [ [ -70.833802, 41.353386 ], [ -70.775665, 41.300982 ], [ -70.709826, 41.341723 ], [ -70.451084, 41.348161 ], [ -70.446233, 41.39648 ], [ -70.450431, 41.420703 ], [ -70.463833, 41.419145 ], [ -70.484503, 41.38629 ], [ -70.501306, 41.385391 ], [ -70.547567, 41.415831 ], [ -70.56328, 41.469127 ], [ -70.603555, 41.482384 ], [ -70.701378, 41.430925 ], [ -70.774974, 41.349176 ], [ -70.833802, 41.353386 ] ] ], [ [ [ -73.508142, 42.086257 ], [ -73.496879, 42.049675 ], [ -72.813541, 42.036494 ], [ -72.816741, 41.997595 ], [ -72.766739, 42.002995 ], [ -72.755838, 42.036195 ], [ -71.80065, 42.023569 ], [ -71.799242, 42.008065 ], [ -71.381401, 42.018798 ], [ -71.3817, 41.893199 ], [ -71.338698, 41.898399 ], [ -71.340697, 41.7983 ], [ -71.261392, 41.752301 ], [ -71.19564, 41.67509 ], [ -71.132888, 41.660102 ], [ -71.14091, 41.607405 ], [ -71.12057, 41.497448 ], [ -71.085663, 41.509292 ], [ -71.035514, 41.499047 ], [ -70.986538, 41.513023 ], [ -70.969786, 41.533951 ], [ -70.947929, 41.529802 ], [ -70.932077, 41.544304 ], [ -70.948797, 41.579038 ], [ -70.931338, 41.5842 ], [ -70.933872, 41.607126 ], [ -70.896846, 41.602233 ], [ -70.902338, 41.618663 ], [ -70.886623, 41.631558 ], [ -70.860567, 41.590034 ], [ -70.821824, 41.585555 ], [ -70.852863, 41.625343 ], [ -70.801063, 41.629513 ], [ -70.813286, 41.65567 ], [ -70.760632, 41.64603 ], [ -70.755347, 41.694326 ], [ -70.716081, 41.692628 ], [ -70.726331, 41.732731 ], [ -70.626529, 41.712995 ], [ -70.62544, 41.698691 ], [ -70.65328, 41.686252 ], [ -70.63598, 41.659233 ], [ -70.652614, 41.637829 ], [ -70.640948, 41.577325 ], [ -70.658659, 41.543385 ], [ -70.802186, 41.460864 ], [ -70.928165, 41.431265 ], [ -70.949287, 41.418308 ], [ -70.941987, 41.407539 ], [ -70.79027, 41.446339 ], [ -70.633607, 41.538254 ], [ -70.485571, 41.554244 ], [ -70.437246, 41.605329 ], [ -70.379151, 41.611361 ], [ -70.351634, 41.634687 ], [ -70.28132, 41.635125 ], [ -70.264934, 41.610474 ], [ -70.191061, 41.645259 ], [ -70.007189, 41.67219 ], [ -69.973556, 41.647363 ], [ -70.013606, 41.551046 ], [ -69.998341, 41.542737 ], [ -69.928261, 41.6917 ], [ -69.935952, 41.809422 ], [ -69.968598, 41.9117 ], [ -70.033501, 42.017736 ], [ -70.082624, 42.054657 ], [ -70.189305, 42.082337 ], [ -70.245385, 42.063733 ], [ -70.197944, 42.019074 ], [ -70.179612, 42.023871 ], [ -70.186816, 42.05045 ], [ -70.155415, 42.062409 ], [ -70.095595, 42.032832 ], [ -70.077421, 41.985497 ], [ -70.077907, 41.900968 ], [ -70.062053, 41.898662 ], [ -70.055162, 41.926796 ], [ -70.030537, 41.929154 ], [ -70.020296, 41.898057 ], [ -70.000013, 41.890328 ], [ -70.008462, 41.800786 ], [ -70.064314, 41.772845 ], [ -70.216073, 41.742981 ], [ -70.259205, 41.713954 ], [ -70.290957, 41.734312 ], [ -70.412476, 41.744397 ], [ -70.494048, 41.773883 ], [ -70.54103, 41.815754 ], [ -70.525567, 41.85873 ], [ -70.552941, 41.929641 ], [ -70.583572, 41.950007 ], [ -70.616491, 41.940204 ], [ -70.662476, 41.960592 ], [ -70.710034, 41.999544 ], [ -70.695809, 42.013346 ], [ -70.670934, 42.007786 ], [ -70.66936, 42.037116 ], [ -70.644337, 42.045895 ], [ -70.63848, 42.081579 ], [ -70.714301, 42.168783 ], [ -70.722269, 42.207959 ], [ -70.770964, 42.249197 ], [ -70.851093, 42.26827 ], [ -70.882764, 42.30886 ], [ -70.935272, 42.302101 ], [ -70.956219, 42.270794 ], [ -70.996097, 42.271222 ], [ -71.006158, 42.28811 ], [ -70.986667, 42.306265 ], [ -71.014052, 42.319159 ], [ -71.006877, 42.347039 ], [ -70.950092, 42.351712 ], [ -70.989854, 42.403296 ], [ -70.982994, 42.423996 ], [ -70.952234, 42.45177 ], [ -70.939886, 42.422512 ], [ -70.912201, 42.416702 ], [ -70.927713, 42.460892 ], [ -70.894292, 42.460896 ], [ -70.831955, 42.501896 ], [ -70.866279, 42.522617 ], [ -70.871382, 42.546404 ], [ -70.698574, 42.577393 ], [ -70.676743, 42.594833 ], [ -70.653642, 42.581971 ], [ -70.61842, 42.62864 ], [ -70.591469, 42.639821 ], [ -70.594959, 42.656657 ], [ -70.622791, 42.660873 ], [ -70.62998, 42.691879 ], [ -70.689402, 42.653319 ], [ -70.778671, 42.693622 ], [ -70.770453, 42.704824 ], [ -70.80522, 42.781798 ], [ -70.817296, 42.87229 ], [ -70.848625, 42.860939 ], [ -70.902768, 42.88653 ], [ -71.031201, 42.859089 ], [ -71.064201, 42.806289 ], [ -71.132503, 42.821389 ], [ -71.165603, 42.808689 ], [ -71.186104, 42.790689 ], [ -71.181803, 42.73759 ], [ -71.245504, 42.742589 ], [ -71.294205, 42.69699 ], [ -73.264957, 42.74594 ], [ -73.508142, 42.086257 ] ] ] ] } },
{ "type": "Feature", "properties": { "statefp": "78", "statens": "01802710", "geoidfq": "0400000US78", "geoid": "78", "stusps": "VI", "name": "United States Virgin Islands", "lsad": "00", "aland": 348021915, "awater": 1550236186, "dist_miles": 1231.4431969644711 }, "geometry": { "type": "MultiPolygon", "coordinates": [ [ [ [ -64.797871882262598, 18.333252620569596 ], [ -64.780893, 18.310644 ], [ -64.748041, 18.324368 ], [ -64.709627, 18.303395 ], [ -64.704631, 18.347894 ], [ -64.669574, 18.332268 ], [ -64.662357, 18.343426 ], [ -64.744654, 18.372844 ], [ -64.797871882262598, 18.333252620569596 ] ] ], [ [ [ -64.887452, 17.763356 ], [ -64.888018, 17.691276 ], [ -64.833653, 17.682625 ], [ -64.714889, 17.700545 ], [ -64.566547, 17.756987 ], [ -64.694601, 17.752669 ], [ -64.778801, 17.783583 ], [ -64.836351, 17.76081 ], [ -64.887452, 17.763356 ] ] ], [ [ [ -64.917647, 18.405835 ], [ -64.912772, 18.389207 ], [ -64.899837, 18.393491 ], [ -64.903464, 18.412504 ], [ -64.917647, 18.405835 ] ] ], [ [ [ -65.036055, 18.360241 ], [ -65.034283, 18.342846 ], [ -64.988265, 18.349289 ], [ -64.962803, 18.308765 ], [ -64.924692, 18.330051 ], [ -64.878847, 18.302774 ], [ -64.856609, 18.318815 ], [ -64.826548, 18.305468 ], [ -64.857997, 18.350023 ], [ -64.798665, 18.363571 ], [ -64.960691, 18.370094 ], [ -64.977566, 18.399712 ], [ -64.983049, 18.371193 ], [ -65.036055, 18.360241 ] ] ], [ [ [ -65.079899, 18.350334 ], [ -65.084927, 18.332903 ], [ -65.06908, 18.342171 ], [ -65.079899, 18.350334 ] ] ] ] } },
{ "type": "Feature", "properties": { "statefp": "60", "statens": "01802701", "geoidfq": "0400000US60", "geoid": "60", "stusps": "AS", "name": "American Samoa", "lsad": "00", "aland": 197759070, "awater": 1307243751, "dist_miles": 6882.2370808462592 }, "geometry": { "type": "MultiPolygon", "coordinates": [ [ [ [ -168.149508, -14.531343 ], [ -168.16103, -14.549394 ], [ -168.139729, -14.549541 ], [ -168.149508, -14.531343 ] ] ], [ [ [ -169.519575, -14.221301 ], [ -169.491204, -14.271503 ], [ -169.454502, -14.248712 ], [ -169.423237, -14.255572 ], [ -169.427311, -14.211574 ], [ -169.519575, -14.221301 ] ] ], [ [ [ -169.687268, -14.164298 ], [ -169.66987, -14.185637 ], [ -169.637657, -14.173944 ], [ -169.612684, -14.193334 ], [ -169.606244, -14.179954 ], [ -169.613896, -14.154685 ], [ -169.687268, -14.164298 ] ] ], [ [ [ -170.847001, -14.320076 ], [ -170.798916, -14.333455 ], [ -170.759768, -14.37374 ], [ -170.663265, -14.291052 ], [ -170.572269, -14.271407 ], [ -170.54608, -14.28259 ], [ -170.562274, -14.245319 ], [ -170.660074, -14.24636 ], [ -170.671555, -14.229563 ], [ -170.740283, -14.287596 ], [ -170.798359, -14.289397 ], [ -170.847001, -14.320076 ] ] ], [ [ [ -171.089564, -11.051298 ], [ -171.080865, -11.064603 ], [ -171.066074, -11.055675 ], [ -171.073635, -11.046934 ], [ -171.089564, -11.051298 ] ] ] ] } },
{ "type": "Feature", "properties": { "statefp": "66", "statens": "01802705", "geoidfq": "0400000US66", "geoid": "66", "stusps": "GU", "name": "Guam", "lsad": "00", "aland": 543555846, "awater": 934337452, "dist_miles": 15583.956103397437 }, "geometry": { "type": "Polygon", "coordinates": [ [ [ 144.622528572660002, 13.453013668103301 ], [ 144.663076, 13.401057 ], [ 144.635321, 13.358641 ], [ 144.661895, 13.271425 ], [ 144.723803, 13.246122 ], [ 144.767521, 13.293537 ], [ 144.788227, 13.415441 ], [ 144.924469, 13.520261 ], [ 144.957642, 13.593935 ], [ 144.906843, 13.606036 ], [ 144.856585, 13.652522 ], [ 144.796736, 13.506426 ], [ 144.770358, 13.502395 ], [ 144.769579, 13.484196 ], [ 144.622528572660002, 13.453013668103301 ] ] ] } },
{ "type": "Feature", "properties": { "statefp": "69", "statens": "01779809", "geoidfq": "0400000US69", "geoid": "69", "stusps": "MP", "name": "Commonwealth of the Northern Mariana Islands", "lsad": "00", "aland": 472292520, "awater": 4644252457, "dist_miles": 15631.579705218748 }, "geometry": { "type": "MultiPolygon", "coordinates": [ [ [ [ 146.054334, 16.027191 ], [ 146.060428, 16.00592 ], [ 146.068295, 16.021068 ], [ 146.054334, 16.027191 ] ] ], [ [ [ 145.832722, 17.316338 ], [ 145.844675, 17.296594 ], [ 145.855608, 17.309129 ], [ 145.847723, 17.319011 ], [ 145.832722, 17.316338 ] ] ], [ [ [ 145.814982, 17.604046 ], [ 145.826787, 17.579716 ], [ 145.851498, 17.593139 ], [ 145.834941, 17.620761 ], [ 145.814982, 17.604046 ] ] ], [ [ [ 145.767394, 16.707646 ], [ 145.784306, 16.690353 ], [ 145.791435, 16.701137 ], [ 145.778363, 16.720487 ], [ 145.767394, 16.707646 ] ] ], [ [ [ 145.710624, 18.068836 ], [ 145.709974, 18.044529 ], [ 145.729245, 18.049838 ], [ 145.767667, 18.097079 ], [ 145.7983, 18.108421 ], [ 145.806526, 18.157107 ], [ 145.760537, 18.164842 ], [ 145.758053, 18.113649 ], [ 145.710624, 18.068836 ] ] ], [ [ [ 145.711231, 15.24851 ], [ 145.712573, 15.233218 ], [ 145.719536, 15.238594 ], [ 145.711231, 15.24851 ] ] ], [ [ [ 145.689455, 15.127783 ], [ 145.707024, 15.106965 ], [ 145.751808, 15.099866 ], [ 145.746155, 15.153261 ], [ 145.792541, 15.149403 ], [ 145.781021, 15.207426 ], [ 145.826387, 15.25956 ], [ 145.819086, 15.286507 ], [ 145.715773, 15.216599 ], [ 145.689455, 15.127783 ] ] ], [ [ [ 145.636331, 18.778797 ], [ 145.640508, 18.746515 ], [ 145.667302, 18.725113 ], [ 145.692762, 18.744911 ], [ 145.696479, 18.788546 ], [ 145.679949, 18.805672 ], [ 145.656978, 18.812816 ], [ 145.636331, 18.778797 ] ] ], [ [ [ 145.63348, 16.367997 ], [ 145.646469, 16.331909 ], [ 145.724252, 16.347704 ], [ 145.703519, 16.369656 ], [ 145.63348, 16.367997 ] ] ], [ [ [ 145.598162, 15.054934 ], [ 145.582807, 14.993032 ], [ 145.597438, 14.990146 ], [ 145.635249, 14.92271 ], [ 145.645278, 14.927232 ], [ 145.664316, 14.947544 ], [ 145.672317, 15.000384 ], [ 145.648621, 15.033912 ], [ 145.660973, 15.055345 ], [ 145.64518, 15.101164 ], [ 145.598162, 15.054934 ] ] ], [ [ [ 145.578631, 14.860024 ], [ 145.534417, 14.845565 ], [ 145.545481, 14.840414 ], [ 145.578631, 14.860024 ] ] ], [ [ [ 145.38964, 19.69691 ], [ 145.403505, 19.675591 ], [ 145.418056, 19.691224 ], [ 145.398785, 19.706365 ], [ 145.38964, 19.69691 ] ] ], [ [ [ 145.210161, 20.030317 ], [ 145.214212, 20.010747 ], [ 145.238815, 20.020457 ], [ 145.229967, 20.032092 ], [ 145.210161, 20.030317 ] ] ], [ [ [ 145.118768, 14.124787 ], [ 145.210223, 14.116141 ], [ 145.239319, 14.149728 ], [ 145.28335, 14.160675 ], [ 145.289473, 14.190939 ], [ 145.235669, 14.198274 ], [ 145.161141, 14.168482 ], [ 145.118768, 14.124787 ] ] ], [ [ [ 144.893006, 20.557251 ], [ 144.895382, 20.533882 ], [ 144.906078, 20.542785 ], [ 144.893006, 20.557251 ] ] ] ] } },
{ "type": "Feature", "properties": { "statefp": "36", "statens": "01779796", "geoidfq": "0400000US36", "geoid": "36", "stusps": "NY", "name": "New York", "lsad": "00", "aland": 122049344560, "awater": 19256566831, "dist_miles": 1435.4077459671787 }, "geometry": { "type": "MultiPolygon", "coordinates": [ [ [ [ -72.037994, 41.253509 ], [ -72.002461, 41.252867 ], [ -71.925194, 41.287327 ], [ -72.018926, 41.274114 ], [ -72.037994, 41.253509 ] ] ], [ [ [ -72.142929, 41.097811 ], [ -72.105559, 41.085855 ], [ -72.099607, 41.054255 ], [ -72.083736, 41.060061 ], [ -72.084207, 41.101524 ], [ -72.126704, 41.115139 ], [ -72.142929, 41.097811 ] ] ], [ [ [ -72.21412, 41.182817 ], [ -72.199859, 41.160453 ], [ -72.158265, 41.197126 ], [ -72.189163, 41.193549 ], [ -72.21412, 41.182817 ] ] ], [ [ [ -74.259005421110786, 40.502873049142799 ], [ -74.219787, 40.502603 ], [ -74.112585, 40.547603 ], [ -74.053125, 40.603678 ], [ -74.0697, 40.641216 ], [ -74.188344, 40.644264 ], [ -74.215278, 40.560241 ], [ -74.247415, 40.5492 ], [ -74.259005421110786, 40.502873049142799 ] ] ], [ [ [ -76.3013, 43.917751 ], [ -76.351622, 43.882157 ], [ -76.327627, 43.881779 ], [ -76.3013, 43.917751 ] ] ], [ [ [ -76.445011, 43.896897 ], [ -76.434956, 43.886545 ], [ -76.385932, 43.919651 ], [ -76.400885, 43.923041 ], [ -76.445011, 43.896897 ] ] ], [ [ [ -79.761951, 42.26986 ], [ -79.761313, 41.998808 ], [ -75.359579, 41.999445 ], [ -75.312817, 41.950182 ], [ -75.293713, 41.954593 ], [ -75.279094, 41.938917 ], [ -75.260527, 41.8638 ], [ -75.185254, 41.85993 ], [ -75.170565, 41.871608 ], [ -75.161541, 41.849836 ], [ -75.115598, 41.844638 ], [ -75.113334, 41.822782 ], [ -75.072172, 41.813732 ], [ -75.10464, 41.774203 ], [ -75.053431, 41.752538 ], [ -75.049862, 41.713309 ], [ -75.06883, 41.708161 ], [ -75.052736, 41.688393 ], [ -75.044224, 41.617978 ], [ -75.074613, 41.605711 ], [ -75.018524, 41.551802 ], [ -75.024757, 41.535099 ], [ -75.003151, 41.508101 ], [ -74.984372, 41.506611 ], [ -74.983341, 41.480894 ], [ -74.912517, 41.475605 ], [ -74.890358, 41.455324 ], [ -74.893913, 41.43893 ], [ -74.858578, 41.444427 ], [ -74.830671, 41.430503 ], [ -74.807582, 41.442847 ], [ -74.790417, 41.42166 ], [ -74.738455, 41.430641 ], [ -74.740963, 41.40512 ], [ -74.691129, 41.367324 ], [ -74.696398, 41.357339 ], [ -73.893979, 40.997197 ], [ -73.929006, 40.889578 ], [ -74.047285, 40.690503 ], [ -74.020467, 40.67877 ], [ -74.042412, 40.624847 ], [ -74.032856, 40.604421 ], [ -74.003281, 40.595754 ], [ -74.012022, 40.574528 ], [ -73.929564, 40.576271 ], [ -73.93035, 40.546696 ], [ -73.774928, 40.590759 ], [ -73.559093, 40.582027 ], [ -73.351465, 40.6305 ], [ -73.262106, 40.621476 ], [ -73.054963, 40.666371 ], [ -72.39585, 40.86666 ], [ -71.903494, 41.040891 ], [ -71.856365, 41.071104 ], [ -71.904173, 41.084106 ], [ -71.959595, 41.071237 ], [ -71.958981, 41.045743 ], [ -71.990798, 41.047695 ], [ -72.020025, 41.022247 ], [ -72.05585, 41.021995 ], [ -72.110715, 40.99515 ], [ -72.153857, 41.051859 ], [ -72.190563, 41.032579 ], [ -72.260515, 41.042065 ], [ -72.280373, 41.080402 ], [ -72.339463, 41.111101 ], [ -72.321157, 41.131901 ], [ -72.261608, 41.129645 ], [ -72.237731, 41.156434 ], [ -72.278789, 41.158722 ], [ -72.35396, 41.139252 ], [ -72.394835, 41.097044 ], [ -72.445242, 41.086116 ], [ -72.477306, 41.052212 ], [ -72.635562, 40.981957 ], [ -72.913834, 40.962466 ], [ -73.119931, 40.975458 ], [ -73.153509, 40.961494 ], [ -73.148994, 40.928898 ], [ -73.229285, 40.905121 ], [ -73.352761, 40.926697 ], [ -73.392906, 40.954675 ], [ -73.404088, 40.905083 ], [ -73.435234, 40.907192 ], [ -73.437131, 40.934269 ], [ -73.485365, 40.946397 ], [ -73.496642, 40.923476 ], [ -73.473516, 40.895464 ], [ -73.478885, 40.872169 ], [ -73.514999, 40.912821 ], [ -73.569969, 40.915398 ], [ -73.641072, 40.892599 ], [ -73.657115, 40.841156 ], [ -73.729575, 40.8665 ], [ -73.776032, 40.795275 ], [ -73.815205, 40.831075 ], [ -73.806914, 40.849501 ], [ -73.783178, 40.836838 ], [ -73.76715, 40.845771 ], [ -73.792566, 40.863324 ], [ -73.766276, 40.881099 ], [ -73.773504, 40.893612 ], [ -73.655972, 40.979597 ], [ -73.654671, 41.011697 ], [ -73.727775, 41.100696 ], [ -73.482709, 41.21276 ], [ -73.550961, 41.295422 ], [ -73.489615, 42.000092 ], [ -73.487314, 42.049638 ], [ -73.508142, 42.086257 ], [ -73.264957, 42.74594 ], [ -73.276421, 42.746019 ], [ -73.290944, 42.80192 ], [ -73.278673, 42.83341 ], [ -73.241589, 43.534973 ], [ -73.258631, 43.564949 ], [ -73.294621, 43.57897 ], [ -73.306234, 43.628018 ], [ -73.371889, 43.624489 ], [ -73.395767, 43.568087 ], [ -73.431229, 43.588285 ], [ -73.417668, 43.621687 ], [ -73.426463, 43.642598 ], [ -73.350593, 43.771939 ], [ -73.392492, 43.820779 ], [ -73.372247, 43.845337 ], [ -73.374051, 43.875563 ], [ -73.408589, 43.932933 ], [ -73.407739, 44.021312 ], [ -73.43774, 44.045006 ], [ -73.390583, 44.190886 ], [ -73.312852, 44.265346 ], [ -73.334939, 44.364441 ], [ -73.293613, 44.440559 ], [ -73.306707, 44.500334 ], [ -73.374389, 44.575455 ], [ -73.390231, 44.618353 ], [ -73.361308, 44.694523 ], [ -73.365561, 44.741786 ], [ -73.333154, 44.788759 ], [ -73.381359, 44.845021 ], [ -73.338979, 44.917681 ], [ -73.338243, 44.96475 ], [ -73.354633, 44.987352 ], [ -73.343124, 45.01084 ], [ -74.146814, 44.9915 ], [ -74.702018, 45.003322 ], [ -74.731301, 44.990422 ], [ -74.826578, 45.01585 ], [ -74.907956, 44.983359 ], [ -74.992756, 44.977449 ], [ -75.027125, 44.946568 ], [ -75.283136, 44.849156 ], [ -75.76623, 44.515851 ], [ -75.807778, 44.471644 ], [ -75.82083, 44.432244 ], [ -75.912985, 44.368084 ], [ -76.161833, 44.280777 ], [ -76.164265, 44.239603 ], [ -76.206777, 44.214543 ], [ -76.312647, 44.199044 ], [ -76.370706, 44.100499 ], [ -76.361836, 44.072721 ], [ -76.383338, 44.037361 ], [ -76.321297, 44.031208 ], [ -76.269672, 44.001148 ], [ -76.283639, 43.962648 ], [ -76.207982, 43.979693 ], [ -76.138625, 43.958003 ], [ -76.126524, 43.932213 ], [ -76.124742, 43.897693 ], [ -76.201365, 43.85996 ], [ -76.21839, 43.866575 ], [ -76.208083, 43.89207 ], [ -76.221033, 43.897545 ], [ -76.296758, 43.857079 ], [ -76.296029, 43.844291 ], [ -76.230732, 43.81084 ], [ -76.213205, 43.753513 ], [ -76.196596, 43.649761 ], [ -76.209853, 43.560136 ], [ -76.228701, 43.532987 ], [ -76.297103, 43.51287 ], [ -76.417581, 43.521285 ], [ -76.635167, 43.407968 ], [ -76.69836, 43.344436 ], [ -76.785823, 43.310871 ], [ -76.958568, 43.269229 ], [ -77.149841, 43.288184 ], [ -77.396333, 43.274748 ], [ -77.534184, 43.234569 ], [ -77.577223, 43.243263 ], [ -77.760231, 43.341161 ], [ -78.104509, 43.375628 ], [ -78.488857, 43.374763 ], [ -78.634346, 43.357624 ], [ -79.070469, 43.262454 ], [ -79.042366, 43.143655 ], [ -79.074467, 43.077855 ], [ -79.01053, 43.064389 ], [ -79.019964, 42.994756 ], [ -78.918859, 42.946857 ], [ -78.905659, 42.923357 ], [ -78.912458, 42.886557 ], [ -78.891655, 42.884845 ], [ -78.865592, 42.852358 ], [ -78.853455, 42.783958 ], [ -78.918157, 42.737258 ], [ -79.04886, 42.689158 ], [ -79.06376, 42.644758 ], [ -79.111361, 42.613358 ], [ -79.148723, 42.553672 ], [ -79.351989, 42.48892 ], [ -79.453533, 42.411157 ], [ -79.761951, 42.26986 ] ] ] ] } },
{ "type": "Feature", "properties": { "statefp": "44", "statens": "01219835", "geoidfq": "0400000US44", "geoid": "44", "stusps": "RI", "name": "Rhode Island", "lsad": "00", "aland": 2677770297, "awater": 1323680040, "dist_miles": 1409.2626573098255 }, "geometry": { "type": "MultiPolygon", "coordinates": [ [ [ [ -71.36152, 41.464831 ], [ -71.351096, 41.450802 ], [ -71.311394, 41.450802 ], [ -71.285639, 41.487805 ], [ -71.24071, 41.474872 ], [ -71.227989, 41.528297 ], [ -71.240709, 41.619225 ], [ -71.21616, 41.62549 ], [ -71.196857, 41.461116 ], [ -71.12057, 41.497448 ], [ -71.14091, 41.607405 ], [ -71.132888, 41.660102 ], [ -71.19564, 41.67509 ], [ -71.271862, 41.623986 ], [ -71.285142, 41.577127 ], [ -71.343013, 41.495615 ], [ -71.327379, 41.476386 ], [ -71.36152, 41.464831 ] ] ], [ [ [ -71.366165, 41.66098 ], [ -71.325877, 41.623988 ], [ -71.335949, 41.585898 ], [ -71.317474, 41.583187 ], [ -71.30555, 41.622523 ], [ -71.344821, 41.667005 ], [ -71.366165, 41.66098 ] ] ], [ [ [ -71.370194, 41.573963 ], [ -71.399568, 41.448596 ], [ -71.360403, 41.483121 ], [ -71.370194, 41.573963 ] ] ], [ [ [ -71.613133, 41.160281 ], [ -71.5937, 41.146339 ], [ -71.545612, 41.15693 ], [ -71.566572, 41.184746 ], [ -71.561093, 41.224207 ], [ -71.576661, 41.224434 ], [ -71.613133, 41.160281 ] ] ], [ [ [ -71.829595, 41.344544 ], [ -71.857432, 41.306318 ], [ -71.72074, 41.331567 ], [ -71.555381, 41.373316 ], [ -71.483295, 41.371722 ], [ -71.455371, 41.407962 ], [ -71.455845, 41.432986 ], [ -71.418404, 41.472652 ], [ -71.417398, 41.534536 ], [ -71.447712, 41.5804 ], [ -71.40377, 41.589321 ], [ -71.409302, 41.662643 ], [ -71.444468, 41.664409 ], [ -71.449318, 41.687401 ], [ -71.390551, 41.684096 ], [ -71.37791, 41.666646 ], [ -71.365717, 41.694947 ], [ -71.390557, 41.783708 ], [ -71.371542, 41.783354 ], [ -71.336131, 41.724959 ], [ -71.291217, 41.702666 ], [ -71.306095, 41.672575 ], [ -71.285346, 41.636853 ], [ -71.235352, 41.672134 ], [ -71.245335, 41.694855 ], [ -71.225709, 41.711603 ], [ -71.261392, 41.752301 ], [ -71.340697, 41.7983 ], [ -71.338698, 41.898399 ], [ -71.3817, 41.893199 ], [ -71.381401, 42.018798 ], [ -71.799242, 42.008065 ], [ -71.786994, 41.655992 ], [ -71.797683, 41.416709 ], [ -71.842563, 41.409855 ], [ -71.829595, 41.344544 ] ] ] ] } },
{ "type": "Feature", "properties": { "statefp": "23", "statens": "01779787", "geoidfq": "0400000US23", "geoid": "23", "stusps": "ME", "name": "Maine", "lsad": "00", "aland": 79888899089, "awater": 11744562992, "dist_miles": 1798.3048008004148 }, "geometry": { "type": "MultiPolygon", "coordinates": [ [ [ [ -68.376591, 44.113762 ], [ -68.365176, 44.101464 ], [ -68.330716, 44.110598 ], [ -68.346724, 44.127749 ], [ -68.376591, 44.113762 ] ] ], [ [ [ -68.377381, 44.186137 ], [ -68.347416, 44.169459 ], [ -68.320101, 44.199888 ], [ -68.333227, 44.207308 ], [ -68.377381, 44.186137 ] ] ], [ [ [ -68.475963, 44.231165 ], [ -68.496639, 44.146855 ], [ -68.456813, 44.145268 ], [ -68.438518, 44.11618 ], [ -68.384903, 44.154955 ], [ -68.475963, 44.231165 ] ] ], [ [ [ -68.518703, 44.113222 ], [ -68.502942, 44.099722 ], [ -68.491521, 44.109833 ], [ -68.506979, 44.127237 ], [ -68.518703, 44.113222 ] ] ], [ [ [ -68.528635, 44.344605 ], [ -68.515173, 44.324797 ], [ -68.478785, 44.319563 ], [ -68.501364, 44.382281 ], [ -68.518573, 44.381022 ], [ -68.528635, 44.344605 ] ] ], [ [ [ -68.839422, 44.236547 ], [ -68.829593, 44.21689 ], [ -68.780055, 44.203129 ], [ -68.769047, 44.213351 ], [ -68.792139, 44.237819 ], [ -68.839422, 44.236547 ] ] ], [ [ [ -68.902004, 43.87333 ], [ -68.900144, 43.822629 ], [ -68.884723, 43.820187 ], [ -68.88005, 43.871489 ], [ -68.902004, 43.87333 ] ] ], [ [ [ -68.944597, 44.11284 ], [ -68.908984, 44.110001 ], [ -68.899997, 44.06696 ], [ -68.918048, 44.045752 ], [ -68.874139, 44.025359 ], [ -68.807315, 44.035796 ], [ -68.77029, 44.069566 ], [ -68.81953, 44.122056 ], [ -68.818039, 44.136852 ], [ -68.780693, 44.143274 ], [ -68.818423, 44.160978 ], [ -68.825067, 44.186338 ], [ -68.917286, 44.148239 ], [ -68.944597, 44.11284 ] ] ], [ [ [ -68.967074, 44.251968 ], [ -68.941136, 44.222192 ], [ -68.916872, 44.242866 ], [ -68.88746, 44.303094 ], [ -68.89285, 44.334653 ], [ -68.860649, 44.364425 ], [ -68.868444, 44.38144 ], [ -68.90353, 44.378613 ], [ -68.919301, 44.309872 ], [ -68.967074, 44.251968 ] ] ], [ [ [ -69.326982, 43.767032 ], [ -69.313144, 43.753347 ], [ -69.296738, 43.771841 ], [ -69.315681, 43.776702 ], [ -69.326982, 43.767032 ] ] ], [ [ [ -71.078407, 45.306232 ], [ -70.989067, 43.79244 ], [ -70.972716, 43.570255 ], [ -70.950838, 43.551026 ], [ -70.974245, 43.47742 ], [ -70.96115, 43.438321 ], [ -70.986812, 43.414264 ], [ -70.987649, 43.389521 ], [ -70.967229, 43.343777 ], [ -70.932735, 43.33676 ], [ -70.906005, 43.291682 ], [ -70.80964, 43.225407 ], [ -70.828301, 43.186685 ], [ -70.8268, 43.127086 ], [ -70.756397, 43.079988 ], [ -70.708896, 43.074989 ], [ -70.703818, 43.059825 ], [ -70.665958, 43.076234 ], [ -70.62251, 43.134573 ], [ -70.618872, 43.163846 ], [ -70.590823, 43.169939 ], [ -70.605149, 43.185191 ], [ -70.577934, 43.223657 ], [ -70.593907, 43.249295 ], [ -70.553854, 43.321886 ], [ -70.517695, 43.344037 ], [ -70.465975, 43.340246 ], [ -70.416311, 43.361059 ], [ -70.427672, 43.389254 ], [ -70.327303, 43.458521 ], [ -70.367364, 43.452264 ], [ -70.380233, 43.46423 ], [ -70.379123, 43.507202 ], [ -70.352826, 43.535855 ], [ -70.307405, 43.529032 ], [ -70.307764, 43.544315 ], [ -70.272497, 43.562616 ], [ -70.227842, 43.538261 ], [ -70.196911, 43.565146 ], [ -70.217087, 43.596717 ], [ -70.205934, 43.633633 ], [ -70.168227, 43.675136 ], [ -70.096039, 43.672276 ], [ -70.091929, 43.698111 ], [ -70.04667, 43.72018 ], [ -70.001273, 43.710388 ], [ -69.983685, 43.744395 ], [ -69.927011, 43.780174 ], [ -69.869732, 43.775656 ], [ -69.855081, 43.704746 ], [ -69.833471, 43.701281 ], [ -69.835323, 43.721125 ], [ -69.754091, 43.743866 ], [ -69.705838, 43.823024 ], [ -69.685579, 43.820546 ], [ -69.658189, 43.779163 ], [ -69.649798, 43.836287 ], [ -69.634932, 43.845907 ], [ -69.621086, 43.826814 ], [ -69.594705, 43.858878 ], [ -69.605928, 43.814862 ], [ -69.588551, 43.81836 ], [ -69.572697, 43.844012 ], [ -69.552606, 43.841347 ], [ -69.54945, 43.880012 ], [ -69.524673, 43.875639 ], [ -69.514889, 43.831298 ], [ -69.50329, 43.837673 ], [ -69.483498, 43.88028 ], [ -69.427277, 43.912261 ], [ -69.428227, 43.957276 ], [ -69.366702, 43.964755 ], [ -69.368735, 43.920287 ], [ -69.327689, 43.945811 ], [ -69.298136, 43.936647 ], [ -69.322935, 43.901644 ], [ -69.311659, 43.856627 ], [ -69.286624, 43.866462 ], [ -69.300029, 43.899954 ], [ -69.291151, 43.913898 ], [ -69.220195, 43.914937 ], [ -69.17498, 43.976949 ], [ -69.077028, 43.973654 ], [ -69.043912, 44.006336 ], [ -69.079805, 44.055256 ], [ -69.031878, 44.079036 ], [ -69.050814, 44.094888 ], [ -69.092, 44.085734 ], [ -69.100863, 44.104529 ], [ -69.080331, 44.117824 ], [ -69.079835, 44.160953 ], [ -69.054546, 44.171542 ], [ -69.040193, 44.233673 ], [ -69.003682, 44.294582 ], [ -68.958889, 44.314353 ], [ -68.948164, 44.355882 ], [ -68.998384, 44.425586 ], [ -68.946582, 44.429108 ], [ -68.921613, 44.45664 ], [ -68.876359, 44.42969 ], [ -68.829153, 44.462242 ], [ -68.833663, 44.486634 ], [ -68.807436, 44.522027 ], [ -68.794837, 44.524204 ], [ -68.778728, 44.489886 ], [ -68.785576, 44.454731 ], [ -68.821767, 44.40894 ], [ -68.827197, 44.31216 ], [ -68.795063, 44.30786 ], [ -68.746164, 44.331148 ], [ -68.725657, 44.321591 ], [ -68.748984, 44.299407 ], [ -68.678704, 44.264705 ], [ -68.733774, 44.221006 ], [ -68.731666, 44.202246 ], [ -68.718531, 44.165634 ], [ -68.657635, 44.127062 ], [ -68.646414, 44.079914 ], [ -68.669383, 44.076359 ], [ -68.657031, 44.003823 ], [ -68.634355, 44.017603 ], [ -68.601696, 44.012514 ], [ -68.604741, 44.038857 ], [ -68.584101, 44.071589 ], [ -68.623099, 44.119406 ], [ -68.578879, 44.146036 ], [ -68.611743, 44.155246 ], [ -68.564143, 44.191641 ], [ -68.564618, 44.211917 ], [ -68.529103, 44.221774 ], [ -68.519819, 44.260209 ], [ -68.538595, 44.299902 ], [ -68.566203, 44.313007 ], [ -68.545434, 44.355 ], [ -68.560964, 44.402847 ], [ -68.529905, 44.39907 ], [ -68.485415, 44.434326 ], [ -68.472824, 44.404106 ], [ -68.483317, 44.388157 ], [ -68.466109, 44.377245 ], [ -68.455095, 44.447498 ], [ -68.429648, 44.439136 ], [ -68.427874, 44.3968 ], [ -68.3791, 44.430049 ], [ -68.360318, 44.389674 ], [ -68.4354, 44.369718 ], [ -68.456879, 44.344288 ], [ -68.401268, 44.252244 ], [ -68.339498, 44.222893 ], [ -68.297704, 44.242574 ], [ -68.198985, 44.236698 ], [ -68.207122, 44.263516 ], [ -68.22949, 44.266918 ], [ -68.224261, 44.290231 ], [ -68.173608, 44.328397 ], [ -68.181954, 44.385259 ], [ -68.13686, 44.380193 ], [ -68.105658, 44.395619 ], [ -68.103282, 44.358245 ], [ -68.049334, 44.33073 ], [ -68.015463, 44.405918 ], [ -67.978876, 44.387034 ], [ -67.955737, 44.416278 ], [ -67.931453, 44.411848 ], [ -67.92132, 44.433066 ], [ -67.899571, 44.394078 ], [ -67.887323, 44.433066 ], [ -67.855108, 44.419434 ], [ -67.825196, 44.482846 ], [ -67.782414, 44.475045 ], [ -67.793589, 44.494779 ], [ -67.767285, 44.548278 ], [ -67.733986, 44.496252 ], [ -67.703489, 44.504837 ], [ -67.696354, 44.533798 ], [ -67.656901, 44.535896 ], [ -67.634806, 44.487054 ], [ -67.587725, 44.447446 ], [ -67.509208, 44.496986 ], [ -67.568159, 44.531117 ], [ -67.575056, 44.560659 ], [ -67.537653, 44.571538 ], [ -67.51841, 44.554241 ], [ -67.491751, 44.556123 ], [ -67.4908, 44.575258 ], [ -67.457747, 44.598014 ], [ -67.428367, 44.609136 ], [ -67.405492, 44.594236 ], [ -67.388704, 44.626554 ], [ -67.368269, 44.624672 ], [ -67.374014, 44.662965 ], [ -67.404998, 44.681654 ], [ -67.396441, 44.693313 ], [ -67.299176, 44.705705 ], [ -67.309627, 44.659316 ], [ -67.293665, 44.634316 ], [ -67.32297, 44.609394 ], [ -67.314938, 44.598215 ], [ -67.261668, 44.604598 ], [ -67.275141, 44.623433 ], [ -67.154479, 44.668114 ], [ -67.103957, 44.717444 ], [ -67.098931, 44.741311 ], [ -67.073439, 44.741957 ], [ -67.062239, 44.769543 ], [ -67.02615, 44.768199 ], [ -66.949895, 44.817419 ], [ -66.982403, 44.811466 ], [ -66.996523, 44.844654 ], [ -66.978142, 44.856963 ], [ -66.984466, 44.912557 ], [ -67.033474, 44.939923 ], [ -67.082074, 45.029608 ], [ -67.117688, 45.05673 ], [ -67.090786, 45.068721 ], [ -67.157919, 45.161004 ], [ -67.227324, 45.163652 ], [ -67.283619, 45.192022 ], [ -67.296174, 45.147952 ], [ -67.345585, 45.126392 ], [ -67.404629, 45.159926 ], [ -67.489333, 45.281282 ], [ -67.460554, 45.300379 ], [ -67.418747, 45.37726 ], [ -67.473366, 45.425328 ], [ -67.503771, 45.488522 ], [ -67.462882, 45.508691 ], [ -67.416462, 45.502147 ], [ -67.435044, 45.528783 ], [ -67.420976, 45.550029 ], [ -67.429716, 45.583773 ], [ -67.455406, 45.604665 ], [ -67.499444, 45.587014 ], [ -67.639741, 45.624771 ], [ -67.64581, 45.613597 ], [ -67.727648, 45.688468 ], [ -67.720401, 45.662522 ], [ -67.803313, 45.677886 ], [ -67.817892, 45.693705 ], [ -67.803148, 45.696127 ], [ -67.809833, 45.729274 ], [ -67.781892, 45.731189 ], [ -67.806308, 45.755405 ], [ -67.806598, 45.794723 ], [ -67.755068, 45.82367 ], [ -67.803908, 45.882895 ], [ -67.750422, 45.917898 ], [ -67.781095, 45.943032 ], [ -67.789761, 47.065744 ], [ -67.883844, 47.105834 ], [ -67.955669, 47.199542 ], [ -68.137059, 47.296068 ], [ -68.15515, 47.32542 ], [ -68.234604, 47.355035 ], [ -68.361559, 47.355605 ], [ -68.384281, 47.326943 ], [ -68.378678, 47.287561 ], [ -68.578551, 47.287551 ], [ -68.619749, 47.243218 ], [ -68.717867, 47.240919 ], [ -68.900985, 47.178519 ], [ -69.050334, 47.256621 ], [ -69.042702, 47.426651 ], [ -69.22442, 47.459686 ], [ -69.997086, 46.69523 ], [ -70.056433, 46.415561 ], [ -70.096286, 46.40943 ], [ -70.129734, 46.369384 ], [ -70.191412, 46.348072 ], [ -70.208733, 46.328961 ], [ -70.205719, 46.299865 ], [ -70.248421, 46.267072 ], [ -70.292736, 46.191599 ], [ -70.237947, 46.147378 ], [ -70.252413, 46.100625 ], [ -70.284554, 46.098713 ], [ -70.310609, 46.064544 ], [ -70.278334, 46.057019 ], [ -70.317596, 46.019492 ], [ -70.284571, 45.995384 ], [ -70.316936, 45.963456 ], [ -70.26541, 45.962692 ], [ -70.240177, 45.943729 ], [ -70.263313, 45.923832 ], [ -70.259117, 45.890755 ], [ -70.34244, 45.852192 ], [ -70.417674, 45.79457 ], [ -70.383552, 45.734869 ], [ -70.400404, 45.719834 ], [ -70.469869, 45.701639 ], [ -70.525831, 45.666551 ], [ -70.5584, 45.666671 ], [ -70.592252, 45.629865 ], [ -70.644687, 45.607083 ], [ -70.722845, 45.512772 ], [ -70.717047, 45.487732 ], [ -70.635498, 45.427817 ], [ -70.634661, 45.383608 ], [ -70.712286, 45.390611 ], [ -70.753977, 45.427789 ], [ -70.798028, 45.426706 ], [ -70.826033, 45.398408 ], [ -70.802745, 45.366556 ], [ -70.819828, 45.340109 ], [ -70.808613, 45.311606 ], [ -70.848554, 45.263325 ], [ -70.83877, 45.237555 ], [ -70.857042, 45.22916 ], [ -70.896898, 45.242031 ], [ -70.9217, 45.279445 ], [ -70.917904, 45.311924 ], [ -70.950824, 45.33453 ], [ -71.01081, 45.34725 ], [ -71.00905, 45.319022 ], [ -71.078407, 45.306232 ] ] ] ] } },
{ "type": "Feature", "properties": { "statefp": "11", "statens": "01702382", "geoidfq": "0400000US11", "geoid": "11", "stusps": "DC", "name": "District of Columbia", "lsad": "00", "aland": 158318961, "awater": 18706999, "dist_miles": 1049.797985124952 }, "geometry": { "type": "Polygon", "coordinates": [ [ [ -77.119759, 38.934343 ], [ -77.040599, 38.871212 ], [ -77.039006, 38.791645 ], [ -76.909393, 38.892852 ], [ -77.041018, 38.995548 ], [ -77.119759, 38.934343 ] ] ] } },
{ "type": "Feature", "properties": { "statefp": "40", "statens": "01102857", "geoidfq": "0400000US40", "geoid": "40", "stusps": "OK", "name": "Oklahoma", "lsad": "00", "aland": 177664943367, "awater": 3372936372, "dist_miles": 1414.5606304910957 }, "geometry": { "type": "Polygon", "coordinates": [ [ [ -103.002199, 37.000104 ], [ -103.002434, 36.500397 ], [ -100.000406, 36.499702 ], [ -100.000381, 34.560509 ], [ -99.923211, 34.574552 ], [ -99.696462, 34.381036 ], [ -99.600026, 34.374688 ], [ -99.569696, 34.418418 ], [ -99.51428, 34.414035 ], [ -99.44076, 34.374123 ], [ -99.40296, 34.373481 ], [ -99.394956, 34.442099 ], [ -99.358795, 34.455863 ], [ -99.319606, 34.408869 ], [ -99.261321, 34.403499 ], [ -99.274926, 34.384904 ], [ -99.213135, 34.340369 ], [ -99.189511, 34.214312 ], [ -99.130609, 34.219408 ], [ -99.126567, 34.203004 ], [ -99.079535, 34.211518 ], [ -99.043471, 34.198208 ], [ -98.987294, 34.221223 ], [ -98.974132, 34.203566 ], [ -98.952513, 34.21265 ], [ -98.872922, 34.166584 ], [ -98.868116, 34.149635 ], [ -98.812954, 34.158444 ], [ -98.757037, 34.124633 ], [ -98.690072, 34.133155 ], [ -98.648073, 34.164441 ], [ -98.599789, 34.160571 ], [ -98.486328, 34.062598 ], [ -98.414426, 34.085074 ], [ -98.398441, 34.128456 ], [ -98.364023, 34.157109 ], [ -98.16912, 34.114171 ], [ -98.109462, 34.154111 ], [ -98.089755, 34.128211 ], [ -98.120208, 34.072127 ], [ -98.088203, 34.005481 ], [ -98.027672, 33.993357 ], [ -97.974173, 34.006716 ], [ -97.94573, 33.989839 ], [ -97.974173, 33.942832 ], [ -97.953395, 33.936445 ], [ -97.957155, 33.914454 ], [ -97.98454, 33.900703 ], [ -97.967777, 33.88243 ], [ -97.871447, 33.849001 ], [ -97.834333, 33.857671 ], [ -97.784657, 33.890632 ], [ -97.762768, 33.934396 ], [ -97.725289, 33.941045 ], [ -97.671772, 33.99137 ], [ -97.589598, 33.953554 ], [ -97.587441, 33.902479 ], [ -97.551541, 33.897947 ], [ -97.50096, 33.919643 ], [ -97.460376, 33.903948 ], [ -97.451469, 33.87093 ], [ -97.462857, 33.841772 ], [ -97.426493, 33.819398 ], [ -97.368744, 33.821471 ], [ -97.33294, 33.87444 ], [ -97.318243, 33.865121 ], [ -97.299245, 33.880175 ], [ -97.255636, 33.863698 ], [ -97.244946, 33.903092 ], [ -97.210921, 33.916064 ], [ -97.180845, 33.895204 ], [ -97.166629, 33.847311 ], [ -97.1997, 33.827322 ], [ -97.205431, 33.801488 ], [ -97.172192, 33.737545 ], [ -97.126102, 33.716941 ], [ -97.086195, 33.743933 ], [ -97.092112, 33.804097 ], [ -97.048146, 33.817456 ], [ -97.087247, 33.853448 ], [ -97.023899, 33.844213 ], [ -96.985567, 33.886522 ], [ -96.996183, 33.941728 ], [ -96.981337, 33.956378 ], [ -96.973807, 33.935697 ], [ -96.9163, 33.957798 ], [ -96.875281, 33.860505 ], [ -96.850593, 33.847211 ], [ -96.832157, 33.874835 ], [ -96.794276, 33.868886 ], [ -96.761588, 33.824406 ], [ -96.699574, 33.839049 ], [ -96.667187, 33.91694 ], [ -96.628294, 33.894477 ], [ -96.587934, 33.894784 ], [ -96.62929, 33.845488 ], [ -96.572937, 33.819098 ], [ -96.526655, 33.820891 ], [ -96.500268, 33.772583 ], [ -96.422643, 33.776041 ], [ -96.348306, 33.686379 ], [ -96.316925, 33.698997 ], [ -96.292482, 33.766419 ], [ -96.220521, 33.74739 ], [ -96.178059, 33.760518 ], [ -96.162123, 33.79614 ], [ -96.178964, 33.810553 ], [ -96.150765, 33.816987 ], [ -96.14807, 33.837799 ], [ -96.09936, 33.83047 ], [ -96.100095, 33.847971 ], [ -96.048834, 33.836468 ], [ -96.029463, 33.852402 ], [ -96.019599, 33.840566 ], [ -95.991487, 33.866869 ], [ -95.944284, 33.859811 ], [ -95.935198, 33.887101 ], [ -95.837516, 33.83564 ], [ -95.805149, 33.861304 ], [ -95.772067, 33.843817 ], [ -95.753513, 33.856464 ], [ -95.756367, 33.892625 ], [ -95.696962, 33.885218 ], [ -95.599678, 33.934247 ], [ -95.559414, 33.930179 ], [ -95.545197, 33.880294 ], [ -95.515302, 33.891142 ], [ -95.502304, 33.874742 ], [ -95.464925, 33.886709 ], [ -95.44737, 33.86885 ], [ -95.339122, 33.868873 ], [ -95.333452, 33.886286 ], [ -95.287865, 33.874946 ], [ -95.277846, 33.900877 ], [ -95.253095, 33.905444 ], [ -95.252906, 33.933648 ], [ -95.226393, 33.961954 ], [ -95.1247, 33.934675 ], [ -95.090441, 33.89328 ], [ -95.065492, 33.899585 ], [ -95.046568, 33.862565 ], [ -95.008376, 33.866089 ], [ -94.988487, 33.851 ], [ -94.968895, 33.860916 ], [ -94.944302, 33.812138 ], [ -94.91945, 33.810176 ], [ -94.919614, 33.786305 ], [ -94.8693, 33.745871 ], [ -94.770924, 33.754401 ], [ -94.732384, 33.700254 ], [ -94.711043, 33.705669 ], [ -94.707858, 33.686876 ], [ -94.652265, 33.690979 ], [ -94.64289, 33.668421 ], [ -94.57962, 33.677623 ], [ -94.526291, 33.619203 ], [ -94.487514, 33.628939 ], [ -94.431215, 35.39429 ], [ -94.617919, 36.499414 ], [ -94.617964, 36.998905 ], [ -103.002199, 37.000104 ] ] ] } },
{ "type": "Feature", "properties": { "statefp": "53", "statens": "01779804", "geoidfq": "0400000US53", "geoid": "53", "stusps": "WA", "name": "Washington", "lsad": "00", "aland": 172121688057, "awater": 12545987222, "dist_miles": 3340.791656394274 }, "geometry": { "type": "MultiPolygon", "coordinates": [ [ [ [ -122.321721, 48.019977 ], [ -122.326115, 48.010295 ], [ -122.303455, 48.005603 ], [ -122.321721, 48.019977 ] ] ], [ [ [ -122.504462, 47.551674 ], [ -122.502085, 47.528409 ], [ -122.477129, 47.532421 ], [ -122.477129, 47.546059 ], [ -122.504462, 47.551674 ] ] ], [ [ [ -122.513328, 47.449106 ], [ -122.51885, 47.33332 ], [ -122.493123, 47.330253 ], [ -122.373629, 47.388718 ], [ -122.437656, 47.407424 ], [ -122.433386, 47.46643 ], [ -122.460027, 47.48686 ], [ -122.452399, 47.503471 ], [ -122.474684, 47.511068 ], [ -122.513328, 47.449106 ] ] ], [ [ [ -122.653612, 48.548975 ], [ -122.640414, 48.52586 ], [ -122.572967, 48.529028 ], [ -122.578856, 48.54813 ], [ -122.642597, 48.588339 ], [ -122.653612, 48.548975 ] ] ], [ [ [ -122.69806, 48.62308 ], [ -122.676796, 48.610055 ], [ -122.657016, 48.609891 ], [ -122.674173, 48.629944 ], [ -122.69806, 48.62308 ] ] ], [ [ [ -122.722262, 48.731624 ], [ -122.673538, 48.680809 ], [ -122.609576, 48.645018 ], [ -122.618225, 48.670721 ], [ -122.70306, 48.743602 ], [ -122.715709, 48.748672 ], [ -122.722262, 48.731624 ] ] ], [ [ [ -122.739898, 48.583949 ], [ -122.722407, 48.540606 ], [ -122.68944, 48.543903 ], [ -122.670638, 48.568812 ], [ -122.714512, 48.60878 ], [ -122.739898, 48.583949 ] ] ], [ [ [ -122.769939, 48.227548 ], [ -122.693084, 48.181509 ], [ -122.679556, 48.155113 ], [ -122.633167, 48.163281 ], [ -122.609568, 48.15186 ], [ -122.598301, 48.110616 ], [ -122.614028, 48.072788 ], [ -122.593621, 48.0472 ], [ -122.607342, 48.030992 ], [ -122.542924, 47.996404 ], [ -122.546824, 47.967215 ], [ -122.47266, 47.988449 ], [ -122.446682, 47.963155 ], [ -122.431035, 47.914732 ], [ -122.3773, 47.905941 ], [ -122.349597, 47.958796 ], [ -122.376259, 48.034457 ], [ -122.431266, 48.045001 ], [ -122.491104, 48.094242 ], [ -122.525422, 48.096537 ], [ -122.509652, 48.039756 ], [ -122.537936, 48.016072 ], [ -122.571853, 48.102143 ], [ -122.558205, 48.119579 ], [ -122.567936, 48.148624 ], [ -122.606406, 48.208262 ], [ -122.628352, 48.222467 ], [ -122.726179, 48.222661 ], [ -122.623779, 48.269431 ], [ -122.618466, 48.294159 ], [ -122.584086, 48.297987 ], [ -122.551793, 48.281512 ], [ -122.505828, 48.297677 ], [ -122.515979, 48.320419 ], [ -122.585162, 48.353304 ], [ -122.596732, 48.405626 ], [ -122.664659, 48.401508 ], [ -122.673731, 48.354683 ], [ -122.769939, 48.227548 ] ] ], [ [ [ -122.918065, 48.768407 ], [ -122.92075, 48.755541 ], [ -122.880344, 48.751088 ], [ -122.877514, 48.763892 ], [ -122.918065, 48.768407 ] ] ], [ [ [ -123.070427, 48.699971 ], [ -123.03636, 48.69008 ], [ -123.042337, 48.675663 ], [ -123.021215, 48.681416 ], [ -123.005086, 48.694342 ], [ -123.007511, 48.718863 ], [ -123.070427, 48.699971 ] ] ], [ [ [ -123.090546, 49.001976 ], [ -123.083834, 48.976139 ], [ -123.021459, 48.977299 ], [ -123.035393, 49.002154 ], [ -123.090546, 49.001976 ] ] ], [ [ [ -123.203026, 48.596178 ], [ -123.173061, 48.579086 ], [ -123.163234, 48.529544 ], [ -123.119451, 48.492576 ], [ -123.039156, 48.460003 ], [ -122.926901, 48.460874 ], [ -122.91646, 48.453263 ], [ -122.928004, 48.439966 ], [ -122.889016, 48.435947 ], [ -122.883759, 48.418793 ], [ -122.812208, 48.422326 ], [ -122.802509, 48.433098 ], [ -122.817912, 48.483888 ], [ -122.779124, 48.508911 ], [ -122.788503, 48.530393 ], [ -122.770349, 48.558106 ], [ -122.801096, 48.585425 ], [ -122.809622, 48.619035 ], [ -122.742082, 48.660689 ], [ -122.875938, 48.71212 ], [ -122.918252, 48.713505 ], [ -123.048652, 48.621002 ], [ -123.023433, 48.599477 ], [ -123.034101, 48.591767 ], [ -122.987296, 48.561895 ], [ -123.048403, 48.569216 ], [ -123.101552, 48.59782 ], [ -123.107362, 48.622451 ], [ -123.178425, 48.622115 ], [ -123.203026, 48.596178 ] ] ], [ [ [ -123.236567, 48.68895 ], [ -123.215917, 48.669352 ], [ -123.106165, 48.633473 ], [ -123.172066, 48.679866 ], [ -123.236567, 48.68895 ] ] ], [ [ [ -124.731746, 48.169997 ], [ -124.687101, 48.098657 ], [ -124.696542, 48.069274 ], [ -124.672427, 47.964414 ], [ -124.630153, 47.892467 ], [ -124.489737, 47.816988 ], [ -124.47657, 47.769671 ], [ -124.425195, 47.738434 ], [ -124.355955, 47.545698 ], [ -124.319379, 47.355559 ], [ -124.236349, 47.287287 ], [ -124.182802, 47.134041 ], [ -124.169113, 46.994508 ], [ -124.180111, 46.926357 ], [ -124.124386, 46.94387 ], [ -124.151288, 47.021112 ], [ -124.122057, 47.04165 ], [ -124.026345, 47.030187 ], [ -124.005248, 47.003915 ], [ -124.012218, 46.985176 ], [ -123.898245, 46.971927 ], [ -123.86018, 46.948556 ], [ -123.985082, 46.921916 ], [ -124.046344, 46.893972 ], [ -124.073113, 46.861493 ], [ -124.089286, 46.867716 ], [ -124.093392, 46.901168 ], [ -124.138225, 46.905534 ], [ -124.108078, 46.836388 ], [ -124.092176, 46.741624 ], [ -124.003458, 46.702337 ], [ -123.973663, 46.703353 ], [ -123.974994, 46.733391 ], [ -123.916874, 46.726739 ], [ -123.916371, 46.741322 ], [ -123.893054, 46.750204 ], [ -123.82924, 46.708985 ], [ -123.915596, 46.678649 ], [ -123.921913, 46.650262 ], [ -123.960642, 46.636364 ], [ -123.955556, 46.60357 ], [ -123.894254, 46.537028 ], [ -123.942528, 46.46519 ], [ -123.97083, 46.47537 ], [ -123.979053, 46.497378 ], [ -123.99268, 46.488617 ], [ -123.988401, 46.44505 ], [ -123.949896, 46.410319 ], [ -123.953699, 46.378845 ], [ -124.015258, 46.378681 ], [ -124.031737, 46.496375 ], [ -124.023566, 46.582559 ], [ -124.050842, 46.617421 ], [ -124.035874, 46.630822 ], [ -124.048444, 46.645827 ], [ -124.068655, 46.634879 ], [ -124.057425, 46.409315 ], [ -124.080671, 46.267239 ], [ -124.044018, 46.275925 ], [ -124.020551, 46.315737 ], [ -124.001264, 46.31326 ], [ -123.919581, 46.251217 ], [ -123.875525, 46.239787 ], [ -123.806139, 46.283588 ], [ -123.766682, 46.273499 ], [ -123.700764, 46.305278 ], [ -123.669501, 46.266832 ], [ -123.474844, 46.267831 ], [ -123.427629, 46.229348 ], [ -123.430847, 46.181827 ], [ -123.371433, 46.146372 ], [ -123.280166, 46.144843 ], [ -123.166414, 46.188973 ], [ -123.115904, 46.185268 ], [ -123.004233, 46.133823 ], [ -122.904119, 46.083734 ], [ -122.878092, 46.031281 ], [ -122.813998, 45.960984 ], [ -122.81151, 45.912725 ], [ -122.785026, 45.867699 ], [ -122.795605, 45.81 ], [ -122.761451, 45.759163 ], [ -122.774511, 45.680437 ], [ -122.76381, 45.657138 ], [ -122.675008, 45.618039 ], [ -122.438674, 45.563585 ], [ -122.380302, 45.575941 ], [ -122.331502, 45.548241 ], [ -122.266701, 45.543841 ], [ -122.183695, 45.577696 ], [ -122.101675, 45.583516 ], [ -121.983038, 45.622812 ], [ -121.908267, 45.654399 ], [ -121.867167, 45.693277 ], [ -121.811304, 45.706761 ], [ -121.707358, 45.694809 ], [ -121.533106, 45.726541 ], [ -121.423592, 45.69399 ], [ -121.33777, 45.704949 ], [ -121.215779, 45.671238 ], [ -121.196556, 45.616689 ], [ -121.145534, 45.607886 ], [ -121.06437, 45.652549 ], [ -120.943977, 45.656445 ], [ -120.895575, 45.642945 ], [ -120.855674, 45.671545 ], [ -120.68937, 45.715847 ], [ -120.634968, 45.745847 ], [ -120.559465, 45.738348 ], [ -120.482362, 45.694449 ], [ -120.210754, 45.725951 ], [ -120.170453, 45.761951 ], [ -119.965744, 45.824365 ], [ -119.669877, 45.856867 ], [ -119.600549, 45.919581 ], [ -119.487829, 45.906307 ], [ -119.25715, 45.939926 ], [ -119.12612, 45.932859 ], [ -119.027056, 45.969134 ], [ -118.987129, 45.999855 ], [ -116.915989, 45.995413 ], [ -116.942656, 46.061 ], [ -116.982479, 46.089389 ], [ -116.955263, 46.102237 ], [ -116.92187, 46.167808 ], [ -116.965841, 46.203417 ], [ -116.955264, 46.23088 ], [ -116.991134, 46.276342 ], [ -116.986688, 46.296662 ], [ -117.062748, 46.353624 ], [ -117.034696, 46.418318 ], [ -117.032351, 48.999188 ], [ -122.75802, 49.002357 ], [ -122.821631, 48.941369 ], [ -122.746596, 48.930731 ], [ -122.751289, 48.911239 ], [ -122.793175, 48.892927 ], [ -122.717073, 48.84719 ], [ -122.709815, 48.786205 ], [ -122.693683, 48.804475 ], [ -122.646777, 48.785011 ], [ -122.673472, 48.733082 ], [ -122.615169, 48.693839 ], [ -122.612562, 48.714932 ], [ -122.637146, 48.735708 ], [ -122.596844, 48.771492 ], [ -122.535803, 48.776128 ], [ -122.490401, 48.751128 ], [ -122.519172, 48.713095 ], [ -122.500308, 48.656163 ], [ -122.425271, 48.599522 ], [ -122.44456, 48.570115 ], [ -122.478431, 48.559303 ], [ -122.495904, 48.575927 ], [ -122.534787, 48.57596 ], [ -122.498463, 48.556206 ], [ -122.471832, 48.470724 ], [ -122.537355, 48.466749 ], [ -122.556763, 48.496167 ], [ -122.586801, 48.496606 ], [ -122.606961, 48.522152 ], [ -122.684521, 48.509123 ], [ -122.712322, 48.464143 ], [ -122.657753, 48.47294 ], [ -122.654844, 48.454087 ], [ -122.678928, 48.439466 ], [ -122.654805, 48.411066 ], [ -122.557298, 48.444438 ], [ -122.554536, 48.40604 ], [ -122.533452, 48.383409 ], [ -122.408718, 48.326413 ], [ -122.371693, 48.287839 ], [ -122.406541, 48.25164 ], [ -122.463962, 48.270541 ], [ -122.480925, 48.251706 ], [ -122.530996, 48.249821 ], [ -122.53722, 48.183745 ], [ -122.512031, 48.133931 ], [ -122.489986, 48.120617 ], [ -122.4675, 48.130353 ], [ -122.358375, 48.056133 ], [ -122.479008, 48.175703 ], [ -122.442051, 48.20935 ], [ -122.449605, 48.232598 ], [ -122.396121, 48.229233 ], [ -122.362044, 48.187568 ], [ -122.365078, 48.125822 ], [ -122.343241, 48.097631 ], [ -122.224979, 48.016626 ], [ -122.230046, 47.970917 ], [ -122.307048, 47.949117 ], [ -122.33595, 47.852306 ], [ -122.394944, 47.803318 ], [ -122.37314, 47.729219 ], [ -122.429841, 47.658919 ], [ -122.339513, 47.599113 ], [ -122.421139, 47.57602 ], [ -122.398338, 47.55012 ], [ -122.396538, 47.51522 ], [ -122.361336, 47.481421 ], [ -122.383136, 47.450521 ], [ -122.355135, 47.441921 ], [ -122.328434, 47.400621 ], [ -122.324833, 47.348521 ], [ -122.443008, 47.306333 ], [ -122.409199, 47.288556 ], [ -122.4442, 47.266723 ], [ -122.547408, 47.317734 ], [ -122.527586, 47.291531 ], [ -122.590829, 47.178107 ], [ -122.635884, 47.163959 ], [ -122.636169, 47.135574 ], [ -122.67813, 47.103866 ], [ -122.775056, 47.123114 ], [ -122.814238, 47.179482 ], [ -122.85994, 47.165574 ], [ -122.838298, 47.208353 ], [ -122.863732, 47.270221 ], [ -122.822344, 47.319763 ], [ -122.821868, 47.363069 ], [ -122.804615, 47.356835 ], [ -122.799025, 47.289306 ], [ -122.843289, 47.257465 ], [ -122.771619, 47.167109 ], [ -122.702434, 47.123867 ], [ -122.675498, 47.141964 ], [ -122.677716, 47.1911 ], [ -122.6418, 47.205013 ], [ -122.679871, 47.231186 ], [ -122.724824, 47.235886 ], [ -122.718124, 47.250045 ], [ -122.749621, 47.276408 ], [ -122.725738, 47.33047 ], [ -122.632463, 47.376394 ], [ -122.671256, 47.343774 ], [ -122.697378, 47.283969 ], [ -122.602539, 47.217506 ], [ -122.547521, 47.285344 ], [ -122.575985, 47.32642 ], [ -122.537044, 47.375896 ], [ -122.551136, 47.394456 ], [ -122.530514, 47.469041 ], [ -122.494882, 47.510265 ], [ -122.546611, 47.52355 ], [ -122.543118, 47.556326 ], [ -122.479089, 47.583654 ], [ -122.49824, 47.598242 ], [ -122.493205, 47.635122 ], [ -122.518277, 47.65132 ], [ -122.504604, 47.699136 ], [ -122.543161, 47.710941 ], [ -122.554454, 47.745704 ], [ -122.488491, 47.743605 ], [ -122.470333, 47.757109 ], [ -122.495458, 47.786692 ], [ -122.482529, 47.815511 ], [ -122.506122, 47.831745 ], [ -122.513986, 47.880807 ], [ -122.549072, 47.919072 ], [ -122.617022, 47.938987 ], [ -122.616701, 47.925139 ], [ -122.588235, 47.912923 ], [ -122.573672, 47.857582 ], [ -122.608105, 47.856728 ], [ -122.714801, 47.768176 ], [ -122.740159, 47.736228 ], [ -122.754186, 47.671612 ], [ -122.856611, 47.649615 ], [ -122.967284, 47.585685 ], [ -123.120234, 47.39149 ], [ -123.115466, 47.376087 ], [ -123.056886, 47.368499 ], [ -122.901206, 47.421594 ], [ -122.872447, 47.423524 ], [ -122.877913, 47.410979 ], [ -123.030266, 47.350949 ], [ -123.15598, 47.355745 ], [ -123.106486, 47.45817 ], [ -122.97244, 47.6149 ], [ -122.896524, 47.674838 ], [ -122.845612, 47.777474 ], [ -122.815027, 47.807493 ], [ -122.820178, 47.835904 ], [ -122.790619, 47.792597 ], [ -122.832139, 47.695511 ], [ -122.811929, 47.679861 ], [ -122.758498, 47.746036 ], [ -122.748061, 47.800546 ], [ -122.683742, 47.838773 ], [ -122.69376, 47.868002 ], [ -122.63636, 47.866186 ], [ -122.610341, 47.887343 ], [ -122.646494, 47.894771 ], [ -122.657722, 47.931156 ], [ -122.68445, 47.939593 ], [ -122.6788, 47.96793 ], [ -122.718082, 47.987739 ], [ -122.723374, 48.008095 ], [ -122.669868, 48.017217 ], [ -122.68724, 48.101662 ], [ -122.733257, 48.091232 ], [ -122.748345, 48.072097 ], [ -122.74229, 48.049324 ], [ -122.766648, 48.04429 ], [ -122.801399, 48.087561 ], [ -122.748911, 48.117026 ], [ -122.760448, 48.14324 ], [ -122.833173, 48.134406 ], [ -122.876282, 48.110877 ], [ -122.878255, 48.076072 ], [ -122.827482, 48.046768 ], [ -122.839457, 48.001768 ], [ -122.875822, 47.996043 ], [ -122.860956, 48.021325 ], [ -122.877641, 48.047025 ], [ -122.926851, 48.064593 ], [ -122.917942, 48.091535 ], [ -123.038727, 48.081138 ], [ -123.06621, 48.120469 ], [ -123.143229, 48.156633 ], [ -123.133445, 48.177276 ], [ -123.239129, 48.118217 ], [ -123.332699, 48.11297 ], [ -123.424668, 48.118065 ], [ -123.441972, 48.124259 ], [ -123.440128, 48.142014 ], [ -123.507235, 48.131807 ], [ -123.551131, 48.151382 ], [ -123.590839, 48.134949 ], [ -123.628819, 48.139279 ], [ -123.702743, 48.166783 ], [ -123.858821, 48.154273 ], [ -123.981032, 48.164761 ], [ -124.050734, 48.177747 ], [ -124.107215, 48.200082 ], [ -124.101773, 48.216883 ], [ -124.238582, 48.262471 ], [ -124.272017, 48.25441 ], [ -124.395593, 48.288772 ], [ -124.564841, 48.367921 ], [ -124.623817, 48.3691 ], [ -124.653243, 48.390691 ], [ -124.731828, 48.381157 ], [ -124.65894, 48.331057 ], [ -124.684677, 48.255228 ], [ -124.70592, 48.239894 ], [ -124.690389, 48.219745 ], [ -124.696111, 48.198599 ], [ -124.731746, 48.169997 ] ] ] ] } },
{ "type": "Feature", "properties": { "statefp": "72", "statens": "01779808", "geoidfq": "0400000US72", "geoid": "72", "stusps": "PR", "name": "Puerto Rico", "lsad": "00", "aland": 8869703179, "awater": 4921575413, "dist_miles": 1125.9482200596556 }, "geometry": { "type": "MultiPolygon", "coordinates": [ [ [ [ -65.342437, 18.349618 ], [ -65.330592, 18.297716 ], [ -65.307329, 18.303108 ], [ -65.285826, 18.280857 ], [ -65.222853, 18.310464 ], [ -65.255933, 18.342117 ], [ -65.291757, 18.331564 ], [ -65.342437, 18.349618 ] ] ], [ [ [ -65.575579, 18.115669 ], [ -65.569305, 18.091616 ], [ -65.542087, 18.081177 ], [ -65.47979, 18.096352 ], [ -65.45138, 18.086096 ], [ -65.374419, 18.108041 ], [ -65.365884, 18.124693 ], [ -65.342037, 18.11138 ], [ -65.275165, 18.13443 ], [ -65.287962, 18.148097 ], [ -65.399517, 18.161935 ], [ -65.575579, 18.115669 ] ] ], [ [ [ -65.566427, 18.354129 ], [ -65.578526, 18.346518 ], [ -65.563723, 18.341963 ], [ -65.566427, 18.354129 ] ] ], [ [ [ -65.560725, 18.378925 ], [ -65.595912, 18.382148 ], [ -65.560869, 18.371824 ], [ -65.560725, 18.378925 ] ] ], [ [ [ -66.533305, 17.894142 ], [ -66.532117, 17.878309 ], [ -66.517856, 17.882833 ], [ -66.505972, 17.906582 ], [ -66.533305, 17.894142 ] ] ], [ [ [ -67.268259, 18.366989 ], [ -67.235137, 18.299935 ], [ -67.196056, 18.290443 ], [ -67.152665, 18.203493 ], [ -67.180822, 18.168055 ], [ -67.182182, 18.108507 ], [ -67.209887, 18.035439 ], [ -67.172138, 18.021422 ], [ -67.215271, 17.983464 ], [ -67.211521, 17.952624 ], [ -67.183457, 17.931135 ], [ -67.178566, 17.964792 ], [ -67.109985, 17.945806 ], [ -67.062478, 17.973819 ], [ -66.986085, 17.967337 ], [ -66.955577, 17.931557 ], [ -66.923826, 17.926923 ], [ -66.909359, 17.94988 ], [ -66.8224, 17.954499 ], [ -66.764491, 18.006317 ], [ -66.756256, 17.987012 ], [ -66.716957, 17.990344 ], [ -66.672819, 17.966451 ], [ -66.631944, 17.982746 ], [ -66.583233, 17.961229 ], [ -66.461342, 17.990273 ], [ -66.385059, 17.939004 ], [ -66.362511, 17.968231 ], [ -66.323659, 17.978536 ], [ -66.224401, 17.912426 ], [ -66.1934, 17.936787 ], [ -66.155773, 17.929694 ], [ -66.08141, 17.966552 ], [ -66.049033, 17.954561 ], [ -66.017308, 17.979583 ], [ -65.976611, 17.967669 ], [ -65.924738, 17.976087 ], [ -65.832429, 18.014916 ], [ -65.83109, 18.050664 ], [ -65.801831, 18.058527 ], [ -65.766919, 18.148424 ], [ -65.728471, 18.185588 ], [ -65.664127, 18.207136 ], [ -65.641749, 18.200341 ], [ -65.636057, 18.220827 ], [ -65.603355, 18.233792 ], [ -65.632915, 18.267515 ], [ -65.62529, 18.384064 ], [ -65.664856, 18.363076 ], [ -65.699069, 18.368156 ], [ -65.72196, 18.388214 ], [ -65.750455, 18.385208 ], [ -65.79206, 18.42233 ], [ -65.816691, 18.410663 ], [ -65.838825, 18.431865 ], [ -65.904988, 18.450926 ], [ -65.99079, 18.460419 ], [ -66.023221, 18.443875 ], [ -66.137959, 18.473892 ], [ -66.161216, 18.453407 ], [ -66.269799, 18.480281 ], [ -66.410344, 18.489886 ], [ -66.470292, 18.46907 ], [ -66.624618, 18.494199 ], [ -66.733986, 18.473457 ], [ -66.780311, 18.491411 ], [ -66.906872, 18.483556 ], [ -67.093752, 18.515757 ], [ -67.164144, 18.487396 ], [ -67.159608, 18.415915 ], [ -67.268259, 18.366989 ] ] ], [ [ [ -67.482836, 18.396678 ], [ -67.491155, 18.376379 ], [ -67.466198, 18.379763 ], [ -67.482836, 18.396678 ] ] ], [ [ [ -67.934479, 18.111306 ], [ -67.940799, 18.079716 ], [ -67.895921, 18.052342 ], [ -67.843615, 18.085099 ], [ -67.861548, 18.122144 ], [ -67.934479, 18.111306 ] ] ] ] } },
{ "type": "Feature", "properties": { "statefp": "32", "statens": "01779793", "geoidfq": "0400000US32", "geoid": "32", "stusps": "NV", "name": "Nevada", "lsad": "00", "aland": 284537074263, "awater": 1839852286, "dist_miles": 2747.8742245453222 }, "geometry": { "type": "Polygon", "coordinates": [ [ [ -119.999171, 41.994836 ], [ -120.001014, 38.999574 ], [ -118.714312, 38.102185 ], [ -117.500117, 37.22038 ], [ -115.852908, 35.96966 ], [ -114.633487, 35.001857 ], [ -114.636893, 35.028367 ], [ -114.602908, 35.068588 ], [ -114.646759, 35.101872 ], [ -114.578524, 35.12875 ], [ -114.569238, 35.18348 ], [ -114.604314, 35.353584 ], [ -114.677643, 35.489742 ], [ -114.656905, 35.534391 ], [ -114.666184, 35.577576 ], [ -114.653406, 35.610789 ], [ -114.689407, 35.651412 ], [ -114.680607, 35.685488 ], [ -114.705409, 35.708287 ], [ -114.695709, 35.755986 ], [ -114.71211, 35.806185 ], [ -114.697767, 35.854844 ], [ -114.667194, 35.874787 ], [ -114.731159, 35.943916 ], [ -114.743756, 35.985095 ], [ -114.729707, 36.028166 ], [ -114.755618, 36.087166 ], [ -114.631716, 36.142306 ], [ -114.616694, 36.130101 ], [ -114.572031, 36.15161 ], [ -114.511721, 36.150956 ], [ -114.502172, 36.128796 ], [ -114.463637, 36.139695 ], [ -114.446605, 36.12597 ], [ -114.405475, 36.147371 ], [ -114.372106, 36.143114 ], [ -114.30843, 36.082443 ], [ -114.315557, 36.059494 ], [ -114.252651, 36.020193 ], [ -114.15413, 36.023862 ], [ -114.114531, 36.095217 ], [ -114.123144, 36.111576 ], [ -114.09987, 36.121654 ], [ -114.046838, 36.194069 ], [ -114.041723, 41.99372 ], [ -119.999171, 41.994836 ] ] ] } },
{ "type": "Feature", "properties": { "statefp": "27", "statens": "00662849", "geoidfq": "0400000US27", "geoid": "27", "stusps": "MN", "name": "Minnesota", "lsad": "00", "aland": 206245435043, "awater": 18936592419, "dist_miles": 1992.3735238133377 }, "geometry": { "type": "Polygon", "coordinates": [ [ [ -97.239209, 48.968684 ], [ -97.175618, 48.853105 ], [ -97.180028, 48.81845 ], [ -97.151043, 48.755707 ], [ -97.097337, 48.685186 ], [ -97.108466, 48.632658 ], [ -97.137504, 48.612268 ], [ -97.163105, 48.543855 ], [ -97.148874, 48.534282 ], [ -97.132746, 48.459942 ], [ -97.147748, 48.359905 ], [ -97.11657, 48.279661 ], [ -97.141254, 48.234668 ], [ -97.142133, 48.144981 ], [ -97.10395, 48.096184 ], [ -97.104483, 48.072428 ], [ -97.072257, 48.048068 ], [ -97.054554, 47.946279 ], [ -97.017754, 47.919778 ], [ -97.023156, 47.873978 ], [ -97.002456, 47.868677 ], [ -96.980579, 47.805614 ], [ -96.939179, 47.768397 ], [ -96.885573, 47.663443 ], [ -96.888573, 47.63845 ], [ -96.852826, 47.597891 ], [ -96.864261, 47.419539 ], [ -96.840717, 47.391314 ], [ -96.853754, 47.373405 ], [ -96.835845, 47.335914 ], [ -96.838806, 47.197894 ], [ -96.817984, 47.106007 ], [ -96.817984, 47.026538 ], [ -96.834603, 47.007721 ], [ -96.791048, 46.929876 ], [ -96.759528, 46.925769 ], [ -96.776558, 46.895663 ], [ -96.768458, 46.879563 ], [ -96.781358, 46.879363 ], [ -96.779347, 46.842144 ], [ -96.802544, 46.811521 ], [ -96.779252, 46.727429 ], [ -96.798823, 46.658071 ], [ -96.746442, 46.574078 ], [ -96.718074, 46.438255 ], [ -96.644335, 46.351908 ], [ -96.599761, 46.330386 ], [ -96.59755, 46.227733 ], [ -96.554507, 46.083978 ], [ -96.57794, 46.026874 ], [ -96.561334, 45.945655 ], [ -96.583085, 45.820024 ], [ -96.662595, 45.738682 ], [ -96.835769, 45.649648 ], [ -96.857751, 45.605962 ], [ -96.76528, 45.521414 ], [ -96.692541, 45.417338 ], [ -96.521787, 45.375645 ], [ -96.489065, 45.357071 ], [ -96.453067, 45.298115 ], [ -96.45326, 43.50039 ], [ -91.217706, 43.50055 ], [ -91.243183, 43.540309 ], [ -91.231865, 43.581822 ], [ -91.268748, 43.615348 ], [ -91.268455, 43.709824 ], [ -91.244135, 43.774667 ], [ -91.284138, 43.847065 ], [ -91.432522, 43.996827 ], [ -91.59207, 44.031372 ], [ -91.707491, 44.103906 ], [ -91.721552, 44.130342 ], [ -91.875158, 44.200575 ], [ -91.896388, 44.27469 ], [ -91.924613, 44.291815 ], [ -91.918625, 44.322671 ], [ -91.970266, 44.365842 ], [ -92.056486, 44.402729 ], [ -92.232472, 44.445434 ], [ -92.291005, 44.485464 ], [ -92.336114, 44.554004 ], [ -92.547173, 44.567503 ], [ -92.569434, 44.603539 ], [ -92.621456, 44.615017 ], [ -92.632105, 44.649027 ], [ -92.807317, 44.750364 ], [ -92.765278, 44.837186 ], [ -92.774571, 44.898084 ], [ -92.750645, 44.937299 ], [ -92.769445, 44.97215 ], [ -92.76206, 45.02432 ], [ -92.803079, 45.060978 ], [ -92.739584, 45.115598 ], [ -92.766808, 45.185466 ], [ -92.751708, 45.218666 ], [ -92.761868, 45.287013 ], [ -92.709968, 45.321302 ], [ -92.70272, 45.358472 ], [ -92.650422, 45.398507 ], [ -92.646602, 45.441635 ], [ -92.726677, 45.514462 ], [ -92.726082, 45.541112 ], [ -92.770223, 45.566939 ], [ -92.883749, 45.575483 ], [ -92.887929, 45.639006 ], [ -92.869193, 45.717568 ], [ -92.784621, 45.764196 ], [ -92.757815, 45.806574 ], [ -92.765146, 45.830183 ], [ -92.707702, 45.894901 ], [ -92.638824, 45.934166 ], [ -92.551933, 45.951651 ], [ -92.527052, 45.983245 ], [ -92.469354, 45.973811 ], [ -92.428555, 46.024241 ], [ -92.35176, 46.015685 ], [ -92.332912, 46.062697 ], [ -92.294033, 46.074377 ], [ -92.291292, 46.668142 ], [ -92.270592, 46.650741 ], [ -92.212392, 46.649941 ], [ -92.175875, 46.686466 ], [ -92.204691, 46.704041 ], [ -92.189091, 46.717541 ], [ -92.146291, 46.71594 ], [ -92.14329, 46.73464 ], [ -92.11659, 46.74864 ], [ -92.08949, 46.74924 ], [ -92.014137, 46.707028 ], [ -92.094089, 46.787839 ], [ -91.883238, 46.905728 ], [ -91.780675, 46.945881 ], [ -91.704649, 47.005246 ], [ -91.644564, 47.026491 ], [ -91.573817, 47.089917 ], [ -91.477351, 47.125667 ], [ -91.045646, 47.456525 ], [ -90.735927, 47.624343 ], [ -90.437712, 47.731612 ], [ -89.974296, 47.830514 ], [ -89.923649, 47.862062 ], [ -89.793539, 47.891358 ], [ -89.697619, 47.941288 ], [ -89.639545, 47.95359 ], [ -89.624559, 47.983153 ], [ -89.572315, 47.967238 ], [ -89.489226, 48.014528 ], [ -89.581007, 47.995899 ], [ -89.610351, 48.01778 ], [ -89.651065, 48.003625 ], [ -89.763967, 48.022969 ], [ -89.897414, 47.987599 ], [ -89.934489, 48.015628 ], [ -89.99305, 48.028404 ], [ -90.023595, 48.084708 ], [ -90.143762, 48.112641 ], [ -90.374542, 48.090942 ], [ -90.467712, 48.108818 ], [ -90.556838, 48.096008 ], [ -90.569763, 48.106951 ], [ -90.55929, 48.121683 ], [ -90.579897, 48.123922 ], [ -90.751608, 48.090968 ], [ -90.79797, 48.136894 ], [ -90.777917, 48.163801 ], [ -90.796596, 48.159373 ], [ -90.821115, 48.184709 ], [ -90.836313, 48.176963 ], [ -90.839176, 48.239511 ], [ -90.88548, 48.245784 ], [ -91.082731, 48.180756 ], [ -91.26638, 48.078713 ], [ -91.429642, 48.048608 ], [ -91.45033, 48.068806 ], [ -91.488646, 48.068065 ], [ -91.567254, 48.043719 ], [ -91.575471, 48.066294 ], [ -91.559272, 48.108268 ], [ -91.640175, 48.096926 ], [ -91.653261, 48.114137 ], [ -91.687623, 48.111698 ], [ -91.682845, 48.122118 ], [ -91.711986, 48.114713 ], [ -91.698174, 48.141643 ], [ -91.705318, 48.170775 ], [ -91.724584, 48.170657 ], [ -91.714931, 48.19913 ], [ -91.864382, 48.207031 ], [ -91.89347, 48.237699 ], [ -91.957798, 48.232989 ], [ -91.954432, 48.251678 ], [ -91.976903, 48.244626 ], [ -92.006577, 48.265421 ], [ -92.01298, 48.297391 ], [ -92.000133, 48.321355 ], [ -92.046562, 48.33474 ], [ -92.055228, 48.359213 ], [ -92.145049, 48.365651 ], [ -92.216983, 48.345114 ], [ -92.26228, 48.354933 ], [ -92.306309, 48.316442 ], [ -92.294541, 48.27156 ], [ -92.269742, 48.248241 ], [ -92.369174, 48.220268 ], [ -92.469948, 48.351836 ], [ -92.47675, 48.37176 ], [ -92.456325, 48.414204 ], [ -92.507285, 48.447875 ], [ -92.656027, 48.436709 ], [ -92.712562, 48.463013 ], [ -92.698824, 48.494892 ], [ -92.627237, 48.503383 ], [ -92.634931, 48.542873 ], [ -92.728046, 48.53929 ], [ -92.949839, 48.608269 ], [ -92.954876, 48.631493 ], [ -93.178095, 48.623339 ], [ -93.207398, 48.642474 ], [ -93.254854, 48.642784 ], [ -93.464308, 48.591792 ], [ -93.467504, 48.545664 ], [ -93.610618, 48.521661 ], [ -93.628865, 48.53121 ], [ -93.656652, 48.515731 ], [ -93.794454, 48.516021 ], [ -93.818253, 48.530046 ], [ -93.806763, 48.577616 ], [ -93.840754, 48.628548 ], [ -94.224276, 48.649527 ], [ -94.250191, 48.656323 ], [ -94.260541, 48.696381 ], [ -94.290737, 48.707747 ], [ -94.416191, 48.710948 ], [ -94.452332, 48.692444 ], [ -94.533057, 48.701262 ], [ -94.645083, 48.744143 ], [ -94.694312, 48.789352 ], [ -94.704284, 48.824284 ], [ -94.685681, 48.840119 ], [ -94.683069, 48.883929 ], [ -94.750221, 49.099763 ], [ -94.773223, 49.120733 ], [ -94.797527, 49.197791 ], [ -94.82516, 49.294283 ], [ -94.816222, 49.320987 ], [ -94.957465, 49.370186 ], [ -95.058404, 49.35317 ], [ -95.153314, 49.384358 ], [ -95.153711, 48.998903 ], [ -97.228722, 49.000562 ], [ -97.239209, 48.968684 ] ] ] } },
{ "type": "Feature", "properties": { "statefp": "04", "statens": "01779777", "geoidfq": "0400000US04", "geoid": "04", "stusps": "AZ", "name": "Arizona", "lsad": "00", "aland": 294366238828, "awater": 853868947, "dist_miles": 2274.0265975498132 }, "geometry": { "type": "Polygon", "coordinates": [ [ [ -114.799683, 32.593621 ], [ -114.814185, 32.564788 ], [ -114.795635, 32.550956 ], [ -114.813613, 32.494277 ], [ -111.074825, 31.332239 ], [ -109.050044, 31.332502 ], [ -109.045223, 36.999084 ], [ -114.0506, 37.000396 ], [ -114.046838, 36.194069 ], [ -114.09987, 36.121654 ], [ -114.123144, 36.111576 ], [ -114.114531, 36.095217 ], [ -114.148191, 36.028013 ], [ -114.252651, 36.020193 ], [ -114.315557, 36.059494 ], [ -114.30843, 36.082443 ], [ -114.372106, 36.143114 ], [ -114.405475, 36.147371 ], [ -114.446605, 36.12597 ], [ -114.463637, 36.139695 ], [ -114.502172, 36.128796 ], [ -114.511721, 36.150956 ], [ -114.572031, 36.15161 ], [ -114.616694, 36.130101 ], [ -114.631716, 36.142306 ], [ -114.755618, 36.087166 ], [ -114.729707, 36.028166 ], [ -114.743756, 35.985095 ], [ -114.731159, 35.943916 ], [ -114.667194, 35.874787 ], [ -114.697767, 35.854844 ], [ -114.71211, 35.806185 ], [ -114.695709, 35.755986 ], [ -114.705409, 35.708287 ], [ -114.680607, 35.685488 ], [ -114.689407, 35.651412 ], [ -114.653406, 35.610789 ], [ -114.666184, 35.577576 ], [ -114.656905, 35.534391 ], [ -114.677643, 35.489742 ], [ -114.604314, 35.353584 ], [ -114.569238, 35.18348 ], [ -114.578524, 35.12875 ], [ -114.646759, 35.101872 ], [ -114.602908, 35.068588 ], [ -114.636893, 35.028367 ], [ -114.635176, 34.875003 ], [ -114.586842, 34.835672 ], [ -114.552682, 34.766871 ], [ -114.470477, 34.711368 ], [ -114.424202, 34.610453 ], [ -114.429747, 34.591734 ], [ -114.380838, 34.529724 ], [ -114.386699, 34.457911 ], [ -114.335372, 34.450038 ], [ -114.226107, 34.365916 ], [ -114.176909, 34.349306 ], [ -114.138282, 34.30323 ], [ -114.134427, 34.266387 ], [ -114.161826, 34.257038 ], [ -114.229715, 34.186928 ], [ -114.415908, 34.107636 ], [ -114.434181, 34.087379 ], [ -114.438266, 34.022609 ], [ -114.535478, 33.934651 ], [ -114.50792, 33.903807 ], [ -114.518928, 33.891714 ], [ -114.503017, 33.867998 ], [ -114.528451, 33.854929 ], [ -114.52805, 33.814963 ], [ -114.494197, 33.707922 ], [ -114.531523, 33.675108 ], [ -114.524813, 33.611351 ], [ -114.5403, 33.580615 ], [ -114.524599, 33.552231 ], [ -114.591554, 33.499443 ], [ -114.643302, 33.416745 ], [ -114.725282, 33.405048 ], [ -114.698035, 33.352442 ], [ -114.731223, 33.302434 ], [ -114.672088, 33.258499 ], [ -114.689541, 33.246428 ], [ -114.673626, 33.223121 ], [ -114.67536, 33.185489 ], [ -114.706488, 33.08816 ], [ -114.68902, 33.084036 ], [ -114.662317, 33.032671 ], [ -114.64598, 33.048903 ], [ -114.618788, 33.027202 ], [ -114.571653, 33.036624 ], [ -114.511343, 33.023455 ], [ -114.492938, 32.971781 ], [ -114.467664, 32.966861 ], [ -114.48092, 32.935252 ], [ -114.462929, 32.907944 ], [ -114.468971, 32.845155 ], [ -114.530755, 32.793485 ], [ -114.526856, 32.757094 ], [ -114.618373, 32.728245 ], [ -114.701918, 32.745548 ], [ -114.76495, 32.649391 ], [ -114.809393, 32.617119 ], [ -114.799683, 32.593621 ] ] ] } },
{ "type": "Feature", "properties": { "statefp": "24", "statens": "01714934", "geoidfq": "0400000US24", "geoid": "24", "stusps": "MD", "name": "Maryland", "lsad": "00", "aland": 25151298706, "awater": 6979771758, "dist_miles": 1064.9809898437145 }, "geometry": { "type": "MultiPolygon", "coordinates": [ [ [ [ -76.048617, 38.014843 ], [ -76.04653, 37.953586 ], [ -75.993905, 37.953489 ], [ -75.987883, 38.022598 ], [ -76.020827, 38.039124 ], [ -76.048617, 38.014843 ] ] ], [ [ [ -76.088639, 38.192649 ], [ -76.090872, 38.11446 ], [ -76.056811, 38.125123 ], [ -76.03962, 38.11199 ], [ -76.059304, 38.095751 ], [ -76.0233, 38.07076 ], [ -76.005904, 38.07717 ], [ -76.02137, 38.107934 ], [ -76.012487, 38.131731 ], [ -76.034038, 38.157902 ], [ -76.02217, 38.177882 ], [ -76.048786, 38.203731 ], [ -76.088639, 38.192649 ] ] ], [ [ [ -76.392461, 38.772452 ], [ -76.381249, 38.743797 ], [ -76.362448, 38.749783 ], [ -76.368096, 38.779841 ], [ -76.392461, 38.772452 ] ] ], [ [ [ -79.476662, 39.721078 ], [ -79.486873, 39.205961 ], [ -79.476037, 39.203728 ], [ -79.33238, 39.299919 ], [ -79.290236, 39.299323 ], [ -79.25227, 39.356663 ], [ -79.16722, 39.393256 ], [ -79.159213, 39.413021 ], [ -79.143827, 39.408517 ], [ -79.096517, 39.472799 ], [ -79.056583, 39.471014 ], [ -79.046276, 39.483801 ], [ -78.956751, 39.440264 ], [ -78.942293, 39.480987 ], [ -78.874744, 39.522611 ], [ -78.851196, 39.559924 ], [ -78.816764, 39.561691 ], [ -78.826009, 39.588829 ], [ -78.795857, 39.606934 ], [ -78.795941, 39.637287 ], [ -78.76584, 39.648487 ], [ -78.778477, 39.62265 ], [ -78.733553, 39.615533 ], [ -78.77686, 39.604027 ], [ -78.760196, 39.582154 ], [ -78.733979, 39.586618 ], [ -78.72501, 39.563973 ], [ -78.675629, 39.540371 ], [ -78.593871, 39.535158 ], [ -78.565929, 39.519444 ], [ -78.468639, 39.516789 ], [ -78.461291, 39.534678 ], [ -78.418777, 39.548953 ], [ -78.457187, 39.587379 ], [ -78.395317, 39.584215 ], [ -78.43025, 39.62329 ], [ -78.374732, 39.608635 ], [ -78.382487, 39.628216 ], [ -78.35577, 39.626258 ], [ -78.355218, 39.640576 ], [ -78.265088, 39.619274 ], [ -78.223597, 39.661097 ], [ -78.231564, 39.674382 ], [ -78.176625, 39.695967 ], [ -78.08226, 39.671166 ], [ -78.009985, 39.602893 ], [ -77.95504, 39.608078 ], [ -77.946182, 39.584814 ], [ -77.94194, 39.61879 ], [ -77.890327, 39.597547 ], [ -77.885124, 39.615775 ], [ -77.838008, 39.606125 ], [ -77.83633, 39.56637 ], [ -77.888945, 39.55595 ], [ -77.865351, 39.538381 ], [ -77.86368, 39.515032 ], [ -77.825357, 39.529177 ], [ -77.846668, 39.499574 ], [ -77.765993, 39.495724 ], [ -77.798201, 39.475719 ], [ -77.782452, 39.463363 ], [ -77.798948, 39.457969 ], [ -77.789284, 39.445248 ], [ -77.799806, 39.436943 ], [ -77.754681, 39.424658 ], [ -77.740012, 39.401694 ], [ -77.760234, 39.338622 ], [ -77.615939, 39.302722 ], [ -77.566596, 39.306121 ], [ -77.540581, 39.264947 ], [ -77.46021, 39.228359 ], [ -77.477362, 39.190495 ], [ -77.510631, 39.178484 ], [ -77.527282, 39.146236 ], [ -77.519929, 39.120925 ], [ -77.4858, 39.109303 ], [ -77.46145, 39.075151 ], [ -77.293105, 39.046508 ], [ -77.246003, 39.024909 ], [ -77.249803, 38.985909 ], [ -77.148179, 38.965002 ], [ -77.119759, 38.934343 ], [ -77.041018, 38.995548 ], [ -76.909393, 38.892852 ], [ -77.039498, 38.791113 ], [ -77.045498, 38.714315 ], [ -77.132501, 38.673816 ], [ -77.1302, 38.635017 ], [ -77.110539, 38.62682 ], [ -77.183767, 38.600699 ], [ -77.237724, 38.55187 ], [ -77.27422, 38.48177 ], [ -77.250172, 38.382781 ], [ -77.207312, 38.359867 ], [ -77.123325, 38.410646 ], [ -77.091073, 38.407546 ], [ -77.044188, 38.443016 ], [ -77.016371, 38.445572 ], [ -76.975492, 38.347327 ], [ -76.924553, 38.3161 ], [ -76.923884, 38.293596 ], [ -76.840345, 38.256339 ], [ -76.834803, 38.274012 ], [ -76.869998, 38.338443 ], [ -76.838828, 38.357519 ], [ -76.802347, 38.280743 ], [ -76.79947, 38.237465 ], [ -76.752286, 38.222121 ], [ -76.740055, 38.235227 ], [ -76.673462, 38.234401 ], [ -76.590637, 38.214212 ], [ -76.552957, 38.187209 ], [ -76.529868, 38.134083 ], [ -76.499842, 38.137189 ], [ -76.473266, 38.103035 ], [ -76.469666, 38.153358 ], [ -76.438886, 38.160834 ], [ -76.421214, 38.106039 ], [ -76.392335, 38.102896 ], [ -76.361237, 38.059542 ], [ -76.322093, 38.036503 ], [ -76.338535, 38.119472 ], [ -76.320136, 38.138339 ], [ -76.385244, 38.217751 ], [ -76.39932, 38.259284 ], [ -76.375023, 38.299419 ], [ -76.402894, 38.311402 ], [ -76.45279, 38.293213 ], [ -76.476321, 38.313544 ], [ -76.468239, 38.328927 ], [ -76.419221, 38.322916 ], [ -76.386229, 38.382013 ], [ -76.506023, 38.50461 ], [ -76.52718, 38.727062 ], [ -76.552743, 38.73535 ], [ -76.559884, 38.767361 ], [ -76.498878, 38.817516 ], [ -76.489878, 38.842815 ], [ -76.519442, 38.863135 ], [ -76.49068, 38.884814 ], [ -76.49368, 38.910013 ], [ -76.459479, 38.907113 ], [ -76.45028, 38.941113 ], [ -76.474198, 38.972647 ], [ -76.39408, 39.011311 ], [ -76.438928, 39.052788 ], [ -76.42186, 39.081442 ], [ -76.428681, 39.131709 ], [ -76.525785, 39.177908 ], [ -76.534285, 39.213208 ], [ -76.5645, 39.224614 ], [ -76.586485, 39.261337 ], [ -76.503178, 39.232071 ], [ -76.498384, 39.204808 ], [ -76.442482, 39.195408 ], [ -76.343826, 39.257256 ], [ -76.384901, 39.275928 ], [ -76.36439, 39.31184 ], [ -76.329184, 39.315036 ], [ -76.350945, 39.331141 ], [ -76.335563, 39.342279 ], [ -76.357124, 39.394079 ], [ -76.304003, 39.381496 ], [ -76.320759, 39.358161 ], [ -76.295678, 39.350008 ], [ -76.296609, 39.301137 ], [ -76.281747, 39.29966 ], [ -76.256586, 39.338862 ], [ -76.285701, 39.367716 ], [ -76.254803, 39.411894 ], [ -76.251594, 39.44962 ], [ -76.231035, 39.45641 ], [ -76.224618, 39.425665 ], [ -76.250525, 39.379291 ], [ -76.224161, 39.35278 ], [ -76.158774, 39.40631 ], [ -76.060989, 39.447722 ], [ -76.071975, 39.475047 ], [ -76.113929, 39.486701 ], [ -76.096072, 39.536912 ], [ -75.992633, 39.563098 ], [ -75.970337, 39.557637 ], [ -75.966955, 39.53865 ], [ -76.012312, 39.453115 ], [ -75.990005, 39.458646 ], [ -75.976747, 39.444627 ], [ -76.040962, 39.394237 ], [ -76.002515, 39.385024 ], [ -76.002408, 39.367501 ], [ -76.110527, 39.372257 ], [ -76.133225, 39.340491 ], [ -76.170422, 39.332094 ], [ -76.186647, 39.315475 ], [ -76.181496, 39.291797 ], [ -76.219338, 39.261997 ], [ -76.274637, 39.16549 ], [ -76.278527, 39.145764 ], [ -76.260894, 39.143402 ], [ -76.233457, 39.091385 ], [ -76.242687, 39.028926 ], [ -76.231765, 39.018518 ], [ -76.204713, 39.016426 ], [ -76.203383, 39.085626 ], [ -76.147203, 39.101262 ], [ -76.15896, 39.065486 ], [ -76.184207, 39.046264 ], [ -76.163988, 38.999541 ], [ -76.218929, 38.970538 ], [ -76.277478, 38.982492 ], [ -76.301847, 39.039651 ], [ -76.361727, 38.939175 ], [ -76.375086, 38.839474 ], [ -76.33103, 38.86432 ], [ -76.336104, 38.905977 ], [ -76.293254, 38.902568 ], [ -76.295911, 38.928663 ], [ -76.273083, 38.941927 ], [ -76.256397, 38.918829 ], [ -76.232038, 38.942518 ], [ -76.203638, 38.928382 ], [ -76.19109, 38.82966 ], [ -76.219328, 38.812371 ], [ -76.271575, 38.851771 ], [ -76.277411, 38.831419 ], [ -76.300889, 38.82619 ], [ -76.341302, 38.751901 ], [ -76.340504, 38.674106 ], [ -76.322418, 38.679304 ], [ -76.316146, 38.729586 ], [ -76.275015, 38.712714 ], [ -76.238685, 38.735434 ], [ -76.238725, 38.712845 ], [ -76.200334, 38.670774 ], [ -76.175159, 38.673236 ], [ -76.147158, 38.63684 ], [ -76.115285, 38.623385 ], [ -76.085219, 38.624592 ], [ -76.026512, 38.56682 ], [ -76.041046, 38.557289 ], [ -76.088903, 38.590232 ], [ -76.165911, 38.598684 ], [ -76.170066, 38.629225 ], [ -76.212427, 38.606738 ], [ -76.23665, 38.628598 ], [ -76.279589, 38.60952 ], [ -76.268633, 38.597753 ], [ -76.308321, 38.571769 ], [ -76.27964, 38.557231 ], [ -76.278106, 38.532468 ], [ -76.248885, 38.539023 ], [ -76.2473, 38.523818 ], [ -76.263968, 38.503452 ], [ -76.33636, 38.492235 ], [ -76.270195, 38.374591 ], [ -76.25, 38.362304 ], [ -76.265548, 38.34093 ], [ -76.257667, 38.324855 ], [ -76.23011, 38.319778 ], [ -76.149787, 38.234493 ], [ -76.074897, 38.252181 ], [ -76.04458, 38.223845 ], [ -76.027487, 38.280108 ], [ -76.04958, 38.309594 ], [ -76.016682, 38.332429 ], [ -76.006949, 38.370216 ], [ -75.973876, 38.36585 ], [ -75.961948, 38.341431 ], [ -75.96929, 38.320164 ], [ -76.014603, 38.309822 ], [ -75.956152, 38.236222 ], [ -75.914565, 38.339275 ], [ -75.8618, 38.34757 ], [ -75.917297, 38.263126 ], [ -75.895689, 38.228561 ], [ -75.870318, 38.243432 ], [ -75.846377, 38.210477 ], [ -75.942375, 38.187066 ], [ -75.959616, 38.137141 ], [ -75.937278, 38.11458 ], [ -75.900355, 38.14115 ], [ -75.834096, 38.145082 ], [ -75.827674, 38.133438 ], [ -75.880515, 38.075011 ], [ -75.871503, 38.05887 ], [ -75.844157, 38.07249 ], [ -75.812913, 38.058932 ], [ -75.838927, 38.031352 ], [ -75.87319, 38.034375 ], [ -75.898956, 37.974514 ], [ -75.898316, 37.925114 ], [ -75.885032, 37.911717 ], [ -75.783815, 37.972594 ], [ -75.737997, 37.963526 ], [ -75.71315, 37.976623 ], [ -75.671681, 37.966576 ], [ -75.655681, 37.945433 ], [ -75.624449, 37.994195 ], [ -75.242469, 38.027028 ], [ -75.193796, 38.096013 ], [ -75.054591, 38.41483 ], [ -75.048939, 38.451263 ], [ -75.693721, 38.460128 ], [ -75.788596, 39.722199 ], [ -79.476662, 39.721078 ] ] ] ] } },
{ "type": "Feature", "properties": { "statefp": "20", "statens": "00481813", "geoidfq": "0400000US20", "geoid": "20", "stusps": "KS", "name": "Kansas", "lsad": "00", "aland": 211754288230, "awater": 1345197050, "dist_miles": 1607.517557164336 }, "geometry": { "type": "Polygon", "coordinates": [ [ [ -102.051744, 40.003078 ], [ -102.04224, 36.993083 ], [ -94.617964, 36.998905 ], [ -94.607354, 39.113444 ], [ -94.589933, 39.140403 ], [ -94.601733, 39.159603 ], [ -94.662435, 39.157603 ], [ -94.663835, 39.179103 ], [ -94.680336, 39.184303 ], [ -94.752338, 39.173203 ], [ -94.781518, 39.206146 ], [ -94.831679, 39.215938 ], [ -94.831471, 39.256273 ], [ -94.905329, 39.311952 ], [ -94.910017, 39.352543 ], [ -94.88136, 39.370383 ], [ -94.885026, 39.389801 ], [ -94.942039, 39.389499 ], [ -94.982144, 39.440552 ], [ -95.0375, 39.463689 ], [ -95.052177, 39.499996 ], [ -95.109304, 39.542285 ], [ -95.103228, 39.577783 ], [ -95.049277, 39.589583 ], [ -95.054925, 39.624995 ], [ -95.027644, 39.665454 ], [ -94.971317, 39.68641 ], [ -94.965318, 39.739065 ], [ -94.948726, 39.745593 ], [ -94.899316, 39.724042 ], [ -94.862943, 39.742994 ], [ -94.869644, 39.772894 ], [ -94.912293, 39.759338 ], [ -94.935302, 39.77561 ], [ -94.884084, 39.794234 ], [ -94.875944, 39.813294 ], [ -94.886933, 39.833098 ], [ -94.939767, 39.85193 ], [ -94.927359, 39.883966 ], [ -94.943867, 39.89813 ], [ -95.013152, 39.899953 ], [ -95.037767, 39.865542 ], [ -95.090158, 39.86314 ], [ -95.137092, 39.878351 ], [ -95.149657, 39.905948 ], [ -95.201935, 39.904053 ], [ -95.204428, 39.938949 ], [ -95.250254, 39.948644 ], [ -95.30829, 39.999998 ], [ -102.051744, 40.003078 ] ] ] } },
{ "type": "Feature", "properties": { "statefp": "34", "statens": "01779795", "geoidfq": "0400000US34", "geoid": "34", "stusps": "NJ", "name": "New Jersey", "lsad": "00", "aland": 19049443028, "awater": 3533161265, "dist_miles": 1203.8574710482067 }, "geometry": { "type": "Polygon", "coordinates": [ [ [ -75.558269, 39.629885 ], [ -75.553502, 39.602 ], [ -75.512732, 39.578 ], [ -75.534014, 39.540702 ], [ -75.536431, 39.460559 ], [ -75.465212, 39.43893 ], [ -75.431803, 39.391625 ], [ -75.365016, 39.341388 ], [ -75.333743, 39.345335 ], [ -75.288898, 39.289557 ], [ -75.251806, 39.299913 ], [ -75.241639, 39.274097 ], [ -75.177506, 39.242746 ], [ -75.151405, 39.189996 ], [ -75.136667, 39.181883 ], [ -75.110997, 39.212459 ], [ -75.037554, 39.221667 ], [ -75.026179, 39.193621 ], [ -74.962382, 39.190238 ], [ -74.887167, 39.158825 ], [ -74.897784, 39.098811 ], [ -74.955363, 39.001262 ], [ -74.967274, 38.933413 ], [ -74.864458, 38.94041 ], [ -74.787722, 39.000015 ], [ -74.793101, 39.028761 ], [ -74.770031, 39.03285 ], [ -74.705876, 39.102937 ], [ -74.714341, 39.119804 ], [ -74.614481, 39.244659 ], [ -74.521797, 39.313816 ], [ -74.412692, 39.360816 ], [ -74.334804, 39.432001 ], [ -74.312995, 39.474237 ], [ -74.326151, 39.508142 ], [ -74.284782, 39.514045 ], [ -74.240506, 39.554911 ], [ -74.096906, 39.76303 ], [ -74.064135, 39.979157 ], [ -73.977442, 40.299373 ], [ -73.982855, 40.448569 ], [ -73.997943, 40.476668 ], [ -74.018383, 40.477934 ], [ -73.991682, 40.442908 ], [ -74.006383, 40.411108 ], [ -74.136293, 40.455754 ], [ -74.180797, 40.457703 ], [ -74.202128, 40.43894 ], [ -74.261889, 40.464706 ], [ -74.270825, 40.489216 ], [ -74.246069, 40.520952 ], [ -74.247415, 40.5492 ], [ -74.215278, 40.560241 ], [ -74.188344, 40.644264 ], [ -74.093746, 40.648239 ], [ -74.064123, 40.669761 ], [ -74.067029, 40.691067 ], [ -74.024543, 40.709436 ], [ -74.013784, 40.756601 ], [ -73.929006, 40.889578 ], [ -73.893979, 40.997197 ], [ -74.694914, 41.357423 ], [ -74.79504, 41.320407 ], [ -74.857151, 41.248975 ], [ -74.882139, 41.180836 ], [ -74.991718, 41.092284 ], [ -74.968389, 41.087797 ], [ -75.011133, 41.067521 ], [ -75.025777, 41.039806 ], [ -75.130575, 40.991093 ], [ -75.13378, 40.970973 ], [ -75.051307, 40.864698 ], [ -75.066014, 40.847591 ], [ -75.095784, 40.847082 ], [ -75.083929, 40.824471 ], [ -75.108505, 40.791094 ], [ -75.1344, 40.773765 ], [ -75.171587, 40.777745 ], [ -75.196533, 40.751631 ], [ -75.182084, 40.731522 ], [ -75.20392, 40.691498 ], [ -75.176803, 40.675715 ], [ -75.200452, 40.649219 ], [ -75.188579, 40.624628 ], [ -75.201812, 40.617188 ], [ -75.183151, 40.567354 ], [ -75.117292, 40.573211 ], [ -75.068615, 40.542223 ], [ -75.058848, 40.418065 ], [ -74.965508, 40.397337 ], [ -74.939711, 40.338006 ], [ -74.868209, 40.295207 ], [ -74.842308, 40.250508 ], [ -74.77136, 40.215399 ], [ -74.722604, 40.15001 ], [ -74.782106, 40.12081 ], [ -74.822307, 40.12671 ], [ -74.860909, 40.08371 ], [ -74.944412, 40.063211 ], [ -75.12692, 39.961112 ], [ -75.12792, 39.911813 ], [ -75.145421, 39.884213 ], [ -75.3544, 39.839917 ], [ -75.450688, 39.775064 ], [ -75.47764, 39.715013 ], [ -75.558269, 39.629885 ] ] ] } },
{ "type": "Feature", "properties": { "statefp": "39", "statens": "01085497", "geoidfq": "0400000US39", "geoid": "39", "stusps": "OH", "name": "Ohio", "lsad": "00", "aland": 105824499476, "awater": 10273857263, "dist_miles": 1169.0416718602532 }, "geometry": { "type": "MultiPolygon", "coordinates": [ [ [ [ -82.732805, 41.604318 ], [ -82.686033, 41.587246 ], [ -82.676474, 41.614631 ], [ -82.721071, 41.617506 ], [ -82.732805, 41.604318 ] ] ], [ [ [ -82.826381, 41.684516 ], [ -82.804744, 41.671533 ], [ -82.800632, 41.689633 ], [ -82.81413, 41.693089 ], [ -82.826381, 41.684516 ] ] ], [ [ [ -82.820409, 41.724549 ], [ -82.833458, 41.709318 ], [ -82.808984, 41.70821 ], [ -82.820409, 41.724549 ] ] ], [ [ [ -82.844506, 41.647459 ], [ -82.834663, 41.628748 ], [ -82.795503, 41.658971 ], [ -82.828748, 41.659759 ], [ -82.844506, 41.647459 ] ] ], [ [ [ -84.802547, 40.50181 ], [ -84.820157, 39.10548 ], [ -84.744149, 39.147458 ], [ -84.684847, 39.100459 ], [ -84.607928, 39.073238 ], [ -84.455342, 39.12036 ], [ -84.435541, 39.102261 ], [ -84.42573, 39.053059 ], [ -84.346039, 39.036963 ], [ -84.304698, 39.006455 ], [ -84.288164, 38.955789 ], [ -84.234453, 38.893226 ], [ -84.231306, 38.830552 ], [ -84.212904, 38.805707 ], [ -84.071491, 38.770475 ], [ -83.962123, 38.787384 ], [ -83.86653, 38.7602 ], [ -83.836696, 38.717857 ], [ -83.787113, 38.699489 ], [ -83.76509, 38.652881 ], [ -83.659304, 38.628592 ], [ -83.626922, 38.679387 ], [ -83.520953, 38.703045 ], [ -83.468059, 38.67547 ], [ -83.356445, 38.654009 ], [ -83.294193, 38.596588 ], [ -83.245572, 38.627936 ], [ -83.142836, 38.625076 ], [ -83.112372, 38.671685 ], [ -83.053104, 38.695831 ], [ -83.030702, 38.72572 ], [ -82.979395, 38.725976 ], [ -82.889193, 38.756076 ], [ -82.871292, 38.739376 ], [ -82.877592, 38.690177 ], [ -82.844306, 38.590862 ], [ -82.800112, 38.563183 ], [ -82.696621, 38.542112 ], [ -82.610458, 38.471457 ], [ -82.579976, 38.41013 ], [ -82.540199, 38.403666 ], [ -82.330335, 38.4445 ], [ -82.304223, 38.496308 ], [ -82.291271, 38.578983 ], [ -82.26207, 38.598183 ], [ -82.205171, 38.591719 ], [ -82.177267, 38.603784 ], [ -82.188268, 38.734082 ], [ -82.221566, 38.787187 ], [ -82.144867, 38.84048 ], [ -82.143167, 38.898079 ], [ -82.035963, 39.025478 ], [ -82.002261, 39.027878 ], [ -81.979371, 38.993193 ], [ -81.933186, 38.987659 ], [ -81.89847, 38.929603 ], [ -81.928, 38.893492 ], [ -81.898541, 38.874582 ], [ -81.855971, 38.892734 ], [ -81.827354, 38.945898 ], [ -81.762659, 38.924121 ], [ -81.756975, 38.937152 ], [ -81.78182, 38.964935 ], [ -81.764253, 39.015279 ], [ -81.803355, 39.047678 ], [ -81.813855, 39.079278 ], [ -81.775554, 39.078378 ], [ -81.745453, 39.098078 ], [ -81.755754, 39.180976 ], [ -81.726973, 39.215068 ], [ -81.692395, 39.226443 ], [ -81.689483, 39.266043 ], [ -81.656138, 39.277355 ], [ -81.570247, 39.267675 ], [ -81.557547, 39.338774 ], [ -81.456143, 39.409274 ], [ -81.412706, 39.394618 ], [ -81.375961, 39.341697 ], [ -81.270716, 39.385914 ], [ -81.217315, 39.38759 ], [ -81.185946, 39.430731 ], [ -81.132534, 39.446275 ], [ -81.070594, 39.515991 ], [ -80.970436, 39.590127 ], [ -80.925841, 39.617396 ], [ -80.88036, 39.620706 ], [ -80.863698, 39.691724 ], [ -80.831871, 39.705655 ], [ -80.869092, 39.766364 ], [ -80.826079, 39.798584 ], [ -80.826124, 39.844238 ], [ -80.790761, 39.86728 ], [ -80.806018, 39.91713 ], [ -80.756432, 39.91393 ], [ -80.764479, 39.95025 ], [ -80.740126, 39.970793 ], [ -80.738604, 40.075672 ], [ -80.709102, 40.101472 ], [ -80.704602, 40.154823 ], [ -80.652098, 40.24497 ], [ -80.619297, 40.26517 ], [ -80.599895, 40.317669 ], [ -80.609695, 40.374968 ], [ -80.633596, 40.390467 ], [ -80.612195, 40.402667 ], [ -80.595494, 40.475266 ], [ -80.667957, 40.582496 ], [ -80.627171, 40.619936 ], [ -80.576736, 40.614224 ], [ -80.518991, 40.638801 ], [ -80.519425, 41.977523 ], [ -80.800794, 41.909635 ], [ -80.900342, 41.868912 ], [ -81.01049, 41.853962 ], [ -81.248672, 41.761291 ], [ -81.286925, 41.760243 ], [ -81.738755, 41.48855 ], [ -81.794157, 41.496648 ], [ -81.87736, 41.483445 ], [ -82.011966, 41.515639 ], [ -82.184774, 41.47404 ], [ -82.254678, 41.434441 ], [ -82.361784, 41.426644 ], [ -82.481214, 41.381342 ], [ -82.616952, 41.428425 ], [ -82.713904, 41.501697 ], [ -82.717878, 41.54193 ], [ -82.785496, 41.540675 ], [ -82.834101, 41.587587 ], [ -82.859531, 41.576371 ], [ -82.85677, 41.548262 ], [ -82.875229, 41.529684 ], [ -82.934369, 41.514353 ], [ -83.028072, 41.555656 ], [ -83.086036, 41.60668 ], [ -83.23166, 41.644218 ], [ -83.329556, 41.702731 ], [ -83.37573, 41.686647 ], [ -83.462577, 41.697003 ], [ -83.453832, 41.732647 ], [ -84.806082, 41.696089 ], [ -84.802547, 40.50181 ] ] ] ] } },
{ "type": "Feature", "properties": { "statefp": "18", "statens": "00448508", "geoidfq": "0400000US18", "geoid": "18", "stusps": "IN", "name": "Indiana", "lsad": "00", "aland": 92786782808, "awater": 1543815569, "dist_miles": 1198.8333104629876 }, "geometry": { "type": "Polygon", "coordinates": [ [ [ -88.095662, 37.905808 ], [ -88.067364, 37.856051 ], [ -88.026382, 37.831107 ], [ -88.083671, 37.830175 ], [ -88.083204, 37.810897 ], [ -88.035456, 37.80952 ], [ -87.95259, 37.771742 ], [ -87.904595, 37.812526 ], [ -87.940839, 37.883338 ], [ -87.898062, 37.927514 ], [ -87.87254, 37.920999 ], [ -87.830578, 37.876516 ], [ -87.67573, 37.90193 ], [ -87.66282, 37.881449 ], [ -87.681633, 37.855917 ], [ -87.675538, 37.831732 ], [ -87.615399, 37.831974 ], [ -87.588426, 37.868791 ], [ -87.62896, 37.926714 ], [ -87.589816, 37.976042 ], [ -87.559342, 37.931146 ], [ -87.511499, 37.906426 ], [ -87.447786, 37.942427 ], [ -87.380247, 37.935596 ], [ -87.220944, 37.849134 ], [ -87.162319, 37.840159 ], [ -87.129629, 37.786608 ], [ -87.111133, 37.782512 ], [ -87.067836, 37.806065 ], [ -87.033444, 37.906593 ], [ -86.919329, 37.936664 ], [ -86.820071, 37.999392 ], [ -86.794985, 37.988982 ], [ -86.73146, 37.89434 ], [ -86.680929, 37.91501 ], [ -86.647081, 37.908621 ], [ -86.661637, 37.849714 ], [ -86.638265, 37.842718 ], [ -86.598108, 37.867382 ], [ -86.588581, 37.921159 ], [ -86.534156, 37.917007 ], [ -86.50662, 37.930719 ], [ -86.525174, 37.968228 ], [ -86.521825, 38.038327 ], [ -86.452192, 38.05049 ], [ -86.430091, 38.078638 ], [ -86.463858, 38.101177 ], [ -86.463248, 38.119278 ], [ -86.431749, 38.126121 ], [ -86.401653, 38.105396 ], [ -86.379775, 38.129274 ], [ -86.323453, 38.139032 ], [ -86.325941, 38.154317 ], [ -86.377434, 38.171379 ], [ -86.360377, 38.198796 ], [ -86.271802, 38.137874 ], [ -86.27872, 38.089303 ], [ -86.261273, 38.052721 ], [ -86.178983, 38.011308 ], [ -86.095766, 38.00893 ], [ -86.042354, 37.958018 ], [ -86.029509, 37.99264 ], [ -85.925418, 38.023456 ], [ -85.906163, 38.08617 ], [ -85.908764, 38.161169 ], [ -85.845464, 38.23027 ], [ -85.829364, 38.276769 ], [ -85.780963, 38.288469 ], [ -85.744862, 38.26717 ], [ -85.683561, 38.295469 ], [ -85.653641, 38.327108 ], [ -85.607629, 38.439295 ], [ -85.498866, 38.468242 ], [ -85.472221, 38.506279 ], [ -85.423077, 38.531581 ], [ -85.415821, 38.563558 ], [ -85.456978, 38.689135 ], [ -85.434065, 38.729455 ], [ -85.275454, 38.741172 ], [ -85.213257, 38.695446 ], [ -85.172528, 38.688082 ], [ -84.990006, 38.778383 ], [ -84.941071, 38.775627 ], [ -84.887919, 38.794652 ], [ -84.812877, 38.786087 ], [ -84.829958, 38.830632 ], [ -84.785234, 38.880439 ], [ -84.877029, 38.909016 ], [ -84.829857, 38.969385 ], [ -84.897364, 39.057378 ], [ -84.820157, 39.10548 ], [ -84.802547, 40.50181 ], [ -84.805883, 41.760216 ], [ -86.824828, 41.76024 ], [ -87.066033, 41.661845 ], [ -87.278437, 41.619736 ], [ -87.42344, 41.642835 ], [ -87.433612, 41.656452 ], [ -87.405205, 41.673733 ], [ -87.416502, 41.688376 ], [ -87.475349, 41.673374 ], [ -87.524044, 41.708335 ], [ -87.531646, 39.347888 ], [ -87.589084, 39.333831 ], [ -87.61005, 39.282232 ], [ -87.574558, 39.218404 ], [ -87.640435, 39.166727 ], [ -87.64599, 39.1449 ], [ -87.630376, 39.104305 ], [ -87.572588, 39.057286 ], [ -87.578319, 38.988786 ], [ -87.512187, 38.954417 ], [ -87.553384, 38.863344 ], [ -87.525893, 38.848795 ], [ -87.496494, 38.742728 ], [ -87.531231, 38.684036 ], [ -87.593678, 38.667402 ], [ -87.62012, 38.639489 ], [ -87.62389, 38.593984 ], [ -87.660732, 38.541092 ], [ -87.654166, 38.511911 ], [ -87.739522, 38.475069 ], [ -87.730134, 38.446518 ], [ -87.745254, 38.408996 ], [ -87.822721, 38.346912 ], [ -87.840984, 38.280105 ], [ -87.863068, 38.280267 ], [ -87.868886, 38.312277 ], [ -87.908542, 38.268581 ], [ -87.919292, 38.275908 ], [ -87.909338, 38.29572 ], [ -87.937329, 38.292431 ], [ -87.960225, 38.237118 ], [ -87.987103, 38.257731 ], [ -87.984234, 38.20996 ], [ -87.9255, 38.146251 ], [ -88.016729, 38.097257 ], [ -88.004697, 38.083965 ], [ -87.96221, 38.100054 ], [ -87.967226, 38.067105 ], [ -88.041845, 38.038181 ], [ -88.007631, 38.029145 ], [ -88.023331, 38.015445 ], [ -88.012929, 37.966544 ], [ -88.068948, 37.928565 ], [ -88.02006, 37.9129 ], [ -88.013355, 37.894854 ], [ -88.095662, 37.905808 ] ] ] } },
{ "type": "Feature", "properties": { "statefp": "09", "statens": "01779780", "geoidfq": "0400000US09", "geoid": "09", "stusps": "CT", "name": "Connecticut", "lsad": "00", "aland": 12542101087, "awater": 1816013585, "dist_miles": 1372.4305004068935 }, "geometry": { "type": "Polygon", "coordinates": [ [ [ -73.727775, 41.100696 ], [ -73.654671, 41.011697 ], [ -73.657336, 40.985171 ], [ -73.603952, 41.015054 ], [ -73.570068, 41.001597 ], [ -73.535338, 41.03192 ], [ -73.528866, 41.016397 ], [ -73.493327, 41.048173 ], [ -73.477364, 41.035997 ], [ -73.450364, 41.057096 ], [ -73.422165, 41.047562 ], [ -73.387227, 41.058247 ], [ -73.354231, 41.085639 ], [ -73.372296, 41.10402 ], [ -73.286759, 41.127896 ], [ -73.262358, 41.117496 ], [ -73.177774, 41.166697 ], [ -73.111052, 41.150797 ], [ -73.105493, 41.172194 ], [ -73.05935, 41.206697 ], [ -73.014948, 41.204297 ], [ -72.928206, 41.263725 ], [ -72.93856, 41.280027 ], [ -72.913087, 41.296737 ], [ -72.894392, 41.242408 ], [ -72.754444, 41.266913 ], [ -72.760341, 41.241235 ], [ -72.722439, 41.259138 ], [ -72.694744, 41.24497 ], [ -72.672339, 41.266997 ], [ -72.617237, 41.271998 ], [ -72.547235, 41.250499 ], [ -72.451925, 41.278885 ], [ -72.398688, 41.278172 ], [ -72.386629, 41.261798 ], [ -72.333894, 41.282916 ], [ -72.261487, 41.282926 ], [ -72.248161, 41.299488 ], [ -72.212924, 41.291365 ], [ -72.184122, 41.323997 ], [ -72.11182, 41.299098 ], [ -72.084487, 41.319634 ], [ -71.988153, 41.320577 ], [ -71.945652, 41.337799 ], [ -71.886302, 41.33641 ], [ -71.860513, 41.320248 ], [ -71.829595, 41.344544 ], [ -71.842563, 41.409855 ], [ -71.797683, 41.416709 ], [ -71.786994, 41.655992 ], [ -71.80065, 42.023569 ], [ -72.755838, 42.036195 ], [ -72.766739, 42.002995 ], [ -72.816741, 41.997595 ], [ -72.813541, 42.036494 ], [ -73.487314, 42.049638 ], [ -73.550961, 41.295422 ], [ -73.482709, 41.21276 ], [ -73.727775, 41.100696 ] ] ] } },
{ "type": "Feature", "properties": { "statefp": "55", "statens": "01779806", "geoidfq": "0400000US55", "geoid": "55", "stusps": "WI", "name": "Wisconsin", "lsad": "00", "aland": 140295112685, "awater": 29340578971, "dist_miles": 1707.4305681528474 }, "geometry": { "type": "MultiPolygon", "coordinates": [ [ [ [ -86.956198, 45.352006 ], [ -86.899891, 45.295185 ], [ -86.895055, 45.329035 ], [ -86.869041, 45.333223 ], [ -86.863563, 45.364888 ], [ -86.824383, 45.406135 ], [ -86.805415, 45.407324 ], [ -86.810055, 45.422619 ], [ -86.828661, 45.428539 ], [ -86.830353, 45.410852 ], [ -86.853145, 45.405547 ], [ -86.937393, 45.420966 ], [ -86.956198, 45.352006 ] ] ], [ [ [ -87.375403, 45.199296 ], [ -87.376777, 45.177298 ], [ -87.327284, 45.157363 ], [ -87.334158, 45.211669 ], [ -87.375403, 45.199296 ] ] ], [ [ [ -90.449075, 47.066013 ], [ -90.465341, 47.002382 ], [ -90.452415, 46.997353 ], [ -90.415367, 47.013446 ], [ -90.397072, 47.075731 ], [ -90.449075, 47.066013 ] ] ], [ [ [ -90.510923, 46.879802 ], [ -90.487262, 46.871516 ], [ -90.448809, 46.896179 ], [ -90.462437, 46.897402 ], [ -90.510923, 46.879802 ] ] ], [ [ [ -90.545797, 47.017944 ], [ -90.577771, 47.032993 ], [ -90.564068, 46.995449 ], [ -90.545797, 47.017944 ] ] ], [ [ [ -90.626238, 47.008082 ], [ -90.615834, 46.987314 ], [ -90.597817, 46.996141 ], [ -90.606699, 47.009293 ], [ -90.626238, 47.008082 ] ] ], [ [ [ -90.651834, 46.925267 ], [ -90.634937, 46.906866 ], [ -90.551491, 46.920434 ], [ -90.511623, 46.961407 ], [ -90.634783, 46.942419 ], [ -90.651834, 46.925267 ] ] ], [ [ [ -90.677915, 46.964226 ], [ -90.662505, 46.95209 ], [ -90.631684, 46.970697 ], [ -90.649602, 46.980116 ], [ -90.677915, 46.964226 ] ] ], [ [ [ -90.697658, 47.034889 ], [ -90.684237, 47.019209 ], [ -90.666851, 47.040216 ], [ -90.680667, 47.048083 ], [ -90.697658, 47.034889 ] ] ], [ [ [ -90.702071, 46.886646 ], [ -90.688307, 46.878443 ], [ -90.668239, 46.88681 ], [ -90.677731, 46.896626 ], [ -90.702071, 46.886646 ] ] ], [ [ [ -90.713082, 46.993611 ], [ -90.691744, 46.98229 ], [ -90.672778, 46.996845 ], [ -90.701228, 47.007354 ], [ -90.713082, 46.993611 ] ] ], [ [ [ -90.740544, 46.964206 ], [ -90.765291, 46.947021 ], [ -90.737107, 46.914712 ], [ -90.688583, 46.920253 ], [ -90.71511, 46.957332 ], [ -90.740544, 46.964206 ] ] ], [ [ [ -90.765606, 46.834424 ], [ -90.72158, 46.854977 ], [ -90.721755, 46.871939 ], [ -90.74534, 46.871103 ], [ -90.765606, 46.834424 ] ] ], [ [ [ -90.775118, 47.024057 ], [ -90.769844, 47.003608 ], [ -90.740814, 47.002381 ], [ -90.738457, 47.019478 ], [ -90.758816, 47.03306 ], [ -90.775118, 47.024057 ] ] ], [ [ [ -90.787269, 46.787151 ], [ -90.785739, 46.753712 ], [ -90.763647, 46.754927 ], [ -90.724522, 46.780966 ], [ -90.659398, 46.7865 ], [ -90.679733, 46.814255 ], [ -90.574408, 46.850433 ], [ -90.622048, 46.872872 ], [ -90.656946, 46.843476 ], [ -90.787269, 46.787151 ] ] ], [ [ [ -90.982101, 46.985855 ], [ -90.96521, 46.962543 ], [ -90.931605, 46.964669 ], [ -90.925867, 46.987598 ], [ -90.93308, 46.998332 ], [ -90.982101, 46.985855 ] ] ], [ [ [ -92.888114, 45.628377 ], [ -92.881136, 45.573409 ], [ -92.770223, 45.566939 ], [ -92.726082, 45.541112 ], [ -92.726677, 45.514462 ], [ -92.646602, 45.441635 ], [ -92.650422, 45.398507 ], [ -92.70272, 45.358472 ], [ -92.709968, 45.321302 ], [ -92.761868, 45.287013 ], [ -92.751708, 45.218666 ], [ -92.766808, 45.185466 ], [ -92.739584, 45.115598 ], [ -92.803079, 45.060978 ], [ -92.76206, 45.02432 ], [ -92.769445, 44.97215 ], [ -92.750645, 44.937299 ], [ -92.774571, 44.898084 ], [ -92.765278, 44.837186 ], [ -92.807317, 44.750364 ], [ -92.632105, 44.649027 ], [ -92.621456, 44.615017 ], [ -92.569434, 44.603539 ], [ -92.547173, 44.567503 ], [ -92.336114, 44.554004 ], [ -92.291005, 44.485464 ], [ -92.232472, 44.445434 ], [ -92.056486, 44.402729 ], [ -91.9636, 44.362112 ], [ -91.918625, 44.322671 ], [ -91.924613, 44.291815 ], [ -91.896388, 44.27469 ], [ -91.875158, 44.200575 ], [ -91.721552, 44.130342 ], [ -91.707491, 44.103906 ], [ -91.59207, 44.031372 ], [ -91.43738, 43.999962 ], [ -91.284138, 43.847065 ], [ -91.244135, 43.774667 ], [ -91.273252, 43.666623 ], [ -91.268748, 43.615348 ], [ -91.231865, 43.581822 ], [ -91.243183, 43.540309 ], [ -91.217353, 43.512474 ], [ -91.233367, 43.455168 ], [ -91.19767, 43.395334 ], [ -91.21477, 43.365874 ], [ -91.107237, 43.313645 ], [ -91.057918, 43.255366 ], [ -91.175253, 43.134665 ], [ -91.179457, 43.067427 ], [ -91.14543, 42.958211 ], [ -91.14556, 42.90798 ], [ -91.100565, 42.883078 ], [ -91.053733, 42.738238 ], [ -90.949213, 42.685573 ], [ -90.709204, 42.636078 ], [ -90.645627, 42.5441 ], [ -90.642843, 42.508481 ], [ -87.800477, 42.49192 ], [ -87.819674, 42.61582 ], [ -87.766675, 42.784896 ], [ -87.823278, 42.835318 ], [ -87.84778, 42.889216 ], [ -87.845181, 42.962015 ], [ -87.895784, 43.015814 ], [ -87.895084, 43.042313 ], [ -87.866484, 43.074412 ], [ -87.900485, 43.12591 ], [ -87.881085, 43.170609 ], [ -87.911787, 43.250406 ], [ -87.872504, 43.380178 ], [ -87.793239, 43.492783 ], [ -87.790135, 43.563054 ], [ -87.702685, 43.687596 ], [ -87.700251, 43.76735 ], [ -87.726407, 43.810445 ], [ -87.736178, 43.880421 ], [ -87.683361, 44.020139 ], [ -87.656083, 44.051794 ], [ -87.646583, 44.104694 ], [ -87.563181, 44.144195 ], [ -87.512903, 44.192808 ], [ -87.508419, 44.229669 ], [ -87.545382, 44.321385 ], [ -87.468093, 44.551925 ], [ -87.353789, 44.701915 ], [ -87.313751, 44.793766 ], [ -87.267441, 44.846851 ], [ -87.204545, 44.875593 ], [ -87.215977, 44.906597 ], [ -87.1717, 44.931476 ], [ -87.189407, 44.968632 ], [ -87.163529, 45.00489 ], [ -87.139384, 45.012565 ], [ -87.121156, 45.058311 ], [ -87.081866, 45.059103 ], [ -87.048213, 45.089124 ], [ -87.054342, 45.119968 ], [ -87.028847, 45.14637 ], [ -87.045225, 45.158401 ], [ -87.040909, 45.211535 ], [ -87.032546, 45.222274 ], [ -86.985973, 45.215872 ], [ -86.973022, 45.246399 ], [ -86.984398, 45.264366 ], [ -86.970355, 45.278455 ], [ -86.983355, 45.295368 ], [ -87.057627, 45.292838 ], [ -87.078316, 45.265723 ], [ -87.108743, 45.257003 ], [ -87.119972, 45.191103 ], [ -87.195213, 45.16311 ], [ -87.238224, 45.167259 ], [ -87.264877, 45.081361 ], [ -87.322117, 45.034201 ], [ -87.405005, 44.911806 ], [ -87.384821, 44.865532 ], [ -87.410015, 44.86199 ], [ -87.437084, 44.892718 ], [ -87.478489, 44.863572 ], [ -87.515142, 44.869596 ], [ -87.610063, 44.838384 ], [ -87.720889, 44.724548 ], [ -87.71978, 44.693246 ], [ -87.754649, 44.650366 ], [ -87.866884, 44.608434 ], [ -87.901179, 44.584545 ], [ -87.929001, 44.535993 ], [ -88.005518, 44.539216 ], [ -88.042414, 44.566589 ], [ -87.998716, 44.609288 ], [ -88.009766, 44.637081 ], [ -87.983494, 44.720196 ], [ -87.941453, 44.75608 ], [ -87.901137, 44.827365 ], [ -87.866237, 44.840481 ], [ -87.836185, 44.883431 ], [ -87.839028, 44.931718 ], [ -87.771856, 44.965086 ], [ -87.628702, 44.985801 ], [ -87.625748, 45.045157 ], [ -87.587147, 45.089495 ], [ -87.657135, 45.107568 ], [ -87.681694, 45.141987 ], [ -87.736269, 45.172599 ], [ -87.740792, 45.200301 ], [ -87.710065, 45.259734 ], [ -87.647768, 45.340563 ], [ -87.661921, 45.371347 ], [ -87.700856, 45.387344 ], [ -87.763597, 45.348765 ], [ -87.850038, 45.346248 ], [ -87.882548, 45.364351 ], [ -87.849582, 45.408123 ], [ -87.861697, 45.434473 ], [ -87.814613, 45.46314 ], [ -87.792769, 45.499967 ], [ -87.826071, 45.557138 ], [ -87.777114, 45.589222 ], [ -87.779509, 45.61186 ], [ -87.823229, 45.646292 ], [ -87.818974, 45.663306 ], [ -87.780701, 45.676811 ], [ -87.807144, 45.708014 ], [ -87.85548, 45.726943 ], [ -87.876898, 45.754379 ], [ -87.964155, 45.760038 ], [ -87.988473, 45.793568 ], [ -88.094047, 45.785658 ], [ -88.13611, 45.819029 ], [ -88.075614, 45.867748 ], [ -88.079594, 45.879006 ], [ -88.09729, 45.884317 ], [ -88.106322, 45.916405 ], [ -88.188294, 45.951282 ], [ -88.322741, 45.9586 ], [ -88.375133, 45.989274 ], [ -88.415503, 45.975253 ], [ -88.465542, 46.000685 ], [ -88.492897, 45.992881 ], [ -88.514601, 46.019926 ], [ -88.607645, 46.014915 ], [ -88.62082, 45.988434 ], [ -88.649753, 45.988297 ], [ -88.679132, 46.013538 ], [ -88.730675, 46.026535 ], [ -88.773053, 46.019789 ], [ -88.793264, 46.032724 ], [ -88.814165, 46.020752 ], [ -89.091638, 46.138447 ], [ -90.120489, 46.336852 ], [ -90.118567, 46.35862 ], [ -90.215171, 46.499543 ], [ -90.271196, 46.506508 ], [ -90.276203, 46.524141 ], [ -90.314657, 46.516175 ], [ -90.310859, 46.539365 ], [ -90.331887, 46.553278 ], [ -90.39332, 46.532615 ], [ -90.418136, 46.566094 ], [ -90.505909, 46.589614 ], [ -90.558141, 46.586384 ], [ -90.732184, 46.688679 ], [ -90.770192, 46.636127 ], [ -90.905572, 46.583524 ], [ -90.94193, 46.588419 ], [ -90.951543, 46.600621 ], [ -90.911281, 46.663083 ], [ -90.853829, 46.693457 ], [ -90.885021, 46.756341 ], [ -90.798936, 46.823143 ], [ -90.751031, 46.887963 ], [ -90.796968, 46.936585 ], [ -90.828817, 46.932215 ], [ -90.830271, 46.950882 ], [ -90.855874, 46.962232 ], [ -90.921811, 46.931322 ], [ -90.968419, 46.94391 ], [ -91.052991, 46.881325 ], [ -91.090916, 46.88267 ], [ -91.111074, 46.855913 ], [ -91.149543, 46.864411 ], [ -91.178292, 46.844259 ], [ -91.226796, 46.86361 ], [ -91.256705, 46.836887 ], [ -91.314815, 46.826825 ], [ -91.368819, 46.793836 ], [ -91.511077, 46.757453 ], [ -91.590684, 46.754331 ], [ -91.790132, 46.694675 ], [ -91.961889, 46.682539 ], [ -92.10819, 46.74914 ], [ -92.13789, 46.73954 ], [ -92.146291, 46.71594 ], [ -92.189091, 46.717541 ], [ -92.204691, 46.704041 ], [ -92.175875, 46.686466 ], [ -92.212392, 46.649941 ], [ -92.270592, 46.650741 ], [ -92.291292, 46.668142 ], [ -92.294033, 46.074377 ], [ -92.332912, 46.062697 ], [ -92.35176, 46.015685 ], [ -92.428555, 46.024241 ], [ -92.469354, 45.973811 ], [ -92.527052, 45.983245 ], [ -92.551933, 45.951651 ], [ -92.638824, 45.934166 ], [ -92.712503, 45.891705 ], [ -92.765146, 45.830183 ], [ -92.757815, 45.806574 ], [ -92.784621, 45.764196 ], [ -92.869193, 45.717568 ], [ -92.888114, 45.628377 ] ] ] ] } },
{ "type": "Feature", "properties": { "statefp": "12", "statens": "00294478", "geoidfq": "0400000US12", "geoid": "12", "stusps": "FL", "name": "Florida", "lsad": "00", "aland": 138973813223, "awater": 45960479273, "dist_miles": 241.20914770333994 }, "geometry": { "type": "MultiPolygon", "coordinates": [ [ [ [ -80.743086, 24.863533 ], [ -80.736585, 24.848156 ], [ -80.706874, 24.864332 ], [ -80.688596, 24.881245 ], [ -80.69134, 24.905135 ], [ -80.743086, 24.863533 ] ] ], [ [ [ -80.850609, 24.813522 ], [ -80.844307, 24.800798 ], [ -80.794702, 24.81221 ], [ -80.782176, 24.837639 ], [ -80.813694, 24.83719 ], [ -80.850609, 24.813522 ] ] ], [ [ [ -81.113979, 24.711163 ], [ -81.108848, 24.689246 ], [ -81.08047, 24.693623 ], [ -80.904945, 24.779019 ], [ -81.113979, 24.711163 ] ] ], [ [ [ -81.812147544605679, 24.561431101470298 ], [ -81.805013, 24.543978 ], [ -81.685243, 24.558676 ], [ -81.517404, 24.621239 ], [ -81.508011, 24.642403 ], [ -81.412537, 24.646732 ], [ -81.39548, 24.622083 ], [ -81.244354, 24.675497 ], [ -81.292364, 24.710518 ], [ -81.305054, 24.755185 ], [ -81.442696, 24.813497 ], [ -81.745651, 24.659882 ], [ -81.812147544605679, 24.561431101470298 ] ] ], [ [ [ -82.007317, 24.540105 ], [ -82.006511, 24.527108 ], [ -81.918795, 24.527699 ], [ -81.883363, 24.560877 ], [ -82.007317, 24.540105 ] ] ], [ [ [ -82.164426, 24.563375 ], [ -82.159439, 24.548212 ], [ -82.116787, 24.549144 ], [ -82.101051, 24.584679 ], [ -82.135423, 24.596879 ], [ -82.164426, 24.563375 ] ] ], [ [ [ -82.267343, 26.683829 ], [ -82.226825, 26.619742 ], [ -82.172917, 26.467658 ], [ -82.082915, 26.422059 ], [ -82.016987, 26.447393 ], [ -82.059983, 26.469095 ], [ -82.095643, 26.456749 ], [ -82.174632, 26.498738 ], [ -82.245145, 26.705701 ], [ -82.267343, 26.683829 ] ] ], [ [ [ -82.854986, 28.20798 ], [ -82.851421, 28.167397 ], [ -82.843619, 28.163761 ], [ -82.836938, 28.210178 ], [ -82.854986, 28.20798 ] ] ], [ [ [ -82.926794, 24.631591 ], [ -82.922945, 24.622124 ], [ -82.861598, 24.626496 ], [ -82.868361, 24.63439 ], [ -82.926794, 24.631591 ] ] ], [ [ [ -84.670648, 29.791983 ], [ -84.663778, 29.774989 ], [ -84.624234, 29.786185 ], [ -84.584489, 29.800874 ], [ -84.572288, 29.827884 ], [ -84.670648, 29.791983 ] ] ], [ [ [ -87.634837901260198, 30.866107538410006 ], [ -87.545052, 30.778642 ], [ -87.532615, 30.743467 ], [ -87.40697, 30.675148 ], [ -87.396189, 30.650438 ], [ -87.39732, 30.608714 ], [ -87.447709, 30.510448 ], [ -87.425086, 30.465589 ], [ -87.366601, 30.436643 ], [ -87.429584, 30.406493 ], [ -87.452282, 30.344097 ], [ -87.496163, 30.317992 ], [ -87.466903, 30.302264 ], [ -87.518324, 30.280435 ], [ -87.295422, 30.323503 ], [ -87.206254, 30.320943 ], [ -86.750906, 30.391881 ], [ -86.412076, 30.380346 ], [ -86.222561, 30.343585 ], [ -85.9226, 30.238024 ], [ -85.69681, 30.09689 ], [ -85.588242, 30.055543 ], [ -85.509148, 29.971466 ], [ -85.405052, 29.938487 ], [ -85.302363, 29.809383 ], [ -85.305998, 29.725202 ], [ -85.323412, 29.697826 ], [ -85.358387, 29.693337 ], [ -85.402471, 29.802905 ], [ -85.393713, 29.862664 ], [ -85.414696, 29.855097 ], [ -85.403179, 29.736725 ], [ -85.369419, 29.681048 ], [ -85.347711, 29.66719 ], [ -85.29074, 29.684081 ], [ -85.222014, 29.677979 ], [ -85.049402, 29.586949 ], [ -84.776954, 29.692191 ], [ -84.693744, 29.767852 ], [ -84.802703, 29.69898 ], [ -85.013641, 29.613513 ], [ -85.07163, 29.632003 ], [ -85.074308, 29.673981 ], [ -85.133938, 29.691391 ], [ -85.135977, 29.712182 ], [ -84.993264, 29.714961 ], [ -84.90413, 29.786279 ], [ -84.877111, 29.772888 ], [ -84.901781, 29.735723 ], [ -84.888031, 29.722406 ], [ -84.511996, 29.916574 ], [ -84.451705, 29.929085 ], [ -84.423834, 29.902996 ], [ -84.349066, 29.896812 ], [ -84.336511, 29.942508 ], [ -84.366115, 30.008662 ], [ -84.277168, 30.060263 ], [ -84.256439, 30.103791 ], [ -84.237014, 30.08556 ], [ -84.19853, 30.087937 ], [ -84.167881, 30.071422 ], [ -84.06299, 30.101378 ], [ -84.000716, 30.096209 ], [ -83.93151, 30.039068 ], [ -83.679219, 29.918513 ], [ -83.595493, 29.827984 ], [ -83.584716, 29.77608 ], [ -83.537645, 29.72306 ], [ -83.412768, 29.668485 ], [ -83.400252, 29.517242 ], [ -83.311546, 29.475666 ], [ -83.294747, 29.437923 ], [ -83.218075, 29.420492 ], [ -83.175518, 29.34469 ], [ -83.169576, 29.290355 ], [ -83.077265, 29.255331 ], [ -83.087839, 29.21642 ], [ -83.053207, 29.130839 ], [ -83.019071, 29.141324 ], [ -82.991653, 29.180664 ], [ -82.804736, 29.146624 ], [ -82.799117, 29.110647 ], [ -82.823659, 29.098902 ], [ -82.816925, 29.076215 ], [ -82.780558, 29.07358 ], [ -82.759704, 29.054192 ], [ -82.764055, 28.999707 ], [ -82.737872, 28.995703 ], [ -82.688864, 28.905609 ], [ -82.730245, 28.850155 ], [ -82.698281, 28.75701 ], [ -82.712373, 28.720921 ], [ -82.668722, 28.695658 ], [ -82.674665, 28.647588 ], [ -82.654138, 28.590837 ], [ -82.674787, 28.441956 ], [ -82.706322, 28.401325 ], [ -82.706112, 28.368057 ], [ -82.764103, 28.244345 ], [ -82.762643, 28.219013 ], [ -82.805097, 28.172181 ], [ -82.808474, 28.154803 ], [ -82.790724, 28.15249 ], [ -82.781324, 28.127591 ], [ -82.783524, 28.060064 ], [ -82.795638, 28.053991 ], [ -82.819385, 28.06398 ], [ -82.827884, 28.087366 ], [ -82.840816, 28.083911 ], [ -82.822712, 28.048599 ], [ -82.846526, 27.854301 ], [ -82.746223, 27.731306 ], [ -82.732147, 27.613455 ], [ -82.699664, 27.634768 ], [ -82.721622, 27.663908 ], [ -82.718822, 27.692007 ], [ -82.63982, 27.703907 ], [ -82.622723, 27.779868 ], [ -82.586519, 27.816703 ], [ -82.63422, 27.9037 ], [ -82.720122, 27.936399 ], [ -82.720522, 27.955798 ], [ -82.679237, 28.000022 ], [ -82.690071, 28.027473 ], [ -82.66963, 28.030411 ], [ -82.553918, 27.966998 ], [ -82.533718, 27.932999 ], [ -82.542818, 27.890601 ], [ -82.529918, 27.877501 ], [ -82.553946, 27.848462 ], [ -82.47244, 27.822559 ], [ -82.491498, 27.915486 ], [ -82.462469, 27.936479 ], [ -82.459581, 27.909939 ], [ -82.413915, 27.901401 ], [ -82.393383, 27.837519 ], [ -82.434635, 27.764355 ], [ -82.482305, 27.742649 ], [ -82.477638, 27.723004 ], [ -82.514265, 27.705588 ], [ -82.570607, 27.608882 ], [ -82.611717, 27.585283 ], [ -82.65072, 27.523115 ], [ -82.703028, 27.497952 ], [ -82.708121, 27.523514 ], [ -82.745748, 27.538834 ], [ -82.691821, 27.437218 ], [ -82.539719, 27.254326 ], [ -82.445718, 27.060634 ], [ -82.289086, 26.827784 ], [ -82.269499, 26.784674 ], [ -82.268361, 26.72122 ], [ -82.253467, 26.719424 ], [ -82.243576, 26.767604 ], [ -82.147068, 26.789803 ], [ -82.175241, 26.916867 ], [ -82.137294, 26.926066 ], [ -82.107972, 26.957688 ], [ -82.063126, 26.950214 ], [ -82.061976, 26.931241 ], [ -82.090148, 26.923191 ], [ -82.093023, 26.906518 ], [ -82.090723, 26.888694 ], [ -82.059101, 26.876621 ], [ -82.055076, 26.802452 ], [ -82.093023, 26.665614 ], [ -82.139019, 26.702986 ], [ -82.173516, 26.701836 ], [ -82.181565, 26.681712 ], [ -82.137869, 26.637441 ], [ -82.106967, 26.486781 ], [ -82.058918, 26.493361 ], [ -82.059913, 26.542973 ], [ -82.040144, 26.525275 ], [ -82.015298, 26.528841 ], [ -82.008961, 26.484052 ], [ -81.969509, 26.476505 ], [ -81.868983, 26.378648 ], [ -81.833142, 26.294518 ], [ -81.801663, 26.088227 ], [ -81.747834, 25.994273 ], [ -81.727823, 25.907831 ], [ -81.68954, 25.85271 ], [ -81.678287, 25.845301 ], [ -81.654493, 25.893579 ], [ -81.614735, 25.893977 ], [ -81.468489, 25.80332 ], [ -81.38381, 25.776751 ], [ -81.350556, 25.689832 ], [ -81.311899, 25.702911 ], [ -81.290328, 25.687506 ], [ -81.271489, 25.61434 ], [ -81.240519, 25.599041 ], [ -81.209321, 25.548611 ], [ -81.208201, 25.504937 ], [ -81.168652, 25.463848 ], [ -81.150508, 25.387255 ], [ -81.128492, 25.380511 ], [ -81.117265, 25.354953 ], [ -81.151916, 25.324766 ], [ -81.172044, 25.222276 ], [ -81.141024, 25.163868 ], [ -81.079859, 25.118797 ], [ -80.900577, 25.139669 ], [ -80.900066, 25.162034 ], [ -80.812133, 25.186039 ], [ -80.747746, 25.147441 ], [ -80.743504, 25.163984 ], [ -80.703095, 25.153558 ], [ -80.664026, 25.187262 ], [ -80.521627, 25.221538 ], [ -80.495394, 25.199808 ], [ -80.46455, 25.209067 ], [ -80.442922, 25.189281 ], [ -80.461121, 25.161776 ], [ -80.468829, 25.092027 ], [ -80.496741, 25.047011 ], [ -80.664372, 24.910497 ], [ -80.65633, 24.897435 ], [ -80.571534, 24.953726 ], [ -80.358183, 25.153228 ], [ -80.173936, 25.489083 ], [ -80.189838, 25.503793 ], [ -80.214957, 25.430092 ], [ -80.290194, 25.319316 ], [ -80.365913, 25.285383 ], [ -80.374116, 25.31735 ], [ -80.335269, 25.338701 ], [ -80.306801, 25.384369 ], [ -80.32578, 25.39801 ], [ -80.320442, 25.437153 ], [ -80.339421, 25.499427 ], [ -80.302057, 25.567632 ], [ -80.301464, 25.613299 ], [ -80.267065, 25.651849 ], [ -80.240376, 25.724206 ], [ -80.197674, 25.74437 ], [ -80.166241, 25.72895 ], [ -80.176916, 25.685062 ], [ -80.154972, 25.66549 ], [ -80.127987, 25.772245 ], [ -80.109566, 26.087165 ], [ -80.038863, 26.569347 ], [ -80.031362, 26.796339 ], [ -80.093909, 27.018587 ], [ -80.253665, 27.37979 ], [ -80.383695, 27.740045 ], [ -80.566432, 28.09563 ], [ -80.604214, 28.257733 ], [ -80.606874, 28.336484 ], [ -80.587813, 28.410856 ], [ -80.525094, 28.459454 ], [ -80.574868, 28.585166 ], [ -80.709725, 28.756692 ], [ -80.966176, 29.14796 ], [ -81.240924, 29.739218 ], [ -81.385505, 30.273841 ], [ -81.410809, 30.482039 ], [ -81.447087, 30.503679 ], [ -81.434064, 30.522569 ], [ -81.432725, 30.703017 ], [ -81.487334, 30.726081 ], [ -81.540927, 30.713343 ], [ -81.646144, 30.727591 ], [ -81.662181, 30.746522 ], [ -81.719937, 30.744634 ], [ -81.806666, 30.789685 ], [ -81.868624, 30.792756 ], [ -81.895737, 30.821101 ], [ -81.949806, 30.827496 ], [ -81.973876, 30.778488 ], [ -82.022887, 30.787992 ], [ -82.011618, 30.763122 ], [ -82.038989, 30.749262 ], [ -82.043817, 30.72964 ], [ -82.049529, 30.655544 ], [ -82.005497, 30.563488 ], [ -82.036845, 30.37787 ], [ -82.060055, 30.360313 ], [ -82.161782, 30.357836 ], [ -82.192966, 30.378765 ], [ -82.210318, 30.424577 ], [ -82.201443, 30.485154 ], [ -82.235848, 30.537178 ], [ -82.214867, 30.568584 ], [ -84.864693, 30.711542 ], [ -84.914449, 30.753582 ], [ -84.93617, 30.820665 ], [ -84.935541, 30.882477 ], [ -84.983257, 30.934784 ], [ -84.980257, 30.961285 ], [ -85.006062, 30.977039 ], [ -85.0019, 31.000681 ], [ -87.598937, 30.997422 ], [ -87.592064, 30.95146 ], [ -87.634837901260198, 30.866107538410006 ] ] ] ] } },
{ "type": "Feature", "properties": { "statefp": "26", "statens": "01779789", "geoidfq": "0400000US26", "geoid": "26", "stusps": "MI", "name": "Michigan", "lsad": "00", "aland": 146625947203, "awater": 103860207077, "dist_miles": 1583.2528833141687 }, "geometry": { "type": "MultiPolygon", "coordinates": [ [ [ [ -83.45224, 43.856351 ], [ -83.448594, 43.842875 ], [ -83.431817, 43.845143 ], [ -83.429361, 43.859412 ], [ -83.45224, 43.856351 ] ] ], [ [ [ -84.009664, 46.101332 ], [ -84.012634, 46.08728 ], [ -83.97345, 46.065285 ], [ -83.987684, 46.098292 ], [ -84.009664, 46.101332 ] ] ], [ [ [ -84.582692, 45.96312 ], [ -84.575833, 45.955294 ], [ -84.567493, 45.947702 ], [ -84.563933, 45.966408 ], [ -84.582692, 45.96312 ] ] ], [ [ [ -84.432472, 45.786732 ], [ -84.611314, 45.828568 ], [ -84.484128, 45.73071 ], [ -84.405852, 45.722417 ], [ -84.356312, 45.769495 ], [ -84.403208, 45.784394 ], [ -84.408301, 45.79957 ], [ -84.432472, 45.786732 ] ] ], [ [ [ -84.632855, 45.984873 ], [ -84.632855, 45.951007 ], [ -84.61067, 45.965543 ], [ -84.632855, 45.984873 ] ] ], [ [ [ -84.651336, 45.862844 ], [ -84.623863, 45.846579 ], [ -84.602922, 45.85164 ], [ -84.641804, 45.885486 ], [ -84.651336, 45.862844 ] ] ], [ [ [ -85.360952, 45.817554 ], [ -85.394264, 45.778531 ], [ -85.377132, 45.769013 ], [ -85.351434, 45.795663 ], [ -85.360952, 45.817554 ] ] ], [ [ [ -85.524448, 45.829794 ], [ -85.532009, 45.798172 ], [ -85.507263, 45.778237 ], [ -85.462581, 45.765864 ], [ -85.450206, 45.776452 ], [ -85.450206, 45.796677 ], [ -85.524448, 45.829794 ] ] ], [ [ [ -85.630016, 45.598166 ], [ -85.618049, 45.582647 ], [ -85.561634, 45.572213 ], [ -85.491347, 45.609665 ], [ -85.506104, 45.681148 ], [ -85.494154, 45.705378 ], [ -85.515678, 45.735782 ], [ -85.501267, 45.754415 ], [ -85.566441, 45.760222 ], [ -85.572309, 45.711449 ], [ -85.604881, 45.681932 ], [ -85.604521, 45.639256 ], [ -85.630016, 45.598166 ] ] ], [ [ [ -85.701809, 45.736129 ], [ -85.696872, 45.69725 ], [ -85.672187, 45.696633 ], [ -85.649353, 45.722552 ], [ -85.651866, 45.743139 ], [ -85.701809, 45.736129 ] ] ], [ [ [ -85.792961, 45.481976 ], [ -85.78679, 45.472203 ], [ -85.771572, 45.460571 ], [ -85.775375, 45.490154 ], [ -85.792961, 45.481976 ] ] ], [ [ [ -85.88301, 45.443479 ], [ -85.873386, 45.421482 ], [ -85.833516, 45.378175 ], [ -85.834891, 45.428356 ], [ -85.88301, 45.443479 ] ] ], [ [ [ -86.065016, 45.140266 ], [ -86.058653, 45.100776 ], [ -85.99736, 45.055929 ], [ -85.976883, 45.06266 ], [ -85.976803, 45.138363 ], [ -85.989412, 45.151069 ], [ -86.04443, 45.159582 ], [ -86.065016, 45.140266 ] ] ], [ [ [ -86.156689, 45.010535 ], [ -86.133655, 44.996874 ], [ -86.093536, 45.007838 ], [ -86.100315, 45.02624 ], [ -86.085318, 45.040727 ], [ -86.138095, 45.043038 ], [ -86.156689, 45.010535 ] ] ], [ [ [ -86.692393, 45.617126 ], [ -86.712328, 45.610939 ], [ -86.636895, 45.542053 ], [ -86.626187, 45.573581 ], [ -86.692393, 45.617126 ] ] ], [ [ [ -86.78665, 45.514562 ], [ -86.782806, 45.486782 ], [ -86.763739, 45.473989 ], [ -86.750475, 45.484135 ], [ -86.769768, 45.516252 ], [ -86.78665, 45.514562 ] ] ], [ [ [ -86.824828, 41.76024 ], [ -84.805883, 41.760216 ], [ -84.806082, 41.696089 ], [ -83.453832, 41.732647 ], [ -83.424076, 41.740738 ], [ -83.439612, 41.813162 ], [ -83.381955, 41.870877 ], [ -83.341557, 41.879956 ], [ -83.315859, 41.935893 ], [ -83.269521, 41.939042 ], [ -83.249204, 41.972402 ], [ -83.187246, 42.007573 ], [ -83.185206, 42.084248 ], [ -83.132421, 42.091458 ], [ -83.121323, 42.125742 ], [ -83.128022, 42.238839 ], [ -83.096521, 42.290138 ], [ -83.064121, 42.317738 ], [ -82.929197, 42.351095 ], [ -82.894013, 42.389437 ], [ -82.870347, 42.450888 ], [ -82.883915, 42.471836 ], [ -82.874416, 42.523535 ], [ -82.834216, 42.567849 ], [ -82.781387, 42.567816 ], [ -82.789017, 42.603434 ], [ -82.819017, 42.616333 ], [ -82.813518, 42.640833 ], [ -82.700964, 42.689548 ], [ -82.625997, 42.667873 ], [ -82.632637, 42.640553 ], [ -82.713231, 42.598609 ], [ -82.678593, 42.582097 ], [ -82.688437, 42.559786 ], [ -82.666826, 42.534854 ], [ -82.633063, 42.55684 ], [ -82.589981, 42.550978 ], [ -82.524833, 42.605976 ], [ -82.467483, 42.76191 ], [ -82.482045, 42.808629 ], [ -82.469912, 42.887459 ], [ -82.416737, 42.966613 ], [ -82.415937, 43.005555 ], [ -82.486042, 43.102486 ], [ -82.523086, 43.225361 ], [ -82.539517, 43.437539 ], [ -82.597911, 43.590016 ], [ -82.633641, 43.831224 ], [ -82.746255, 43.996037 ], [ -82.915976, 44.070503 ], [ -82.967439, 44.066138 ], [ -83.024604, 44.045174 ], [ -83.066026, 44.003366 ], [ -83.26153, 43.973525 ], [ -83.28231, 43.938031 ], [ -83.318656, 43.91762 ], [ -83.400546, 43.918607 ], [ -83.400805, 43.907027 ], [ -83.327437, 43.900583 ], [ -83.327696, 43.880965 ], [ -83.391108, 43.84807 ], [ -83.398391, 43.812164 ], [ -83.496602, 43.697386 ], [ -83.539847, 43.70864 ], [ -83.670534, 43.588093 ], [ -83.897078, 43.664022 ], [ -83.954347, 43.750647 ], [ -83.926345, 43.787398 ], [ -83.907388, 43.918062 ], [ -83.850458, 43.98668 ], [ -83.836672, 43.996598 ], [ -83.763774, 43.985158 ], [ -83.728765, 44.003437 ], [ -83.685508, 43.9901 ], [ -83.679654, 44.036365 ], [ -83.58409, 44.056748 ], [ -83.591361, 44.079237 ], [ -83.573071, 44.101298 ], [ -83.53771, 44.248171 ], [ -83.500392, 44.27661 ], [ -83.429689, 44.269708 ], [ -83.373607, 44.327784 ], [ -83.332533, 44.340464 ], [ -83.308471, 44.539902 ], [ -83.314517, 44.608725 ], [ -83.273393, 44.713901 ], [ -83.2973, 44.746134 ], [ -83.300648, 44.829831 ], [ -83.321241, 44.852962 ], [ -83.320503, 44.880571 ], [ -83.39396, 44.903056 ], [ -83.433032, 44.93289 ], [ -83.462199, 44.993897 ], [ -83.436541, 45.005602 ], [ -83.45352, 45.028624 ], [ -83.442052, 45.051056 ], [ -83.380385, 45.077142 ], [ -83.340257, 45.041545 ], [ -83.265896, 45.026844 ], [ -83.277037, 45.044767 ], [ -83.313936, 45.053389 ], [ -83.301781, 45.093877 ], [ -83.316118, 45.141958 ], [ -83.363678, 45.166469 ], [ -83.41241, 45.238905 ], [ -83.385104, 45.274195 ], [ -83.487075, 45.34365 ], [ -83.538306, 45.358167 ], [ -83.599273, 45.352561 ], [ -83.721815, 45.413304 ], [ -83.806622, 45.419159 ], [ -83.909472, 45.485784 ], [ -84.095905, 45.497298 ], [ -84.122309, 45.523788 ], [ -84.128867, 45.562284 ], [ -84.215268, 45.634767 ], [ -84.329537, 45.66438 ], [ -84.376403, 45.655565 ], [ -84.427495, 45.669201 ], [ -84.46168, 45.652404 ], [ -84.715996, 45.766174 ], [ -84.726192, 45.786905 ], [ -84.772765, 45.789301 ], [ -84.793153, 45.780463 ], [ -84.781373, 45.76108 ], [ -84.799558, 45.74713 ], [ -84.975256, 45.758621 ], [ -84.942125, 45.72846 ], [ -84.943756, 45.71029 ], [ -85.007026, 45.65636 ], [ -85.07491, 45.629242 ], [ -85.118637, 45.575175 ], [ -85.109252, 45.521626 ], [ -85.069573, 45.459239 ], [ -84.994975, 45.4234 ], [ -84.922006, 45.421914 ], [ -84.91585, 45.393115 ], [ -85.032813, 45.361251 ], [ -85.196704, 45.360641 ], [ -85.371593, 45.270834 ], [ -85.388593, 45.23524 ], [ -85.366412, 45.069023 ], [ -85.3958, 44.931018 ], [ -85.462916, 44.825067 ], [ -85.499591, 44.803838 ], [ -85.504775, 44.768082 ], [ -85.527216, 44.748235 ], [ -85.576566, 44.760208 ], [ -85.555894, 44.818256 ], [ -85.502182, 44.855802 ], [ -85.48574, 44.953626 ], [ -85.464944, 44.961062 ], [ -85.475204, 44.991053 ], [ -85.520034, 44.973996 ], [ -85.533553, 44.925762 ], [ -85.564509, 44.895246 ], [ -85.537272, 44.89582 ], [ -85.532931, 44.87319 ], [ -85.593571, 44.768783 ], [ -85.640781, 44.775561 ], [ -85.652355, 44.849092 ], [ -85.625497, 44.921107 ], [ -85.602034, 44.926743 ], [ -85.604301, 44.990983 ], [ -85.633513, 44.966843 ], [ -85.649318, 44.974074 ], [ -85.599652, 45.021749 ], [ -85.590498, 45.051614 ], [ -85.564356, 45.043551 ], [ -85.614319, 45.127562 ], [ -85.599801, 45.149286 ], [ -85.531461, 45.177247 ], [ -85.540497, 45.210169 ], [ -85.585986, 45.180381 ], [ -85.618639, 45.186771 ], [ -85.695715, 45.076461 ], [ -85.746444, 45.051229 ], [ -85.807403, 44.949814 ], [ -85.869852, 44.939031 ], [ -85.9316, 44.968788 ], [ -85.992535, 44.900026 ], [ -86.038332, 44.915696 ], [ -86.066745, 44.905685 ], [ -86.065966, 44.821522 ], [ -86.089186, 44.741496 ], [ -86.254996, 44.691935 ], [ -86.259029, 44.663654 ], [ -86.220697, 44.566742 ], [ -86.26871, 44.345324 ], [ -86.421108, 44.12948 ], [ -86.514702, 44.058119 ], [ -86.463136, 43.970976 ], [ -86.431043, 43.815975 ], [ -86.461554, 43.746685 ], [ -86.529179, 43.677889 ], [ -86.538497, 43.617501 ], [ -86.479276, 43.515335 ], [ -86.407832, 43.338436 ], [ -86.254646, 43.083409 ], [ -86.226305, 42.988284 ], [ -86.206834, 42.719424 ], [ -86.24971, 42.480212 ], [ -86.356218, 42.254166 ], [ -86.485223, 42.118239 ], [ -86.597899, 41.918291 ], [ -86.679355, 41.844793 ], [ -86.824828, 41.76024 ] ] ], [ [ [ -87.652303, 47.41621 ], [ -87.600342, 47.407711 ], [ -87.586224, 47.418336 ], [ -87.623673, 47.426283 ], [ -87.652303, 47.41621 ] ] ], [ [ [ -89.255202, 47.876102 ], [ -89.234533, 47.851718 ], [ -89.157738, 47.824015 ], [ -88.911665, 47.891344 ], [ -88.899698, 47.902445 ], [ -89.004858, 47.896427 ], [ -88.899184, 47.9533 ], [ -88.670073, 48.011446 ], [ -88.579784, 48.058669 ], [ -88.566938, 48.093719 ], [ -88.418244, 48.18037 ], [ -88.422601, 48.190975 ], [ -88.501088, 48.168181 ], [ -88.547033, 48.174891 ], [ -88.656915, 48.139225 ], [ -88.787556, 48.063035 ], [ -89.179154, 47.93503 ], [ -89.255202, 47.876102 ] ] ], [ [ [ -90.418136, 46.566094 ], [ -90.39332, 46.532615 ], [ -90.331887, 46.553278 ], [ -90.310859, 46.539365 ], [ -90.314657, 46.516175 ], [ -90.276203, 46.524141 ], [ -90.271196, 46.506508 ], [ -90.215171, 46.499543 ], [ -90.118567, 46.35862 ], [ -90.120489, 46.336852 ], [ -89.091638, 46.138447 ], [ -88.814165, 46.020752 ], [ -88.793264, 46.032724 ], [ -88.773053, 46.019789 ], [ -88.730675, 46.026535 ], [ -88.679132, 46.013538 ], [ -88.649753, 45.988297 ], [ -88.62082, 45.988434 ], [ -88.607645, 46.014915 ], [ -88.514601, 46.019926 ], [ -88.492897, 45.992881 ], [ -88.465542, 46.000685 ], [ -88.415503, 45.975253 ], [ -88.375133, 45.989274 ], [ -88.322741, 45.9586 ], [ -88.188294, 45.951282 ], [ -88.106322, 45.916405 ], [ -88.075614, 45.867748 ], [ -88.131834, 45.811312 ], [ -88.076375, 45.781606 ], [ -87.995876, 45.795435 ], [ -87.964155, 45.760038 ], [ -87.876898, 45.754379 ], [ -87.782226, 45.683053 ], [ -87.824502, 45.653821 ], [ -87.779509, 45.61186 ], [ -87.78832, 45.5705 ], [ -87.826071, 45.557138 ], [ -87.792769, 45.499967 ], [ -87.814613, 45.46314 ], [ -87.861697, 45.434473 ], [ -87.849582, 45.408123 ], [ -87.882548, 45.364351 ], [ -87.850038, 45.346248 ], [ -87.763597, 45.348765 ], [ -87.700856, 45.387344 ], [ -87.661921, 45.371347 ], [ -87.647768, 45.340563 ], [ -87.710065, 45.259734 ], [ -87.740792, 45.200301 ], [ -87.736269, 45.172599 ], [ -87.681694, 45.141987 ], [ -87.657135, 45.107568 ], [ -87.59188, 45.094689 ], [ -87.612019, 45.123377 ], [ -87.600796, 45.146842 ], [ -87.438908, 45.293405 ], [ -87.3925, 45.369028 ], [ -87.327749, 45.425307 ], [ -87.333147, 45.447208 ], [ -87.196852, 45.636275 ], [ -87.172241, 45.661788 ], [ -87.059533, 45.708497 ], [ -87.070442, 45.718779 ], [ -87.052908, 45.747983 ], [ -87.064302, 45.758828 ], [ -87.057439, 45.812483 ], [ -87.031435, 45.837238 ], [ -86.988438, 45.810621 ], [ -86.975224, 45.75313 ], [ -86.984588, 45.705812 ], [ -86.964275, 45.672761 ], [ -86.944158, 45.695833 ], [ -86.838746, 45.722307 ], [ -86.821523, 45.770356 ], [ -86.773279, 45.811385 ], [ -86.78208, 45.860195 ], [ -86.749638, 45.867796 ], [ -86.721113, 45.845431 ], [ -86.645998, 45.833888 ], [ -86.583304, 45.898784 ], [ -86.541464, 45.890234 ], [ -86.528224, 45.856974 ], [ -86.555186, 45.831696 ], [ -86.557215, 45.808172 ], [ -86.576858, 45.801473 ], [ -86.583391, 45.778242 ], [ -86.631018, 45.782019 ], [ -86.633138, 45.747654 ], [ -86.67148, 45.72053 ], [ -86.665677, 45.702217 ], [ -86.718191, 45.67732 ], [ -86.687208, 45.634253 ], [ -86.616893, 45.606796 ], [ -86.627938, 45.659293 ], [ -86.587528, 45.666456 ], [ -86.580936, 45.71192 ], [ -86.537258, 45.708361 ], [ -86.51457, 45.752337 ], [ -86.486028, 45.746608 ], [ -86.439661, 45.760669 ], [ -86.415971, 45.793793 ], [ -86.351658, 45.798132 ], [ -86.324232, 45.90608 ], [ -86.278007, 45.942057 ], [ -86.208255, 45.962978 ], [ -86.159415, 45.953765 ], [ -86.072067, 45.965313 ], [ -85.913769, 45.919439 ], [ -85.922737, 45.948287 ], [ -85.893196, 45.967253 ], [ -85.810442, 45.980087 ], [ -85.697203, 45.960158 ], [ -85.663966, 45.967013 ], [ -85.603785, 46.030363 ], [ -85.5001, 46.09694 ], [ -85.44699, 46.085164 ], [ -85.412064, 46.101437 ], [ -85.381394, 46.082044 ], [ -85.335911, 46.092595 ], [ -85.197523, 46.044878 ], [ -85.140835, 46.049601 ], [ -85.01399, 46.010774 ], [ -84.917484, 45.93067 ], [ -84.842243, 45.898194 ], [ -84.831396, 45.872038 ], [ -84.746985, 45.835597 ], [ -84.701183, 45.853092 ], [ -84.734002, 45.907026 ], [ -84.713614, 45.920366 ], [ -84.738849, 45.945792 ], [ -84.723039, 45.967279 ], [ -84.685254, 45.973454 ], [ -84.692735, 46.027019 ], [ -84.656567, 46.052654 ], [ -84.609063, 46.026418 ], [ -84.544405, 46.02286 ], [ -84.532392, 45.969448 ], [ -84.514071, 45.971292 ], [ -84.507201, 45.991169 ], [ -84.484009, 45.98825 ], [ -84.376429, 45.931962 ], [ -84.330021, 45.956247 ], [ -84.111174, 45.978675 ], [ -84.017565, 45.959046 ], [ -83.881055, 45.968185 ], [ -83.835505, 45.941843 ], [ -83.768854, 45.932069 ], [ -83.65766, 45.945463 ], [ -83.561838, 45.912562 ], [ -83.517242, 45.923614 ], [ -83.473221, 45.984422 ], [ -83.532913, 46.011328 ], [ -83.581315, 46.089613 ], [ -83.63498, 46.103953 ], [ -83.771821, 46.090999 ], [ -83.815826, 46.108529 ], [ -83.81252, 46.073469 ], [ -83.773785, 46.051471 ], [ -83.765277, 46.018363 ], [ -83.794055, 45.995801 ], [ -83.845399, 46.025679 ], [ -83.868233, 45.995075 ], [ -83.900535, 45.998918 ], [ -83.943933, 46.031465 ], [ -83.989526, 46.032823 ], [ -84.071741, 46.092441 ], [ -84.026536, 46.131648 ], [ -84.095818, 46.147733 ], [ -84.125022, 46.180209 ], [ -84.177298, 46.183993 ], [ -84.221001, 46.163062 ], [ -84.251424, 46.175888 ], [ -84.249164, 46.206461 ], [ -84.219494, 46.231992 ], [ -84.14715, 46.224184 ], [ -84.097766, 46.256512 ], [ -84.115563, 46.268225 ], [ -84.119629, 46.315013 ], [ -84.106247, 46.321963 ], [ -84.138906, 46.372221 ], [ -84.146172, 46.41852 ], [ -84.111225, 46.504119 ], [ -84.128925, 46.530119 ], [ -84.226131, 46.53392 ], [ -84.275814, 46.492821 ], [ -84.343599, 46.507713 ], [ -84.420274, 46.501077 ], [ -84.463322, 46.467435 ], [ -84.455527, 46.453897 ], [ -84.471848, 46.434289 ], [ -84.503719, 46.43919 ], [ -84.583309, 46.413505 ], [ -84.604225, 46.431774 ], [ -84.591874, 46.445324 ], [ -84.63102, 46.484868 ], [ -84.678423, 46.487694 ], [ -84.829491, 46.444071 ], [ -84.861448, 46.46993 ], [ -84.921931, 46.469962 ], [ -84.937145, 46.489252 ], [ -84.969464, 46.47629 ], [ -85.025598, 46.483028 ], [ -85.056133, 46.52652 ], [ -85.025491, 46.546397 ], [ -85.037056, 46.600995 ], [ -85.027513, 46.697451 ], [ -84.954009, 46.771362 ], [ -85.25686, 46.75338 ], [ -85.50951, 46.675786 ], [ -85.877908, 46.690914 ], [ -86.099843, 46.654615 ], [ -86.161681, 46.669475 ], [ -86.34989, 46.578035 ], [ -86.469306, 46.551422 ], [ -86.586168, 46.463324 ], [ -86.609039, 46.470239 ], [ -86.609393, 46.492976 ], [ -86.627441, 46.47754 ], [ -86.646393, 46.485776 ], [ -86.62738, 46.53371 ], [ -86.652865, 46.560555 ], [ -86.678182, 46.561039 ], [ -86.709325, 46.543914 ], [ -86.683819, 46.498079 ], [ -86.698139, 46.438624 ], [ -86.735929, 46.475231 ], [ -86.768516, 46.479072 ], [ -86.803557, 46.466669 ], [ -86.816026, 46.437892 ], [ -86.850111, 46.434114 ], [ -86.883919, 46.441514 ], [ -86.903742, 46.466138 ], [ -86.947077, 46.472064 ], [ -86.964534, 46.516549 ], [ -87.008724, 46.532723 ], [ -87.12744, 46.494014 ], [ -87.258732, 46.488255 ], [ -87.366767, 46.507303 ], [ -87.393985, 46.533183 ], [ -87.375613, 46.54714 ], [ -87.392828, 46.570852 ], [ -87.383961, 46.59307 ], [ -87.451368, 46.605923 ], [ -87.467965, 46.635623 ], [ -87.503025, 46.647497 ], [ -87.523308, 46.688488 ], [ -87.582745, 46.730527 ], [ -87.595307, 46.78295 ], [ -87.672015, 46.820415 ], [ -87.680668, 46.842496 ], [ -87.69459, 46.827182 ], [ -87.727358, 46.827656 ], [ -87.741014, 46.865247 ], [ -87.765989, 46.861316 ], [ -87.816794, 46.891154 ], [ -87.846195, 46.883905 ], [ -87.900339, 46.909686 ], [ -88.08187, 46.920458 ], [ -88.175197, 46.90458 ], [ -88.241948, 46.860055 ], [ -88.267697, 46.821701 ], [ -88.283423, 46.822987 ], [ -88.242661, 46.885077 ], [ -88.150114, 46.94363 ], [ -88.132876, 46.962204 ], [ -88.143688, 46.966665 ], [ -88.244437, 46.929612 ], [ -88.350936, 46.856682 ], [ -88.394784, 46.864179 ], [ -88.381119, 46.836837 ], [ -88.455004, 46.759343 ], [ -88.496479, 46.756494 ], [ -88.482099, 46.782622 ], [ -88.462349, 46.786711 ], [ -88.483748, 46.831727 ], [ -88.443901, 46.972251 ], [ -88.411145, 46.977984 ], [ -88.367624, 47.019213 ], [ -88.349952, 47.076377 ], [ -88.297625, 47.098505 ], [ -88.281701, 47.138212 ], [ -88.232164, 47.145975 ], [ -88.242006, 47.174767 ], [ -88.228987, 47.199042 ], [ -88.163059, 47.216278 ], [ -88.06009, 47.295796 ], [ -87.94336, 47.335899 ], [ -87.965598, 47.368645 ], [ -87.957058, 47.38726 ], [ -87.815371, 47.38479 ], [ -87.712421, 47.4014 ], [ -87.715942, 47.439816 ], [ -87.801184, 47.473301 ], [ -88.040291, 47.475999 ], [ -88.217822, 47.448738 ], [ -88.418673, 47.371188 ], [ -88.573997, 47.245989 ], [ -88.672395, 47.219137 ], [ -88.764351, 47.155762 ], [ -88.88914, 47.100575 ], [ -88.924492, 47.042156 ], [ -88.972802, 47.002096 ], [ -89.128698, 46.992599 ], [ -89.227914, 46.912954 ], [ -89.415154, 46.843983 ], [ -89.619329, 46.81889 ], [ -89.673375, 46.833229 ], [ -89.790663, 46.818469 ], [ -89.848652, 46.795711 ], [ -90.028392, 46.67439 ], [ -90.327626, 46.607744 ], [ -90.418136, 46.566094 ] ] ] ] } },
{ "type": "Feature", "properties": { "statefp": "02", "statens": "01785533", "geoidfq": "0400000US02", "geoid": "02", "stusps": "AK", "name": "Alaska", "lsad": "00", "aland": 1479893380150, "awater": 244326118163, "dist_miles": 6450.3770129781788 }, "geometry": { "type": "MultiPolygon", "coordinates": [ [ [ [ -170.817943, 52.636275 ], [ -170.841936, 52.558171 ], [ -170.788495, 52.54024 ], [ -170.696488, 52.598364 ], [ -170.603862, 52.601732 ], [ -170.56361, 52.640706 ], [ -170.559523, 52.667907 ], [ -170.671545, 52.698082 ], [ -170.817943, 52.636275 ] ] ], [ [ [ -171.15158, 52.584536 ], [ -171.176774, 52.558678 ], [ -171.117117, 52.557522 ], [ -171.118068, 52.576159 ], [ -171.15158, 52.584536 ] ] ], [ [ [ -171.312658, 52.493502 ], [ -171.30417, 52.449952 ], [ -171.252316, 52.449466 ], [ -171.214565, 52.4633 ], [ -171.194639, 52.498039 ], [ -171.252053, 52.529954 ], [ -171.312658, 52.493502 ] ] ], [ [ [ -171.833681, 63.580074 ], [ -171.849984, 63.485039 ], [ -171.824872, 63.437141 ], [ -171.739321, 63.366114 ], [ -171.464455, 63.306915 ], [ -171.333089, 63.335393 ], [ -171.290324, 63.355383 ], [ -171.269249, 63.385386 ], [ -171.100855, 63.42342 ], [ -170.865412, 63.414229 ], [ -170.55895, 63.354989 ], [ -170.364806, 63.285596 ], [ -170.30363, 63.238692 ], [ -170.277721, 63.208819 ], [ -170.281388, 63.186821 ], [ -170.263032, 63.179147 ], [ -170.101301, 63.1793 ], [ -169.88123, 63.105848 ], [ -169.788466, 63.043015 ], [ -169.734938, 62.976617 ], [ -169.757249, 62.960087 ], [ -169.638309, 62.937527 ], [ -169.568016, 62.976879 ], [ -169.576965, 63.027025 ], [ -169.561131, 63.055178 ], [ -169.375667, 63.151269 ], [ -169.105808, 63.178803 ], [ -168.85875, 63.146958 ], [ -168.783239, 63.184131 ], [ -168.685145, 63.296427 ], [ -168.999241, 63.341249 ], [ -169.520524, 63.365941 ], [ -169.643167, 63.427802 ], [ -169.857078, 63.441975 ], [ -170.007943, 63.475428 ], [ -170.047114, 63.490135 ], [ -170.040919, 63.523411 ], [ -170.095833, 63.612701 ], [ -170.176413, 63.625489 ], [ -170.315839, 63.691923 ], [ -170.488192, 63.696723 ], [ -170.950817, 63.570127 ], [ -171.381677, 63.630646 ], [ -171.609439, 63.679832 ], [ -171.65263, 63.708523 ], [ -171.643963, 63.770791 ], [ -171.673296, 63.788067 ], [ -171.738178, 63.784711 ], [ -171.725748, 63.734745 ], [ -171.754336, 63.71896 ], [ -171.743979, 63.654905 ], [ -171.833681, 63.580074 ] ] ], [ [ [ -172.568054796438645, 52.349427846188071 ], [ -172.633156756318357, 52.266222901352435 ], [ -172.616842763668018, 52.255324909368845 ], [ -172.528095, 52.254336 ], [ -172.414419, 52.27674 ], [ -172.313133, 52.320697 ], [ -172.302393, 52.342357 ], [ -172.326444, 52.366472 ], [ -172.448182, 52.391439 ], [ -172.568054796438645, 52.349427846188071 ] ] ], [ [ [ -173.0638, 60.502589 ], [ -172.932363, 60.476364 ], [ -172.722967, 60.359028 ], [ -172.605553, 60.319508 ], [ -172.385937, 60.335275 ], [ -172.326042, 60.327628 ], [ -172.293955, 60.295373 ], [ -172.218848, 60.31174 ], [ -172.380946, 60.382764 ], [ -172.591768, 60.393451 ], [ -172.764799, 60.447421 ], [ -172.884827, 60.507972 ], [ -172.926896, 60.554509 ], [ -172.912636, 60.604129 ], [ -172.95114, 60.606229 ], [ -173.040745, 60.561869 ], [ -173.045023, 60.514056 ], [ -173.0638, 60.502589 ] ] ], [ [ [ -173.090823, 60.698946 ], [ -173.115569, 60.658971 ], [ -173.045137, 60.622804 ], [ -173.063221, 60.695139 ], [ -173.090823, 60.698946 ] ] ], [ [ [ -174.048454028498895, 52.132918952392345 ], [ -174.011341044994765, 52.098869976778651 ], [ -173.971333065301167, 52.099435977425934 ], [ -173.937242079684495, 52.05752100715344 ], [ -173.901078097426762, 52.049443013658582 ], [ -173.612017243759624, 52.051156020256911 ], [ -173.513050291902488, 52.025318040772902 ], [ -173.42344533843837, 52.042279031628787 ], [ -173.393973352315868, 52.028682041816715 ], [ -173.313708395137866, 52.058709023463898 ], [ -173.155580475128346, 52.05967302740968 ], [ -173.107936500700532, 52.078836015640995 ], [ -173.033169538157352, 52.074619020773284 ], [ -172.958526577397095, 52.093656009934513 ], [ -173.124507494713527, 52.109427994109573 ], [ -173.35750137582292, 52.096136996463038 ], [ -173.467880321479328, 52.116430979368069 ], [ -173.497023305778953, 52.103648987342233 ], [ -173.534917288432752, 52.128594969120911 ], [ -173.513763300914775, 52.152517953252435 ], [ -173.529926293230062, 52.159371948084818 ], [ -173.557259278165901, 52.142891958662432 ], [ -173.602449256062727, 52.153780949918541 ], [ -173.771646168722867, 52.131658960532064 ], [ -173.818280143240344, 52.105370977371884 ], [ -173.890736107936931, 52.125477961616127 ], [ -173.874561117716127, 52.14814294644642 ], [ -173.921622092802437, 52.132972955646643 ], [ -174.048454028498895, 52.132918952392345 ] ] ], [ [ [ -175.132637474198532, 52.059230977810344 ], [ -175.341626366215792, 52.021595999424335 ], [ -175.323324374745056, 52.007496009497906 ], [ -175.274852399898265, 52.018627002818569 ], [ -175.095512489777121, 52.000805018806709 ], [ -175.014809530993432, 52.007008016257451 ], [ -175.014750531789957, 52.02059200690978 ], [ -174.967909556465003, 52.037210996483012 ], [ -174.885556598528893, 52.043008994293729 ], [ -174.783191649762557, 52.032301003942891 ], [ -174.736594671875139, 52.007316022189137 ], [ -174.507818790625237, 52.054962994703622 ], [ -174.415044835934083, 52.028389015204645 ], [ -174.382663855718846, 52.081665979324882 ], [ -174.334426882322646, 52.115205957415967 ], [ -174.278281909118363, 52.089496976487951 ], [ -174.218126939857456, 52.093416975282551 ], [ -174.206355947347589, 52.116561959648479 ], [ -174.16857096611551, 52.110717964617713 ], [ -174.142264980432373, 52.125459955135675 ], [ -174.089103006161196, 52.107258969010566 ], [ -174.082817011018619, 52.132076952091964 ], [ -174.190102960476537, 52.190327909283717 ], [ -174.198626958067905, 52.219251889158947 ], [ -174.177681969671028, 52.233645879775523 ], [ -174.060454028685228, 52.2253338884762 ], [ -173.987920070368403, 52.29535284214473 ], [ -173.98520607328993, 52.317607826891873 ], [ -174.068251035989903, 52.390338774658822 ], [ -174.185349978112527, 52.417795752768328 ], [ -174.324937904248998, 52.378102776637206 ], [ -174.317702905759035, 52.344876799700067 ], [ -174.358626882904588, 52.314197819826383 ], [ -174.453662834822325, 52.319374813961126 ], [ -174.451556835012923, 52.305564823522701 ], [ -174.368756875555562, 52.280412842845344 ], [ -174.255834932614249, 52.27415984992799 ], [ -174.249850933648645, 52.243701871047797 ], [ -174.299046906736663, 52.214677889812918 ], [ -174.462964823320391, 52.213038886962245 ], [ -174.40546685065965, 52.183567908634018 ], [ -174.415292844763769, 52.169383918161131 ], [ -174.553492775251328, 52.180144907461518 ], [ -174.568404765089809, 52.138433935825681 ], [ -174.597820750344169, 52.141433933072769 ], [ -174.604873745577265, 52.122131946195218 ], [ -174.656296718622798, 52.107969954752043 ], [ -174.691703700584696, 52.106703954809831 ], [ -174.715207689905469, 52.127382940037926 ], [ -174.751123671076698, 52.117358946121932 ], [ -174.744230673439432, 52.098381959341111 ], [ -174.839717624588019, 52.091345962038815 ], [ -174.905411592723112, 52.116516943257977 ], [ -174.922301582709594, 52.0915879600484 ], [ -174.980499551467062, 52.061478979506546 ], [ -175.000211542407214, 52.077935967752502 ], [ -175.033249525550588, 52.076182968249007 ], [ -175.092869493004571, 52.034801995463717 ], [ -175.132637474198532, 52.059230977810344 ] ] ], [ [ [ -175.509912278923338, 51.982423023069963 ], [ -175.50429828106067, 51.968519032748524 ], [ -175.424861321478403, 51.972340031670932 ], [ -175.428129320751935, 51.99030601924099 ], [ -175.450448309773861, 51.996671014421239 ], [ -175.509912278923338, 51.982423023069963 ] ] ], [ [ [ -175.539913273920575, 52.183448884079745 ], [ -175.523014281141883, 52.156532902943383 ], [ -175.483836301632749, 52.167580896095728 ], [ -175.515655286710341, 52.192169878541961 ], [ -175.539913273920575, 52.183448884079745 ] ] ], [ [ [ -175.742366160406107, 51.96663402955663 ], [ -175.745337157948285, 51.946787043162871 ], [ -175.722758168654792, 51.931768053914737 ], [ -175.644033209518454, 51.952629041020771 ], [ -175.577613242990623, 51.949578044376452 ], [ -175.58096824243421, 51.972467028558739 ], [ -175.742366160406107, 51.96663402955663 ] ] ], [ [ [ -175.954425053735491, 51.983010014489963 ], [ -175.878282091436915, 51.963975028933291 ], [ -175.81546412123447, 51.921144059537482 ], [ -175.760261148985563, 51.917337063158861 ], [ -175.814512125178595, 51.994432009108948 ], [ -175.954425053735491, 51.983010014489963 ] ] ], [ [ [ -176.149511960733662, 52.117577918506356 ], [ -176.211189927093528, 52.064713953896693 ], [ -176.183024938550204, 51.998911999668131 ], [ -176.156641951837202, 51.996791001564084 ], [ -176.168644943639919, 51.948033034932287 ], [ -176.103639975735916, 51.929130049026242 ], [ -176.002863027478355, 51.945176039694594 ], [ -175.993950032667385, 51.960117029563555 ], [ -176.044695009117476, 52.008349995487912 ], [ -175.974936045981735, 52.040963974233144 ], [ -176.008686029406874, 52.05316896524571 ], [ -176.006904031275837, 52.074429950636095 ], [ -176.055985007920782, 52.109476925659614 ], [ -176.149511960733662, 52.117577918506356 ] ] ], [ [ [ -176.236247904229856, 51.825973117835531 ], [ -176.183143930251504, 51.807107131682905 ], [ -176.186470927779567, 51.788541144402728 ], [ -176.158186941213529, 51.768909158375081 ], [ -176.139623952023641, 51.8023941356441 ], [ -176.09496397410129, 51.791628143797062 ], [ -176.102094971995626, 51.825869120117623 ], [ -175.99846602324925, 51.8015501386107 ], [ -176.047894000279115, 51.846317106962232 ], [ -175.963043043151856, 51.846261108458975 ], [ -175.953253049694126, 51.881384084459413 ], [ -175.992652031180995, 51.912663062249351 ], [ -176.111453970056232, 51.889756075995756 ], [ -176.072226988936251, 51.86794609166553 ], [ -176.099138974786541, 51.855541099749018 ], [ -176.206070921907326, 51.883097079014192 ], [ -176.236247904229856, 51.825973117835531 ] ] ], [ [ [ -176.991323516001756, 51.62906024232317 ], [ -176.984332518622551, 51.602143260927129 ], [ -176.930953545149492, 51.592478268270852 ], [ -176.863063582510335, 51.68492920558343 ], [ -176.814438606142602, 51.660258223214718 ], [ -176.826253599511602, 51.640940236341415 ], [ -176.809001607324348, 51.61624325356366 ], [ -176.751818636772811, 51.635025241435528 ], [ -176.71542565456042, 51.620430251983777 ], [ -176.735913645761087, 51.662162222992045 ], [ -176.7130636580425, 51.683338208746719 ], [ -176.631644698088934, 51.657208227883878 ], [ -176.582934723930151, 51.691830204778086 ], [ -176.520766755681279, 51.702820198138582 ], [ -176.50816976307479, 51.729694179839449 ], [ -176.474133780927076, 51.747216168297697 ], [ -176.467051783690863, 51.726676182536181 ], [ -176.28992287361703, 51.741686174965999 ], [ -176.266491888605032, 51.817724123024199 ], [ -176.290729878625342, 51.872144085185404 ], [ -176.398063824163131, 51.867850086451909 ], [ -176.517600762595322, 51.839565104096515 ], [ -176.625464708832169, 51.859832088556324 ], [ -176.616096715213331, 51.903021058964292 ], [ -176.554662746579965, 51.909842055172305 ], [ -176.544868752216587, 51.927253043332151 ], [ -176.554399749856088, 51.990667999530011 ], [ -176.579976737369066, 52.003245990490534 ], [ -176.656482696623897, 51.952318024441276 ], [ -176.774024637537849, 51.965903013423684 ], [ -176.810434617678311, 51.927097039638568 ], [ -176.762479639817371, 51.867886081062949 ], [ -176.790164623985703, 51.817225115547551 ], [ -176.911017562568958, 51.80760512053098 ], [ -176.918066558331134, 51.788011133922019 ], [ -176.882019575795056, 51.766636149111726 ], [ -176.870998580060416, 51.729418174868734 ], [ -176.896967565958306, 51.700432194463737 ], [ -176.930873548753738, 51.697203196235797 ], [ -176.976250524842101, 51.66640821682752 ], [ -176.991323516001756, 51.62906024232317 ] ] ], [ [ [ -177.446757295197955, 51.927389031565056 ], [ -177.479162277937149, 51.898044051416207 ], [ -177.45897928776742, 51.884233061145054 ], [ -177.410079312965991, 51.899101051448838 ], [ -177.418132309530989, 51.921274036092321 ], [ -177.446757295197955, 51.927389031565056 ] ] ], [ [ [ -177.705262158479684, 51.707248180402729 ], [ -177.651387184263001, 51.653612217844604 ], [ -177.616754203050391, 51.703986183536777 ], [ -177.490006267023688, 51.705114184092849 ], [ -177.417679304250441, 51.730883167152214 ], [ -177.342785341769684, 51.72140317451872 ], [ -177.316502354104699, 51.690361196179119 ], [ -177.27512237467144, 51.680518203431809 ], [ -177.145676440772888, 51.707302186554912 ], [ -177.120582454472043, 51.739823164487234 ], [ -177.128618453434768, 51.833843099682156 ], [ -177.081011478221086, 51.855505085364577 ], [ -177.045091497827144, 51.898613056143191 ], [ -177.099267471615292, 51.936127029631734 ], [ -177.181272430270269, 51.943175023768205 ], [ -177.199765420314577, 51.924824036179899 ], [ -177.205676414047701, 51.820647107825792 ], [ -177.238176396930157, 51.798528122661438 ], [ -177.461201282845167, 51.750726153018086 ], [ -177.515592254666018, 51.724986170144177 ], [ -177.639984192174097, 51.736069161222439 ], [ -177.705262158479684, 51.707248180402729 ] ] ], [ [ [ -178.224618899827959, 51.880683056472762 ], [ -178.215124904179504, 51.857809072295282 ], [ -178.059335981526374, 51.786837122403497 ], [ -177.956999032937489, 51.772549133114943 ], [ -177.94665003771226, 51.752689146875262 ], [ -177.956444032085187, 51.722870167311115 ], [ -178.10428595699679, 51.701547180733755 ], [ -178.117864949648009, 51.677839196937803 ], [ -178.069823973725079, 51.670684202254428 ], [ -178.013039001446231, 51.629221231259912 ], [ -177.963853026700633, 51.65023921722414 ], [ -177.944958035342893, 51.611547244009422 ], [ -177.909186053013173, 51.596679254555553 ], [ -177.929024044261752, 51.650528217332379 ], [ -177.918807049962851, 51.67439820099974 ], [ -177.89941706016495, 51.692565188673257 ], [ -177.867961075721013, 51.679382198030382 ], [ -177.841412089354463, 51.689568191266147 ], [ -177.826998097021914, 51.70598018010687 ], [ -177.842268089953734, 51.732488161722898 ], [ -177.796309114101291, 51.770839135759211 ], [ -177.797720113941409, 51.793305120282461 ], [ -177.649209189741214, 51.820735102855679 ], [ -177.614512208155645, 51.853041080969852 ], [ -177.734910146520775, 51.825858098477973 ], [ -177.79653911570594, 51.840602087735419 ], [ -177.859764083379957, 51.826952096541341 ], [ -177.87496507623348, 51.849803080670384 ], [ -177.92157005273603, 51.853891077434227 ], [ -177.913270057544622, 51.87975605970049 ], [ -177.963724032860569, 51.917927032968727 ], [ -178.145326940765187, 51.917224031930424 ], [ -178.197090914278448, 51.905472039615333 ], [ -178.224618899827959, 51.880683056472762 ] ] ], [ [ [ -178.681285664422489, 51.608959240459704 ], [ -178.673671667964811, 51.588972254253576 ], [ -178.576589716757582, 51.583261258755073 ], [ -178.567071721790626, 51.598489248337231 ], [ -178.681285664422489, 51.608959240459704 ] ] ], [ [ [ -178.857365575309899, 51.576598261793464 ], [ -178.825956590739565, 51.547093282246252 ], [ -178.734585636640816, 51.542334285997661 ], [ -178.761235623508242, 51.562322272105206 ], [ -178.857365575309899, 51.576598261793464 ] ] ], [ [ [ -178.858248577970244, 51.820974093605102 ], [ -178.873024570007658, 51.782631119930201 ], [ -178.808157602338611, 51.747086144721585 ], [ -178.750414631665393, 51.757760137677408 ], [ -178.733355640658033, 51.783955119737811 ], [ -178.748283633472937, 51.80995010176121 ], [ -178.811249601999066, 51.839026081411866 ], [ -178.858248577970244, 51.820974093605102 ] ] ], [ [ [ -178.992094505319642, 51.381319395470975 ], [ -178.990684505259793, 51.311656443365067 ], [ -178.954338523766779, 51.33925542455389 ], [ -178.908883546548168, 51.340590423843842 ], [ -178.926874538041659, 51.383648394160112 ], [ -178.964323519481098, 51.40250038102986 ], [ -178.992094505319642, 51.381319395470975 ] ] ], [ [ [ -179.094665453109315, 51.301237450100977 ], [ -179.14734, 51.276781 ], [ -179.126856, 51.219862 ], [ -179.07232, 51.250963 ], [ -179.075466, 51.284619 ], [ -179.094665453109315, 51.301237450100977 ] ] ], [ [ [ 179.482464262940795, 51.982841979897607 ], [ 179.484634261480011, 51.921276022300084 ], [ 179.614364195445518, 51.87178005613567 ], [ 179.743012130361137, 51.911757028426138 ], [ 179.77847011250077, 51.962224993628041 ], [ 179.636846184682696, 52.025719950064499 ], [ 179.571049218072318, 52.011118960236452 ], [ 179.526743240435877, 51.98117198095342 ], [ 179.482464262940795, 51.982841979897607 ] ] ], [ [ [ 178.625536692937601, 51.637311221274821 ], [ 178.706047651722798, 51.593190251169759 ], [ 178.785061611645887, 51.571874265408873 ], [ 178.843631582250225, 51.578650260449521 ], [ 178.95162652745492, 51.541971285170739 ], [ 179.060354471857011, 51.454883344604504 ], [ 179.261618370010609, 51.357696410704747 ], [ 179.46758126688502, 51.371637400560772 ], [ 179.386221307886643, 51.404409378228195 ], [ 179.23625338315378, 51.409614375091415 ], [ 179.191082406286313, 51.462943338572202 ], [ 179.076803464040296, 51.498526314524341 ], [ 179.00289650177848, 51.552494277707297 ], [ 178.920826543475471, 51.586145254923103 ], [ 178.903910552342353, 51.614922235203451 ], [ 178.738019636174783, 51.632742223781996 ], [ 178.664013673908073, 51.66194320410181 ], [ 178.625536692937601, 51.637311221274821 ] ] ], [ [ [ 178.446964788872975, 51.978229987698533 ], [ 178.502493759345469, 51.899652041451809 ], [ 178.539395740696847, 51.903254038736165 ], [ 178.59024571558615, 51.945465009351025 ], [ 178.552612735150717, 51.973975989945153 ], [ 178.478586772974751, 51.987556981064266 ], [ 178.446964788872975, 51.978229987698533 ] ] ], [ [ [ 178.236931892550643, 51.828217092502456 ], [ 178.308563855303674, 51.775709128116617 ], [ 178.380741818602218, 51.763915135721007 ], [ 178.310298855264108, 51.820001097613634 ], [ 178.236931892550643, 51.828217092502456 ] ] ], [ [ [ 178.094610968981783, 52.033301952391028 ], [ 178.105874962505567, 51.998364976365139 ], [ 178.132547948715995, 51.986989983983896 ], [ 178.190963919388395, 52.003553972111142 ], [ 178.179962925590189, 52.033254951737241 ], [ 178.141695945419514, 52.051041939787268 ], [ 178.094610968981783, 52.033301952391028 ] ] ], [ [ [ 177.203324417620962, 51.896570055589862 ], [ 177.203997416775962, 51.880539066618304 ], [ 177.273371380932957, 51.857131081907916 ], [ 177.311769360560902, 51.82597910290432 ], [ 177.334018349860656, 51.844452089932076 ], [ 177.326782354398063, 51.87364406991928 ], [ 177.373935331887708, 51.91976803762514 ], [ 177.409537314166442, 51.930829029608859 ], [ 177.601006216859759, 51.922262033449655 ], [ 177.60753621442575, 51.954728011025431 ], [ 177.543535246933629, 51.956183010692342 ], [ 177.53273025280231, 51.970078001238001 ], [ 177.675953183337924, 52.092174915654077 ], [ 177.602674221861861, 52.137327885290532 ], [ 177.563397241441436, 52.121966896285002 ], [ 177.505320268652298, 52.038775954215325 ], [ 177.497442271367419, 51.993335985598272 ], [ 177.345578347554721, 51.963013008169646 ], [ 177.29131337375108, 51.919438038801879 ], [ 177.203324417620962, 51.896570055589862 ] ] ], [ [ [ 175.874355112615717, 52.371011748639539 ], [ 175.911288092027178, 52.334838772912711 ], [ 175.944182075300063, 52.336444771225835 ], [ 175.966523064972421, 52.359735754782349 ], [ 175.874355112615717, 52.371011748639539 ] ] ], [ [ [ 174.069189059389544, 52.734895537197986 ], [ 174.071845056863822, 52.718302548569518 ], [ 174.15925501119699, 52.707394553853383 ], [ 174.133153026433661, 52.733793536316753 ], [ 174.069189059389544, 52.734895537197986 ] ] ], [ [ [ 173.954078119730326, 52.751417528804978 ], [ 173.972603108641863, 52.729430543477314 ], [ 174.004830091405125, 52.719864549229875 ], [ 174.021705083470692, 52.730293541600538 ], [ 173.954078119730326, 52.751417528804978 ] ] ], [ [ [ 173.867439165986497, 52.775135514747333 ], [ 173.894756150180029, 52.750787530807052 ], [ 173.940040126979198, 52.751867528864352 ], [ 173.897455150307565, 52.771787516256758 ], [ 173.867439165986497, 52.775135514747333 ] ] ], [ [ [ 173.356106400103528, 52.405570783553998 ], [ 173.48384633335192, 52.383492795117355 ], [ 173.588797281186743, 52.400980780139719 ], [ 173.644796249459716, 52.357605808459169 ], [ 173.725699208186256, 52.356586806950432 ], [ 173.71232621968278, 52.421040762929707 ], [ 173.691604232072109, 52.44594274634472 ], [ 173.707744226133627, 52.477384724247919 ], [ 173.772802195266365, 52.50991270007583 ], [ 173.623886271145778, 52.506955706181103 ], [ 173.587557287456093, 52.476792727964074 ], [ 173.545305308967016, 52.476007729682607 ], [ 173.530108314768853, 52.449975748036579 ], [ 173.476246341635601, 52.44191675510212 ], [ 173.440114360957239, 52.4536717480308 ], [ 173.380061389913664, 52.431850764771035 ], [ 173.356106400103528, 52.405570783553998 ] ] ], [ [ [ 172.461670901534433, 52.927167451772803 ], [ 172.469025896329185, 52.911344462437093 ], [ 172.512999873159117, 52.90518846524207 ], [ 172.640375809408539, 52.925448447159589 ], [ 172.754239746650171, 52.877497476590619 ], [ 172.763369737328134, 52.823663513405798 ], [ 172.809390710759175, 52.789297535644508 ], [ 172.903631660058494, 52.761674551752257 ], [ 172.998475614310763, 52.796986524510039 ], [ 173.142681539358136, 52.786261527555446 ], [ 173.224054503191809, 52.856410476786529 ], [ 173.302334460273045, 52.823293497321423 ], [ 173.427673396388116, 52.830770488547103 ], [ 173.2954024721096, 52.926994426024663 ], [ 173.251329496228351, 52.944369415335224 ], [ 173.211755516239322, 52.93949641986304 ], [ 173.107252574541434, 52.993235385921068 ], [ 172.643269814914277, 53.004986392233818 ], [ 172.461670901534433, 52.927167451772803 ] ] ], [ [ [ -131.241191, 55.092547 ], [ -131.240001, 55.061614 ], [ -131.190033, 55.043173 ], [ -131.174566, 55.087788 ], [ -131.190628, 55.108013 ], [ -131.241191, 55.092547 ] ] ], [ [ [ -131.486616, 54.950394 ], [ -131.491504, 54.930392 ], [ -131.469097, 54.913153 ], [ -131.353233, 54.859009 ], [ -131.266049, 54.859369 ], [ -131.195197, 54.919767 ], [ -131.242771, 54.929639 ], [ -131.257421, 54.97901 ], [ -131.248909, 54.99719 ], [ -131.486616, 54.950394 ] ] ], [ [ [ -131.621948, 54.946531 ], [ -131.594567, 54.93113 ], [ -131.520411, 54.957996 ], [ -131.504439, 54.995099 ], [ -131.529158, 55.002188 ], [ -131.621948, 54.946531 ] ] ], [ [ [ -131.646276, 55.035579 ], [ -131.605661, 55.004403 ], [ -131.53214, 55.037945 ], [ -131.484995, 55.010454 ], [ -131.388569, 55.012222 ], [ -131.356314, 55.041211 ], [ -131.362319, 55.155896 ], [ -131.341407, 55.165659 ], [ -131.39769, 55.210916 ], [ -131.462701, 55.223438 ], [ -131.482252, 55.25411 ], [ -131.56956, 55.284114 ], [ -131.607383, 55.240437 ], [ -131.598454, 55.179566 ], [ -131.548093, 55.143138 ], [ -131.558603, 55.125508 ], [ -131.594978, 55.125502 ], [ -131.605302, 55.107436 ], [ -131.589387, 55.08894 ], [ -131.646276, 55.035579 ] ] ], [ [ [ -131.870568, 55.364553 ], [ -131.829585, 55.191916 ], [ -131.748334, 55.128588 ], [ -131.694487, 55.223739 ], [ -131.688644, 55.282113 ], [ -131.647236, 55.30614 ], [ -131.833218, 55.422014 ], [ -131.854297, 55.421074 ], [ -131.870568, 55.364553 ] ] ], [ [ [ -132.489883, 56.503438 ], [ -132.444011, 56.519307 ], [ -132.448289, 56.543687 ], [ -132.475147, 56.544604 ], [ -132.489883, 56.503438 ] ] ], [ [ [ -132.555182, 56.403781 ], [ -132.559346, 56.365114 ], [ -132.494506, 56.355002 ], [ -132.407061, 56.386529 ], [ -132.404682, 56.405565 ], [ -132.502239, 56.436498 ], [ -132.555182, 56.403781 ] ] ], [ [ [ -132.65274, 56.482898 ], [ -132.586115, 56.44899 ], [ -132.52068, 56.562015 ], [ -132.581357, 56.511451 ], [ -132.615264, 56.509072 ], [ -132.65274, 56.482898 ] ] ], [ [ [ -133.025493, 56.229572 ], [ -133.004339, 56.197189 ], [ -133.002675, 56.155713 ], [ -132.971777, 56.152403 ], [ -132.896433, 56.099744 ], [ -132.849253, 56.112601 ], [ -132.962864, 56.254402 ], [ -132.960487, 56.271298 ], [ -132.998991, 56.275125 ], [ -133.025493, 56.229572 ] ] ], [ [ [ -133.069441, 56.356426 ], [ -133.067556, 56.333573 ], [ -133.045383, 56.320783 ], [ -132.961082, 56.296167 ], [ -132.877582, 56.240322 ], [ -132.843716, 56.238933 ], [ -132.662081, 56.274795 ], [ -132.655467, 56.303756 ], [ -132.684112, 56.345671 ], [ -132.620608, 56.3912 ], [ -132.634335, 56.422174 ], [ -132.716056, 56.454861 ], [ -132.819256, 56.439511 ], [ -132.927663, 56.456859 ], [ -133.002357, 56.430655 ], [ -133.069441, 56.356426 ] ] ], [ [ [ -133.293074, 55.444897 ], [ -133.325197, 55.413964 ], [ -133.286531, 55.402067 ], [ -133.250839, 55.4098 ], [ -133.231803, 55.438949 ], [ -133.293074, 55.444897 ] ] ], [ [ [ -133.562096, 54.869267 ], [ -133.548507, 54.783725 ], [ -133.508696, 54.746565 ], [ -133.496235, 54.758562 ], [ -133.51448, 54.839846 ], [ -133.531104, 54.868687 ], [ -133.562096, 54.869267 ] ] ], [ [ [ -133.655819, 55.625617 ], [ -133.622782, 55.582517 ], [ -133.545774, 55.644533 ], [ -133.54815, 55.671886 ], [ -133.61993, 55.697746 ], [ -133.624921, 55.645472 ], [ -133.655819, 55.625617 ] ] ], [ [ [ -133.727361, 55.604006 ], [ -133.715952, 55.581308 ], [ -133.69266, 55.582786 ], [ -133.714504, 55.61437 ], [ -133.727361, 55.604006 ] ] ], [ [ [ -133.789055, 55.457892 ], [ -133.739077, 55.472323 ], [ -133.636291, 55.428423 ], [ -133.622422, 55.396474 ], [ -133.633006, 55.361299 ], [ -133.690944, 55.308703 ], [ -133.61278, 55.239737 ], [ -133.576808, 55.324795 ], [ -133.497028, 55.368159 ], [ -133.419384, 55.386105 ], [ -133.416649, 55.422146 ], [ -133.4653, 55.42337 ], [ -133.474054, 55.437155 ], [ -133.396511, 55.473169 ], [ -133.358993, 55.453832 ], [ -133.305747, 55.484115 ], [ -133.281917, 55.524486 ], [ -133.344847, 55.569327 ], [ -133.413499, 55.570384 ], [ -133.44266, 55.553012 ], [ -133.454576, 55.532423 ], [ -133.44367, 55.518639 ], [ -133.480965, 55.512738 ], [ -133.525646, 55.529097 ], [ -133.544088, 55.491784 ], [ -133.618367, 55.457045 ], [ -133.644202, 55.470815 ], [ -133.632978, 55.491664 ], [ -133.590163, 55.507236 ], [ -133.584326, 55.539707 ], [ -133.733029, 55.558757 ], [ -133.75913, 55.537371 ], [ -133.789055, 55.457892 ] ] ], [ [ [ -133.816363, 55.964025 ], [ -133.799931, 55.925349 ], [ -133.718805, 55.893236 ], [ -133.682558, 55.850414 ], [ -133.672416, 55.880985 ], [ -133.700147, 55.899483 ], [ -133.638122, 55.920982 ], [ -133.495052, 56.017089 ], [ -133.476888, 56.004071 ], [ -133.501872, 55.949343 ], [ -133.49598, 55.913139 ], [ -133.521411, 55.878223 ], [ -133.447018, 55.890487 ], [ -133.384089, 55.87677 ], [ -133.323664, 55.818632 ], [ -133.422064, 55.788821 ], [ -133.556005, 55.835129 ], [ -133.62263, 55.830965 ], [ -133.655942, 55.823232 ], [ -133.700557, 55.778617 ], [ -133.643324, 55.729037 ], [ -133.554504, 55.698354 ], [ -133.492438, 55.706525 ], [ -133.512632, 55.755898 ], [ -133.49143, 55.764082 ], [ -133.416549, 55.739647 ], [ -133.42729, 55.710268 ], [ -133.394486, 55.666881 ], [ -133.452484, 55.6682 ], [ -133.43818, 55.643862 ], [ -133.263042, 55.568793 ], [ -133.17676, 55.586722 ], [ -133.156566, 55.563589 ], [ -133.189611, 55.55853 ], [ -133.190799, 55.530829 ], [ -133.132409, 55.513579 ], [ -133.133293, 55.502508 ], [ -133.183431, 55.492203 ], [ -133.077901, 55.410386 ], [ -133.157761, 55.371912 ], [ -133.208794, 55.384237 ], [ -133.269068, 55.359341 ], [ -133.279271, 55.333264 ], [ -133.233572, 55.308822 ], [ -133.244343, 55.291865 ], [ -133.292402, 55.291377 ], [ -133.33236, 55.345357 ], [ -133.43635, 55.330158 ], [ -133.459753, 55.30678 ], [ -133.471938, 55.247527 ], [ -133.441074, 55.211654 ], [ -133.376615, 55.228288 ], [ -133.323021, 55.20703 ], [ -133.223791, 55.229317 ], [ -133.236908, 55.183326 ], [ -133.215086, 55.136876 ], [ -133.231918, 55.127783 ], [ -133.128705, 55.101429 ], [ -133.239695, 55.092415 ], [ -133.21042, 55.040269 ], [ -133.168931, 55.030889 ], [ -133.159756, 54.95876 ], [ -132.95025, 54.788333 ], [ -132.891553, 54.768191 ], [ -132.865598, 54.728908 ], [ -132.869604, 54.702416 ], [ -132.775733, 54.674844 ], [ -132.675868, 54.672812 ], [ -132.759779, 54.816998 ], [ -132.723538, 54.825128 ], [ -132.681165, 54.773697 ], [ -132.639032, 54.753251 ], [ -132.614851, 54.77717 ], [ -132.628612, 54.883316 ], [ -132.730931, 54.939483 ], [ -132.817385, 54.92364 ], [ -132.804525, 54.870938 ], [ -132.82834, 54.868747 ], [ -132.91465, 54.914009 ], [ -132.959508, 55.021045 ], [ -133.014178, 55.035502 ], [ -133.01974, 55.048366 ], [ -132.99086, 55.079112 ], [ -133.012275, 55.128056 ], [ -133.119294, 55.251405 ], [ -133.104708, 55.2638 ], [ -133.043938, 55.248569 ], [ -133.008156, 55.2057 ], [ -132.935449, 55.209898 ], [ -132.894283, 55.169373 ], [ -132.869827, 55.124104 ], [ -132.931172, 55.074154 ], [ -132.916414, 55.044465 ], [ -132.748854, 54.996007 ], [ -132.692917, 55.02506 ], [ -132.684005, 55.045604 ], [ -132.735645, 55.134218 ], [ -132.635758, 55.152514 ], [ -132.637926, 55.186077 ], [ -132.605219, 55.194064 ], [ -132.581133, 55.166076 ], [ -132.624518, 55.114419 ], [ -132.633305, 55.054954 ], [ -132.594568, 55.105378 ], [ -132.550502, 55.114247 ], [ -132.541802, 55.097764 ], [ -132.575001, 54.998317 ], [ -132.6099, 54.991517 ], [ -132.609786, 54.965728 ], [ -132.484579, 54.899301 ], [ -132.416438, 54.887485 ], [ -132.344897, 54.851924 ], [ -132.332661, 54.826322 ], [ -132.447812, 54.826603 ], [ -132.509371, 54.781258 ], [ -132.371042, 54.782903 ], [ -132.366389, 54.751197 ], [ -132.322555, 54.743958 ], [ -132.307943, 54.718714 ], [ -132.281803, 54.71529 ], [ -132.256092, 54.734617 ], [ -132.142277, 54.691674 ], [ -132.029747, 54.701189 ], [ -131.957914, 54.791239 ], [ -131.98289, 54.853068 ], [ -131.984592, 55.027978 ], [ -132.039217, 55.036765 ], [ -132.143263, 54.984633 ], [ -132.192581, 54.989655 ], [ -132.197614, 55.005158 ], [ -132.094024, 55.039452 ], [ -132.039002, 55.086962 ], [ -132.016932, 55.120971 ], [ -132.038978, 55.125011 ], [ -132.039009, 55.14407 ], [ -131.977397, 55.180949 ], [ -131.995908, 55.259054 ], [ -132.037122, 55.275144 ], [ -132.104376, 55.200899 ], [ -132.207431, 55.218273 ], [ -132.229963, 55.23808 ], [ -132.142742, 55.238212 ], [ -132.098531, 55.28056 ], [ -132.126398, 55.288418 ], [ -132.166857, 55.363039 ], [ -132.22596, 55.374919 ], [ -132.258056, 55.416142 ], [ -132.390782, 55.401739 ], [ -132.41934, 55.432054 ], [ -132.303329, 55.438268 ], [ -132.281269, 55.444189 ], [ -132.288585, 55.451365 ], [ -132.388686, 55.480994 ], [ -132.408317, 55.512522 ], [ -132.491598, 55.503599 ], [ -132.519556, 55.520255 ], [ -132.568335, 55.479804 ], [ -132.608786, 55.486348 ], [ -132.525505, 55.549998 ], [ -132.544541, 55.566655 ], [ -132.514798, 55.576767 ], [ -132.247327, 55.492951 ], [ -132.17861, 55.452829 ], [ -132.142945, 55.457941 ], [ -132.146062, 55.470346 ], [ -132.188771, 55.508443 ], [ -132.301119, 55.55096 ], [ -132.382505, 55.665336 ], [ -132.462531, 55.673854 ], [ -132.470697, 55.782162 ], [ -132.618464, 55.911476 ], [ -132.845569, 56.03616 ], [ -132.897675, 56.020166 ], [ -132.927305, 56.034459 ], [ -132.932085, 56.060717 ], [ -132.977244, 56.072725 ], [ -132.989841, 56.109719 ], [ -133.05552, 56.125258 ], [ -133.059994, 56.150761 ], [ -133.040979, 56.184536 ], [ -133.07823, 56.246802 ], [ -133.163212, 56.317445 ], [ -133.197009, 56.333016 ], [ -133.41837, 56.332132 ], [ -133.582116, 56.352506 ], [ -133.656415, 56.326909 ], [ -133.656889, 56.281228 ], [ -133.62813, 56.236606 ], [ -133.679468, 56.211765 ], [ -133.550408, 56.158327 ], [ -133.581544, 56.129196 ], [ -133.635735, 56.147736 ], [ -133.643817, 56.127739 ], [ -133.633121, 56.107863 ], [ -133.55231, 56.096331 ], [ -133.558965, 56.084662 ], [ -133.684209, 56.075507 ], [ -133.777846, 55.982876 ], [ -133.816363, 55.964025 ] ] ], [ [ [ -133.882693, 57.300651 ], [ -133.875673, 57.267613 ], [ -133.778034, 57.294357 ], [ -133.786398, 57.311528 ], [ -133.828428, 57.322007 ], [ -133.882693, 57.300651 ] ] ], [ [ [ -133.943499, 55.912446 ], [ -133.929325, 55.869538 ], [ -133.894706, 55.845641 ], [ -133.861039, 55.848844 ], [ -133.840298, 55.88677 ], [ -133.864099, 55.936286 ], [ -133.943499, 55.912446 ] ] ], [ [ [ -134.366957, 55.910541 ], [ -134.317044, 55.868555 ], [ -134.345432, 55.856687 ], [ -134.344418, 55.843198 ], [ -134.282453, 55.828667 ], [ -134.208251, 55.876709 ], [ -134.130544, 55.897512 ], [ -134.099805, 55.98414 ], [ -134.122689, 55.985516 ], [ -134.152216, 55.920916 ], [ -134.262378, 55.892553 ], [ -134.266656, 55.929586 ], [ -134.336063, 55.926614 ], [ -134.366957, 55.910541 ] ] ], [ [ [ -134.415206, 56.847948 ], [ -134.401658, 56.733001 ], [ -134.376274, 56.668608 ], [ -134.30112, 56.620317 ], [ -134.320134, 56.554484 ], [ -134.241938, 56.555531 ], [ -134.197967, 56.531028 ], [ -134.25192, 56.44455 ], [ -134.243126, 56.395778 ], [ -134.292801, 56.354056 ], [ -134.299456, 56.289605 ], [ -134.262616, 56.215135 ], [ -134.259288, 56.121446 ], [ -134.234094, 56.067086 ], [ -134.189701, 56.022682 ], [ -134.137121, 56.006405 ], [ -134.107886, 56.080617 ], [ -134.087446, 56.094939 ], [ -133.99689, 56.082209 ], [ -133.960525, 56.091359 ], [ -133.927725, 56.145949 ], [ -133.941986, 56.180095 ], [ -133.88114, 56.223197 ], [ -133.876624, 56.275884 ], [ -133.834555, 56.319801 ], [ -133.847622, 56.351318 ], [ -133.871633, 56.363799 ], [ -133.863972, 56.390672 ], [ -133.780601, 56.392489 ], [ -133.776561, 56.47016 ], [ -133.821007, 56.495227 ], [ -133.714526, 56.550029 ], [ -133.675836, 56.522714 ], [ -133.655468, 56.442279 ], [ -133.532969, 56.434751 ], [ -133.460634, 56.45412 ], [ -133.401797, 56.496355 ], [ -133.371889, 56.493689 ], [ -133.348504, 56.469568 ], [ -133.203584, 56.447657 ], [ -133.122245, 56.49202 ], [ -133.138307, 56.532923 ], [ -132.796627, 56.496471 ], [ -132.539698, 56.593199 ], [ -132.546463, 56.606563 ], [ -132.595179, 56.613308 ], [ -132.628201, 56.645642 ], [ -132.622788, 56.66871 ], [ -132.743207, 56.71372 ], [ -132.762964, 56.753227 ], [ -132.820556, 56.793787 ], [ -132.903211, 56.80361 ], [ -132.935258, 56.822941 ], [ -132.98137, 56.92738 ], [ -133.104611, 57.005701 ], [ -133.308317, 57.014762 ], [ -133.344217, 57.001834 ], [ -133.887957, 57.097744 ], [ -134.008856, 57.074578 ], [ -134.033979, 57.063281 ], [ -134.049218, 57.029203 ], [ -133.921451, 56.961511 ], [ -133.903634, 56.927269 ], [ -133.916358, 56.914447 ], [ -133.86904, 56.845938 ], [ -133.765324, 56.807489 ], [ -133.800804, 56.785246 ], [ -133.833366, 56.803209 ], [ -133.942936, 56.805551 ], [ -134.006635, 56.851587 ], [ -134.047753, 56.923 ], [ -134.147103, 56.95697 ], [ -134.153283, 56.934802 ], [ -134.270459, 56.93558 ], [ -134.296366, 56.907301 ], [ -134.353647, 56.893153 ], [ -134.415206, 56.847948 ] ] ], [ [ [ -134.960502, 58.403758 ], [ -134.969189, 58.367542 ], [ -134.914857, 58.214932 ], [ -134.857221, 58.176288 ], [ -134.784927, 58.096793 ], [ -134.796804, 58.058855 ], [ -134.758833, 57.980212 ], [ -134.746108, 57.898529 ], [ -134.705869, 57.828929 ], [ -134.731798, 57.721921 ], [ -134.700518, 57.695966 ], [ -134.674438, 57.614409 ], [ -134.611177, 57.563137 ], [ -134.595981, 57.534107 ], [ -134.607557, 57.513042 ], [ -134.464032, 57.392184 ], [ -134.486023, 57.372492 ], [ -134.527873, 57.389874 ], [ -134.527594, 57.405331 ], [ -134.578511, 57.400291 ], [ -134.574114, 57.341172 ], [ -134.517279, 57.314567 ], [ -134.605032, 57.273 ], [ -134.646773, 57.226327 ], [ -134.634565, 57.109863 ], [ -134.601407, 57.033812 ], [ -134.497718, 57.031194 ], [ -134.386052, 57.087392 ], [ -134.370797, 57.099924 ], [ -134.378359, 57.115016 ], [ -134.193629, 57.184879 ], [ -134.110315, 57.249948 ], [ -134.080495, 57.297678 ], [ -134.094891, 57.326401 ], [ -134.034563, 57.327638 ], [ -133.968495, 57.303937 ], [ -133.870657, 57.358287 ], [ -133.870327, 57.381298 ], [ -133.927539, 57.46957 ], [ -133.857368, 57.463964 ], [ -133.943417, 57.561555 ], [ -133.935976, 57.614414 ], [ -134.020169, 57.656734 ], [ -134.1277, 57.739216 ], [ -134.146342, 57.760258 ], [ -134.100899, 57.776779 ], [ -134.105408, 57.795974 ], [ -134.206874, 57.895901 ], [ -134.202353, 57.90633 ], [ -134.132146, 57.896189 ], [ -134.098628, 57.85055 ], [ -134.03082, 57.818646 ], [ -133.994964, 57.719821 ], [ -133.863112, 57.623701 ], [ -133.840838, 57.576865 ], [ -133.81164, 57.572365 ], [ -133.808285, 57.609604 ], [ -133.896846, 57.685524 ], [ -133.904874, 57.807406 ], [ -133.963791, 57.854628 ], [ -133.999948, 57.91481 ], [ -134.101125, 57.98407 ], [ -134.087572, 57.996475 ], [ -134.098652, 58.018748 ], [ -134.18937, 58.083444 ], [ -134.192724, 58.107685 ], [ -134.166332, 58.132558 ], [ -134.177467, 58.15964 ], [ -134.32736, 58.14388 ], [ -134.519644, 58.175771 ], [ -134.559241, 58.195121 ], [ -134.631434, 58.162198 ], [ -134.699956, 58.161494 ], [ -134.729861, 58.273512 ], [ -134.779354, 58.281279 ], [ -134.806116, 58.321284 ], [ -134.960502, 58.403758 ] ] ], [ [ [ -135.028573, 58.519895 ], [ -135.004183, 58.484798 ], [ -134.918733, 58.468005 ], [ -134.840595, 58.369989 ], [ -134.806093, 58.374153 ], [ -134.903651, 58.481228 ], [ -135.028573, 58.519895 ] ] ], [ [ [ -135.349335, 59.020034 ], [ -135.334107, 58.943891 ], [ -135.298626, 58.919262 ], [ -135.296035, 58.95912 ], [ -135.349335, 59.020034 ] ] ], [ [ [ -135.69512, 57.363077 ], [ -135.674687, 57.336747 ], [ -135.601782, 57.300772 ], [ -135.552574, 57.233194 ], [ -135.477683, 57.256824 ], [ -135.358715, 57.243776 ], [ -135.372441, 57.198063 ], [ -135.422746, 57.167724 ], [ -135.409703, 57.148861 ], [ -135.493084, 57.094545 ], [ -135.353447, 57.020905 ], [ -135.442339, 56.942355 ], [ -135.447924, 56.889226 ], [ -135.432238, 56.852074 ], [ -135.467533, 56.841416 ], [ -135.506869, 56.865978 ], [ -135.573419, 56.86338 ], [ -135.506312, 56.781409 ], [ -135.398678, 56.779201 ], [ -135.362241, 56.758742 ], [ -135.310159, 56.778093 ], [ -135.280875, 56.768357 ], [ -135.318082, 56.748688 ], [ -135.305077, 56.726382 ], [ -135.224142, 56.687858 ], [ -135.21583, 56.66534 ], [ -135.175826, 56.677876 ], [ -135.118709, 56.597728 ], [ -135.029747, 56.628918 ], [ -134.979386, 56.627676 ], [ -134.967164, 56.603026 ], [ -135.045054, 56.583392 ], [ -135.058238, 56.529453 ], [ -134.945704, 56.38971 ], [ -134.839411, 56.309403 ], [ -134.806163, 56.235533 ], [ -134.668151, 56.167026 ], [ -134.634668, 56.265832 ], [ -134.63401, 56.31584 ], [ -134.645308, 56.472215 ], [ -134.671047, 56.5412 ], [ -134.639732, 56.538835 ], [ -134.626943, 56.553868 ], [ -134.619799, 56.665888 ], [ -134.663434, 56.804687 ], [ -134.699099, 56.850864 ], [ -134.695735, 56.900791 ], [ -134.740135, 56.948481 ], [ -134.73788, 57.009935 ], [ -134.841774, 57.248588 ], [ -134.879535, 57.288177 ], [ -134.955014, 57.309433 ], [ -134.951267, 57.32866 ], [ -134.88478, 57.330003 ], [ -134.829365, 57.294098 ], [ -134.812769, 57.299765 ], [ -134.806352, 57.341888 ], [ -134.849477, 57.40967 ], [ -135.06505, 57.418972 ], [ -135.145949, 57.439049 ], [ -135.209123, 57.488753 ], [ -135.297784, 57.483721 ], [ -135.308458, 57.495201 ], [ -135.294491, 57.510836 ], [ -135.347597, 57.550232 ], [ -135.419205, 57.564159 ], [ -135.548794, 57.508977 ], [ -135.534221, 57.450252 ], [ -135.562234, 57.44272 ], [ -135.554548, 57.426636 ], [ -135.633654, 57.399102 ], [ -135.639556, 57.371883 ], [ -135.69512, 57.363077 ] ] ], [ [ [ -135.727908, 58.365444 ], [ -135.696499, 58.335939 ], [ -135.649861, 58.324517 ], [ -135.538502, 58.337842 ], [ -135.631777, 58.380673 ], [ -135.727908, 58.365444 ] ] ], [ [ [ -135.837719, 57.282068 ], [ -135.870519, 57.221639 ], [ -135.823458, 57.195637 ], [ -135.832253, 57.170647 ], [ -135.753581, 57.167168 ], [ -135.740033, 57.146286 ], [ -135.755007, 57.123972 ], [ -135.844612, 57.083568 ], [ -135.856021, 56.995636 ], [ -135.825598, 56.989032 ], [ -135.63688, 57.009874 ], [ -135.600515, 57.071683 ], [ -135.571043, 57.092608 ], [ -135.572231, 57.126295 ], [ -135.541333, 57.147704 ], [ -135.455768, 57.16008 ], [ -135.398725, 57.230677 ], [ -135.478803, 57.238962 ], [ -135.541333, 57.213017 ], [ -135.583877, 57.229745 ], [ -135.638599, 57.292858 ], [ -135.760711, 57.34663 ], [ -135.848177, 57.33855 ], [ -135.85816, 57.321358 ], [ -135.837719, 57.282068 ] ] ], [ [ [ -136.153593, 58.596966 ], [ -136.096486, 58.558894 ], [ -136.088872, 58.565557 ], [ -136.123136, 58.609339 ], [ -136.153593, 58.596966 ] ] ], [ [ [ -136.156151, 58.283888 ], [ -136.094285, 58.257119 ], [ -136.035393, 58.27318 ], [ -136.033014, 58.311252 ], [ -136.118674, 58.303519 ], [ -136.156151, 58.283888 ] ] ], [ [ [ -136.573288, 57.926844 ], [ -136.484259, 57.89646 ], [ -136.458829, 57.853901 ], [ -136.372377, 57.832587 ], [ -136.309429, 57.779465 ], [ -136.314631, 57.758703 ], [ -136.250818, 57.684831 ], [ -136.266688, 57.663769 ], [ -136.22961, 57.595372 ], [ -136.163059, 57.558861 ], [ -136.120634, 57.591295 ], [ -136.085739, 57.577589 ], [ -136.088071, 57.555291 ], [ -136.047547, 57.513762 ], [ -135.896979, 57.440719 ], [ -135.892131, 57.408048 ], [ -135.84381, 57.390896 ], [ -135.711401, 57.36776 ], [ -135.597144, 57.442652 ], [ -135.566807, 57.485696 ], [ -135.580506, 57.516954 ], [ -135.565651, 57.547193 ], [ -135.588477, 57.552081 ], [ -135.587475, 57.568829 ], [ -135.511012, 57.595906 ], [ -135.546143, 57.613826 ], [ -135.592778, 57.602474 ], [ -135.660902, 57.629196 ], [ -135.712317, 57.672648 ], [ -135.684951, 57.677508 ], [ -135.650701, 57.65252 ], [ -135.571606, 57.674397 ], [ -135.242855, 57.546302 ], [ -135.084338, 57.464671 ], [ -134.90268, 57.459349 ], [ -134.824891, 57.500067 ], [ -134.867433, 57.623439 ], [ -134.918167, 57.682272 ], [ -134.929726, 57.759203 ], [ -134.97812, 57.763125 ], [ -135.024837, 57.74299 ], [ -135.098422, 57.754898 ], [ -135.115011, 57.778261 ], [ -135.02337, 57.780537 ], [ -134.949436, 57.805027 ], [ -134.954547, 57.815785 ], [ -135.146717, 57.891656 ], [ -135.173712, 57.919399 ], [ -135.140674, 57.926114 ], [ -135.004952, 57.884338 ], [ -134.926395, 57.921919 ], [ -134.912854, 57.979287 ], [ -134.950844, 58.036993 ], [ -135.0707, 58.061242 ], [ -135.108896, 58.08827 ], [ -135.275797, 58.097024 ], [ -135.411777, 58.145473 ], [ -135.451444, 58.134348 ], [ -135.563434, 58.043491 ], [ -135.581753, 57.997568 ], [ -135.621582, 57.984623 ], [ -135.651368, 58.036484 ], [ -135.540712, 58.10175 ], [ -135.497911, 58.168882 ], [ -135.589198, 58.213677 ], [ -135.7351, 58.240213 ], [ -135.78338, 58.286709 ], [ -135.914178, 58.244073 ], [ -135.976386, 58.202029 ], [ -136.139007, 58.224393 ], [ -136.199854, 58.180871 ], [ -136.239246, 58.171913 ], [ -136.283886, 58.223685 ], [ -136.284047, 58.269611 ], [ -136.400046, 58.271991 ], [ -136.354836, 58.192279 ], [ -136.365544, 58.148854 ], [ -136.469272, 58.096868 ], [ -136.500119, 58.104787 ], [ -136.556247, 58.077019 ], [ -136.573288, 57.926844 ] ] ], [ [ [ -146.011601, 60.396234 ], [ -145.831202, 60.350293 ], [ -145.754432, 60.359345 ], [ -145.744449, 60.38543 ], [ -145.953132, 60.407856 ], [ -146.011601, 60.396234 ] ] ], [ [ [ -147.321084, 60.880198 ], [ -147.141802, 60.853991 ], [ -147.071788, 60.893833 ], [ -147.115336, 60.911938 ], [ -147.226303, 60.910421 ], [ -147.321084, 60.880198 ] ] ], [ [ [ -147.500009, 60.653852 ], [ -147.483828, 60.618636 ], [ -147.454323, 60.619588 ], [ -147.348675, 60.627202 ], [ -147.3087, 60.665274 ], [ -147.395312, 60.74332 ], [ -147.487635, 60.728092 ], [ -147.483828, 60.683358 ], [ -147.500009, 60.653852 ] ] ], [ [ [ -147.505719, 60.253151 ], [ -147.483828, 60.224598 ], [ -147.340109, 60.275042 ], [ -147.341061, 60.305499 ], [ -147.505719, 60.253151 ] ] ], [ [ [ -147.92924, 59.783875 ], [ -147.876475, 59.763893 ], [ -147.832386, 59.770116 ], [ -147.765122, 59.795954 ], [ -147.68241, 59.798943 ], [ -147.62394, 59.848285 ], [ -147.567967, 59.85115 ], [ -147.542773, 59.835031 ], [ -147.461486, 59.841659 ], [ -147.411811, 59.86404 ], [ -147.391846, 59.87776 ], [ -147.501654, 59.926867 ], [ -147.421081, 59.966147 ], [ -147.372594, 59.95294 ], [ -147.339794, 59.962102 ], [ -147.38329, 59.978279 ], [ -147.353342, 60.047061 ], [ -147.179123, 60.158305 ], [ -146.955704, 60.259153 ], [ -146.916487, 60.290973 ], [ -146.923142, 60.309461 ], [ -147.028909, 60.286378 ], [ -147.062422, 60.300866 ], [ -147.002051, 60.344289 ], [ -147.089042, 60.342878 ], [ -147.100926, 60.356517 ], [ -147.085477, 60.368741 ], [ -147.102352, 60.38002 ], [ -147.200039, 60.350286 ], [ -147.233314, 60.289559 ], [ -147.200276, 60.276599 ], [ -147.319829, 60.217741 ], [ -147.331476, 60.184432 ], [ -147.374258, 60.160315 ], [ -147.401353, 60.11641 ], [ -147.58817, 60.025812 ], [ -147.695363, 59.996706 ], [ -147.707247, 59.982917 ], [ -147.679914, 59.976376 ], [ -147.681815, 59.961745 ], [ -147.740047, 59.955082 ], [ -147.806122, 59.920911 ], [ -147.805171, 59.873227 ], [ -147.887171, 59.86225 ], [ -147.913316, 59.837181 ], [ -147.897629, 59.801932 ], [ -147.92924, 59.783875 ] ] ], [ [ [ -147.950532, 60.243791 ], [ -147.945158, 60.222324 ], [ -147.828962, 60.207442 ], [ -147.845681, 60.195434 ], [ -147.760681, 60.156396 ], [ -147.704731, 60.227874 ], [ -147.703599, 60.285589 ], [ -147.618906, 60.368848 ], [ -147.630081, 60.38955 ], [ -147.681888, 60.388167 ], [ -147.690773, 60.405054 ], [ -147.619972, 60.436821 ], [ -147.607756, 60.50692 ], [ -147.565775, 60.534713 ], [ -147.555392, 60.574059 ], [ -147.613843, 60.565906 ], [ -147.721824, 60.508635 ], [ -147.715312, 60.447915 ], [ -147.750864, 60.440981 ], [ -147.779329, 60.457078 ], [ -147.765825, 60.476505 ], [ -147.792822, 60.476193 ], [ -147.950532, 60.243791 ] ] ], [ [ [ -148.020259, 60.72495 ], [ -147.932931, 60.655714 ], [ -147.868067, 60.670825 ], [ -147.846103, 60.694509 ], [ -147.906021, 60.735515 ], [ -147.965419, 60.751996 ], [ -148.020259, 60.72495 ] ] ], [ [ [ -150.220208, 61.170195 ], [ -150.265894, 61.127365 ], [ -150.228774, 61.123558 ], [ -150.158342, 61.16734 ], [ -150.220208, 61.170195 ] ] ], [ [ [ -150.772243, 59.333014 ], [ -150.773195, 59.308267 ], [ -150.721799, 59.292087 ], [ -150.680872, 59.305412 ], [ -150.650415, 59.343483 ], [ -150.618054, 59.355856 ], [ -150.609488, 59.386314 ], [ -150.671354, 59.410108 ], [ -150.772243, 59.333014 ] ] ], [ [ [ -151.528818, 59.147586 ], [ -151.526323, 59.134359 ], [ -151.445036, 59.105082 ], [ -151.431726, 59.11765 ], [ -151.43339, 59.135517 ], [ -151.528818, 59.147586 ] ] ], [ [ [ -151.718141, 59.132248 ], [ -151.726568, 59.115088 ], [ -151.713733, 59.101115 ], [ -151.662368, 59.089735 ], [ -151.638389, 59.117406 ], [ -151.718141, 59.132248 ] ] ], [ [ [ -151.824254, 59.178045 ], [ -151.88308, 59.156179 ], [ -151.808686, 59.134908 ], [ -151.790266, 59.16422 ], [ -151.824254, 59.178045 ] ] ], [ [ [ -151.862321, 58.257495 ], [ -151.890875, 58.19325 ], [ -151.862321, 58.168265 ], [ -151.817111, 58.183732 ], [ -151.790937, 58.246788 ], [ -151.817111, 58.263444 ], [ -151.862321, 58.257495 ] ] ], [ [ [ -152.063101, 58.946827 ], [ -152.074522, 58.912563 ], [ -151.955549, 58.914466 ], [ -152.031692, 58.948731 ], [ -152.063101, 58.946827 ] ] ], [ [ [ -152.08285, 60.34595 ], [ -151.956263, 60.367841 ], [ -151.974347, 60.38878 ], [ -151.940083, 60.430659 ], [ -151.891542, 60.440177 ], [ -151.895349, 60.460164 ], [ -151.839194, 60.485862 ], [ -151.930565, 60.51632 ], [ -151.952456, 60.510609 ], [ -151.980058, 60.414479 ], [ -152.08285, 60.34595 ] ] ], [ [ [ -152.290919, 57.394907 ], [ -152.312072, 57.362746 ], [ -152.261049, 57.367335 ], [ -152.253603, 57.384019 ], [ -152.290919, 57.394907 ] ] ], [ [ [ -152.35625, 58.915418 ], [ -152.276301, 58.906852 ], [ -152.154472, 58.94302 ], [ -152.242036, 58.938261 ], [ -152.307709, 58.962056 ], [ -152.312468, 58.931599 ], [ -152.35625, 58.915418 ] ] ], [ [ [ -152.639644, 60.165111 ], [ -152.632982, 60.148931 ], [ -152.553032, 60.098486 ], [ -152.57873, 60.16987 ], [ -152.619657, 60.183195 ], [ -152.639644, 60.165111 ] ] ], [ [ [ -153.418343, 58.064053 ], [ -153.365574, 58.039052 ], [ -153.218115, 58.043909 ], [ -152.982406, 57.984697 ], [ -152.819043, 57.995574 ], [ -152.762475, 58.014464 ], [ -152.771303, 58.046883 ], [ -152.656801, 58.061049 ], [ -152.631214, 58.081924 ], [ -152.584222, 58.187477 ], [ -152.559884, 58.170941 ], [ -152.569595, 58.1148 ], [ -152.541533, 58.083666 ], [ -152.482674, 58.129813 ], [ -152.273605, 58.12563 ], [ -152.265111, 58.135732 ], [ -152.311415, 58.221115 ], [ -152.280629, 58.242344 ], [ -152.23383, 58.243329 ], [ -152.203699, 58.212055 ], [ -152.223175, 58.194794 ], [ -152.194827, 58.174128 ], [ -152.112205, 58.148559 ], [ -152.081083, 58.154275 ], [ -151.972053, 58.230702 ], [ -151.963817, 58.328999 ], [ -151.986171, 58.350413 ], [ -152.082342, 58.309945 ], [ -152.116569, 58.248537 ], [ -152.146519, 58.24912 ], [ -152.138294, 58.295712 ], [ -152.08925, 58.367644 ], [ -152.125339, 58.396396 ], [ -152.200953, 58.355332 ], [ -152.224965, 58.357372 ], [ -152.227835, 58.376424 ], [ -152.279508, 58.415872 ], [ -152.328063, 58.434372 ], [ -152.35609, 58.42347 ], [ -152.34486, 58.39163 ], [ -152.364682, 58.364613 ], [ -152.493991, 58.354684 ], [ -152.505516, 58.441876 ], [ -152.418267, 58.515244 ], [ -152.372317, 58.531175 ], [ -152.329835, 58.632102 ], [ -152.453817, 58.618515 ], [ -152.50282, 58.593451 ], [ -152.545009, 58.594253 ], [ -152.56771, 58.621304 ], [ -152.665999, 58.564493 ], [ -152.653673, 58.506572 ], [ -152.600534, 58.494946 ], [ -152.610955, 58.475775 ], [ -152.733845, 58.460662 ], [ -152.812207, 58.403464 ], [ -152.88886, 58.409384 ], [ -152.839234, 58.372477 ], [ -152.774048, 58.366826 ], [ -152.821964, 58.328501 ], [ -152.895407, 58.345305 ], [ -152.93644, 58.334923 ], [ -152.91245, 58.307191 ], [ -152.869811, 58.304906 ], [ -152.878858, 58.288533 ], [ -152.94127, 58.279614 ], [ -153.044316, 58.306336 ], [ -153.101841, 58.257938 ], [ -153.000579, 58.211768 ], [ -153.060846, 58.194502 ], [ -153.170101, 58.216704 ], [ -153.202801, 58.20808 ], [ -153.223709, 58.16212 ], [ -153.167605, 58.127818 ], [ -153.14874, 58.106121 ], [ -153.156402, 58.090087 ], [ -153.281874, 58.147555 ], [ -153.316127, 58.14039 ], [ -153.418343, 58.064053 ] ] ], [ [ [ -153.56002, 59.39131 ], [ -153.573345, 59.371323 ], [ -153.546695, 59.331348 ], [ -153.515286, 59.320878 ], [ -153.413445, 59.322782 ], [ -153.343013, 59.356094 ], [ -153.347772, 59.377985 ], [ -153.390602, 59.41225 ], [ -153.56002, 59.39131 ] ] ], [ [ [ -153.617409, 56.896684 ], [ -153.574865, 56.891881 ], [ -153.544204, 56.909273 ], [ -153.602436, 56.907586 ], [ -153.617409, 56.896684 ] ] ], [ [ [ -154.159354, 56.692156 ], [ -154.153147, 56.681697 ], [ -154.017042, 56.689311 ], [ -154.021801, 56.715009 ], [ -154.046547, 56.730238 ], [ -154.159354, 56.692156 ] ] ], [ [ [ -154.362361, 56.542512 ], [ -154.343096, 56.510171 ], [ -154.232464, 56.491052 ], [ -154.163987, 56.507844 ], [ -153.952958, 56.507174 ], [ -153.868461, 56.551493 ], [ -153.878764, 56.565925 ], [ -154.041572, 56.556209 ], [ -154.103243, 56.617695 ], [ -154.244234, 56.609194 ], [ -154.310913, 56.585447 ], [ -154.362361, 56.542512 ] ] ], [ [ [ -154.779663, 57.366335 ], [ -154.796539, 57.346207 ], [ -154.74309, 57.31477 ], [ -154.792054, 57.286696 ], [ -154.613723, 57.2678 ], [ -154.574343, 57.239919 ], [ -154.529844, 57.168882 ], [ -154.515213, 57.077985 ], [ -154.524695, 56.991623 ], [ -154.40749, 56.968334 ], [ -154.312888, 56.918673 ], [ -154.300002, 56.892252 ], [ -154.305713, 56.846871 ], [ -154.231771, 56.872294 ], [ -154.21211, 56.909749 ], [ -154.16336, 56.919783 ], [ -154.123489, 56.95617 ], [ -154.076623, 56.970589 ], [ -153.982792, 57.066277 ], [ -153.779087, 57.158821 ], [ -153.804787, 57.113158 ], [ -153.887461, 57.086958 ], [ -153.979743, 56.962189 ], [ -153.856991, 56.974877 ], [ -153.836313, 56.960236 ], [ -153.848672, 56.942349 ], [ -153.935992, 56.915772 ], [ -154.067425, 56.845303 ], [ -154.148745, 56.745677 ], [ -154.050518, 56.763523 ], [ -154.016213, 56.743466 ], [ -153.97178, 56.744861 ], [ -153.90215, 56.771208 ], [ -153.821339, 56.841604 ], [ -153.776468, 56.830315 ], [ -153.699409, 56.855382 ], [ -153.687525, 56.864997 ], [ -153.692754, 56.92562 ], [ -153.600664, 56.942629 ], [ -153.556762, 56.968862 ], [ -153.543429, 56.995245 ], [ -153.580831, 57.049048 ], [ -153.675736, 57.054778 ], [ -153.654497, 57.084602 ], [ -153.577006, 57.093177 ], [ -153.49885, 57.065363 ], [ -153.36818, 57.185337 ], [ -153.310143, 57.194426 ], [ -153.284012, 57.173867 ], [ -153.380389, 57.120468 ], [ -153.402608, 57.070092 ], [ -153.365239, 57.07208 ], [ -153.324265, 57.043308 ], [ -153.348707, 57.008373 ], [ -153.312583, 56.991486 ], [ -153.235282, 57.007398 ], [ -153.200217, 57.042039 ], [ -153.220953, 57.068239 ], [ -153.18001, 57.094523 ], [ -153.118673, 57.091033 ], [ -152.911371, 57.126813 ], [ -152.869797, 57.150849 ], [ -152.949333, 57.187346 ], [ -153.123865, 57.175445 ], [ -153.213802, 57.205059 ], [ -153.201722, 57.221679 ], [ -153.056971, 57.214756 ], [ -152.943463, 57.256956 ], [ -153.015994, 57.300231 ], [ -153.096133, 57.286866 ], [ -153.11628, 57.297312 ], [ -153.079288, 57.32196 ], [ -153.008525, 57.339733 ], [ -152.909051, 57.324222 ], [ -152.886384, 57.291337 ], [ -152.818187, 57.265368 ], [ -152.750116, 57.308869 ], [ -152.716128, 57.30566 ], [ -152.712008, 57.27812 ], [ -152.695698, 57.281318 ], [ -152.630441, 57.322668 ], [ -152.606522, 57.36366 ], [ -152.601148, 57.382165 ], [ -152.620377, 57.401601 ], [ -152.816666, 57.471925 ], [ -152.911738, 57.470775 ], [ -152.890173, 57.486705 ], [ -152.913877, 57.502968 ], [ -152.798914, 57.494255 ], [ -152.743084, 57.50571 ], [ -152.684413, 57.466597 ], [ -152.600375, 57.468833 ], [ -152.517004, 57.432184 ], [ -152.481776, 57.467835 ], [ -152.449927, 57.455819 ], [ -152.474883, 57.434204 ], [ -152.339406, 57.422688 ], [ -152.314925, 57.432413 ], [ -152.323683, 57.467861 ], [ -152.29147, 57.517103 ], [ -152.163996, 57.584607 ], [ -152.152393, 57.619485 ], [ -152.322733, 57.623402 ], [ -152.313974, 57.63642 ], [ -152.338455, 57.653338 ], [ -152.426062, 57.593357 ], [ -152.467756, 57.598221 ], [ -152.375295, 57.67495 ], [ -152.398569, 57.68721 ], [ -152.44303, 57.668049 ], [ -152.467679, 57.68139 ], [ -152.440182, 57.72664 ], [ -152.497056, 57.734387 ], [ -152.471, 57.763466 ], [ -152.381076, 57.776744 ], [ -152.298762, 57.745925 ], [ -152.212247, 57.791433 ], [ -152.309696, 57.790166 ], [ -152.324284, 57.824444 ], [ -152.351152, 57.834768 ], [ -152.429326, 57.820114 ], [ -152.40144, 57.857375 ], [ -152.468511, 57.888621 ], [ -152.414977, 57.902231 ], [ -152.364777, 57.883921 ], [ -152.324103, 57.916604 ], [ -152.437416, 57.936978 ], [ -152.411618, 57.969282 ], [ -152.421408, 57.975683 ], [ -152.470336, 57.962099 ], [ -152.549661, 57.900137 ], [ -152.585985, 57.908101 ], [ -152.587705, 57.926961 ], [ -152.635378, 57.91861 ], [ -152.653856, 57.883541 ], [ -152.71589, 57.855478 ], [ -152.732528, 57.816255 ], [ -152.790211, 57.858058 ], [ -152.822543, 57.843203 ], [ -152.849997, 57.821462 ], [ -152.850336, 57.740041 ], [ -152.874498, 57.737961 ], [ -152.916334, 57.771216 ], [ -152.902633, 57.830146 ], [ -152.751978, 57.933466 ], [ -152.722524, 57.987364 ], [ -152.852785, 57.974583 ], [ -152.856284, 57.947385 ], [ -152.876197, 57.932446 ], [ -153.063853, 57.959782 ], [ -153.129494, 57.946551 ], [ -153.23473, 57.996972 ], [ -153.297756, 57.996425 ], [ -153.270325, 57.958566 ], [ -153.089419, 57.865233 ], [ -153.127278, 57.856748 ], [ -153.268149, 57.888741 ], [ -153.469421, 57.977282 ], [ -153.513347, 57.968751 ], [ -153.536524, 57.93077 ], [ -153.512024, 57.909156 ], [ -153.446406, 57.875035 ], [ -153.328137, 57.849851 ], [ -153.324872, 57.831048 ], [ -153.35358, 57.809731 ], [ -153.479457, 57.84202 ], [ -153.480377, 57.814665 ], [ -153.462463, 57.795292 ], [ -153.469892, 57.766536 ], [ -153.515205, 57.716505 ], [ -153.554226, 57.72245 ], [ -153.550823, 57.78689 ], [ -153.571362, 57.832101 ], [ -153.648798, 57.880103 ], [ -153.755054, 57.883565 ], [ -153.93522, 57.813047 ], [ -153.930279, 57.696791 ], [ -153.862886, 57.706943 ], [ -153.648693, 57.654125 ], [ -153.667261, 57.639008 ], [ -153.874286, 57.64611 ], [ -153.877756, 57.629529 ], [ -153.813136, 57.588581 ], [ -153.869096, 57.551844 ], [ -153.888891, 57.504682 ], [ -153.922183, 57.499036 ], [ -153.929265, 57.533253 ], [ -153.982199, 57.553156 ], [ -153.982581, 57.648251 ], [ -153.994572, 57.656905 ], [ -154.22566, 57.661366 ], [ -154.344244, 57.630901 ], [ -154.468328, 57.570339 ], [ -154.52206, 57.577786 ], [ -154.540923, 57.539621 ], [ -154.629678, 57.510197 ], [ -154.69331, 57.446085 ], [ -154.707646, 57.380688 ], [ -154.729038, 57.36249 ], [ -154.779663, 57.366335 ] ] ], [ [ [ -154.806114, 56.434182 ], [ -154.775766, 56.404075 ], [ -154.742887, 56.401678 ], [ -154.633586, 56.471817 ], [ -154.391294, 56.557931 ], [ -154.402289, 56.580543 ], [ -154.449965, 56.600361 ], [ -154.524629, 56.603925 ], [ -154.70614, 56.521273 ], [ -154.806114, 56.434182 ] ] ], [ [ [ -155.74905, 55.825656 ], [ -155.718593, 55.772356 ], [ -155.591002, 55.761725 ], [ -155.566307, 55.789488 ], [ -155.584391, 55.848499 ], [ -155.563452, 55.885618 ], [ -155.568211, 55.90751 ], [ -155.637691, 55.894185 ], [ -155.656727, 55.860872 ], [ -155.74905, 55.825656 ] ] ], [ [ [ -156.750741, 56.037116 ], [ -156.681814, 55.994337 ], [ -156.673733, 56.026891 ], [ -156.634041, 56.048003 ], [ -156.648539, 56.078919 ], [ -156.683003, 56.09881 ], [ -156.733628, 56.077593 ], [ -156.750741, 56.037116 ] ] ], [ [ [ -156.804177, 56.196646 ], [ -156.796224, 56.155856 ], [ -156.759443, 56.156671 ], [ -156.771816, 56.227103 ], [ -156.804177, 56.196646 ] ] ], [ [ [ -157.32611, 56.540375 ], [ -157.326059, 56.525169 ], [ -157.168777, 56.53021 ], [ -157.113193, 56.552658 ], [ -156.972896, 56.536505 ], [ -157.077383, 56.579035 ], [ -157.146636, 56.583651 ], [ -157.250098, 56.582142 ], [ -157.32611, 56.540375 ] ] ], [ [ [ -157.901008, 56.348119 ], [ -157.826768, 56.310999 ], [ -157.796311, 56.320517 ], [ -157.807733, 56.357637 ], [ -157.832479, 56.37001 ], [ -157.901008, 56.348119 ] ] ], [ [ [ -158.897764, 55.826303 ], [ -158.889198, 55.810123 ], [ -158.840657, 55.808219 ], [ -158.865403, 55.827255 ], [ -158.845416, 55.853905 ], [ -158.805441, 55.857712 ], [ -158.731202, 55.826303 ], [ -158.701696, 55.832014 ], [ -158.750237, 55.875796 ], [ -158.800682, 55.891025 ], [ -158.86921, 55.880555 ], [ -158.897764, 55.826303 ] ] ], [ [ [ -159.145228, 55.876748 ], [ -159.183299, 55.844387 ], [ -159.134758, 55.828207 ], [ -159.086217, 55.834869 ], [ -159.096687, 55.854857 ], [ -159.145228, 55.876748 ] ] ], [ [ [ -159.312733, 54.918686 ], [ -159.327873, 54.884749 ], [ -159.309681, 54.865813 ], [ -159.272354, 54.864204 ], [ -159.212627, 54.896066 ], [ -159.202857, 54.9255 ], [ -159.278696, 54.948514 ], [ -159.324364, 54.928329 ], [ -159.312733, 54.918686 ] ] ], [ [ [ -159.355572, 55.807268 ], [ -159.394595, 55.714944 ], [ -159.275622, 55.773955 ], [ -159.321308, 55.815834 ], [ -159.355572, 55.807268 ] ] ], [ [ [ -159.459551, 54.948652 ], [ -159.426615, 54.942266 ], [ -159.33177, 54.974598 ], [ -159.345276, 55.059397 ], [ -159.455311, 55.061452 ], [ -159.455434, 55.035809 ], [ -159.417987, 55.022013 ], [ -159.416786, 55.000296 ], [ -159.451251, 54.975285 ], [ -159.459551, 54.948652 ] ] ], [ [ [ -159.602386, 54.814026 ], [ -159.587158, 54.775955 ], [ -159.597627, 54.755968 ], [ -159.51387, 54.759775 ], [ -159.510063, 54.78928 ], [ -159.568122, 54.825448 ], [ -159.602386, 54.814026 ] ] ], [ [ [ -159.662223, 55.190072 ], [ -159.644029, 55.042597 ], [ -159.577372, 55.042586 ], [ -159.572365, 55.060122 ], [ -159.509674, 55.041408 ], [ -159.48498, 55.05405 ], [ -159.53363, 55.083987 ], [ -159.530302, 55.106194 ], [ -159.494772, 55.13605 ], [ -159.499502, 55.173991 ], [ -159.533457, 55.184761 ], [ -159.50527, 55.222269 ], [ -159.519196, 55.253693 ], [ -159.581888, 55.214351 ], [ -159.598525, 55.172565 ], [ -159.662223, 55.190072 ] ] ], [ [ [ -159.818441, 54.820689 ], [ -159.774659, 54.794039 ], [ -159.703275, 54.816882 ], [ -159.694709, 54.834966 ], [ -159.742299, 54.84258 ], [ -159.818441, 54.820689 ] ] ], [ [ [ -159.816953, 55.088453 ], [ -159.858785, 55.040271 ], [ -159.830738, 55.010843 ], [ -159.811486, 55.016294 ], [ -159.796513, 55.060422 ], [ -159.752779, 55.066139 ], [ -159.715939, 55.09335 ], [ -159.70762, 55.12095 ], [ -159.715701, 55.129104 ], [ -159.816953, 55.088453 ] ] ], [ [ [ -160.112717, 55.333515 ], [ -160.104156, 55.31353 ], [ -160.046387, 55.307107 ], [ -160.027054, 55.323997 ], [ -160.062271, 55.343033 ], [ -160.112717, 55.333515 ] ] ], [ [ [ -160.250814, 54.929816 ], [ -160.254765, 54.895974 ], [ -160.226967, 54.864075 ], [ -160.200831, 54.875282 ], [ -160.183466, 54.91568 ], [ -160.115775, 54.985078 ], [ -159.951127, 55.066642 ], [ -159.947575, 55.105215 ], [ -159.855444, 55.100758 ], [ -159.83089, 55.126467 ], [ -159.816419, 55.178051 ], [ -159.860786, 55.177086 ], [ -159.860891, 55.149337 ], [ -159.884997, 55.145598 ], [ -159.905365, 55.164689 ], [ -159.895326, 55.217872 ], [ -159.855302, 55.230378 ], [ -159.848619, 55.267548 ], [ -159.889174, 55.287138 ], [ -159.95435, 55.189291 ], [ -159.983499, 55.180379 ], [ -160.025257, 55.203914 ], [ -160.061469, 55.200378 ], [ -160.004129, 55.134482 ], [ -160.01222, 55.122946 ], [ -160.055642, 55.11158 ], [ -160.059599, 55.133663 ], [ -160.109864, 55.160777 ], [ -160.187261, 55.118376 ], [ -160.174366, 55.052577 ], [ -160.094288, 55.052996 ], [ -160.077872, 55.0376 ], [ -160.250814, 54.929816 ] ] ], [ [ [ -160.317363, 58.694314 ], [ -160.275294, 58.636345 ], [ -160.255329, 58.646487 ], [ -160.253903, 58.674673 ], [ -160.281236, 58.718882 ], [ -160.30025, 58.729494 ], [ -160.317363, 58.694314 ] ] ], [ [ [ -160.347609, 55.426187 ], [ -160.321132, 55.393677 ], [ -160.147993, 55.377576 ], [ -160.137032, 55.450709 ], [ -160.260565, 55.463674 ], [ -160.347609, 55.426187 ] ] ], [ [ [ -160.437154, 58.684186 ], [ -160.381775, 58.7116 ], [ -160.406731, 58.749968 ], [ -160.423131, 58.730358 ], [ -160.437154, 58.684186 ] ] ], [ [ [ -160.856621, 55.318488 ], [ -160.841221, 55.293957 ], [ -160.841917, 55.20444 ], [ -160.807558, 55.168161 ], [ -160.821381, 55.117851 ], [ -160.794198, 55.134399 ], [ -160.756587, 55.195143 ], [ -160.690293, 55.210474 ], [ -160.655577, 55.160261 ], [ -160.525226, 55.129871 ], [ -160.486174, 55.193617 ], [ -160.527617, 55.256374 ], [ -160.565929, 55.273137 ], [ -160.580668, 55.307196 ], [ -160.534943, 55.343537 ], [ -160.506927, 55.32773 ], [ -160.526945, 55.319044 ], [ -160.518148, 55.309102 ], [ -160.475493, 55.28923 ], [ -160.441896, 55.298264 ], [ -160.390421, 55.286576 ], [ -160.372603, 55.25991 ], [ -160.341217, 55.251799 ], [ -160.30655, 55.303275 ], [ -160.344369, 55.362962 ], [ -160.425658, 55.338883 ], [ -160.518955, 55.361552 ], [ -160.517513, 55.379378 ], [ -160.567384, 55.390078 ], [ -160.614256, 55.348019 ], [ -160.651011, 55.34365 ], [ -160.649234, 55.38878 ], [ -160.710298, 55.403075 ], [ -160.797147, 55.381521 ], [ -160.856621, 55.318488 ] ] ], [ [ [ -161.084196, 58.589891 ], [ -161.07563, 58.549916 ], [ -160.961416, 58.553723 ], [ -160.880515, 58.581325 ], [ -160.684447, 58.815464 ], [ -160.843395, 58.751694 ], [ -160.918586, 58.746935 ], [ -161.056595, 58.702202 ], [ -161.084196, 58.589891 ] ] ], [ [ [ -161.426005, 55.216563 ], [ -161.43933, 55.198479 ], [ -161.409825, 55.180395 ], [ -161.329875, 55.163263 ], [ -161.329875, 55.219418 ], [ -161.426005, 55.216563 ] ] ], [ [ [ -161.693457, 55.217515 ], [ -161.691553, 55.198479 ], [ -161.560207, 55.207045 ], [ -161.527846, 55.250827 ], [ -161.656337, 55.244165 ], [ -161.693457, 55.217515 ] ] ], [ [ [ -161.90361, 55.116947 ], [ -161.924375, 55.109929 ], [ -161.87886, 55.085537 ], [ -161.839252, 55.118114 ], [ -161.819869, 55.113965 ], [ -161.791606, 55.077307 ], [ -161.737922, 55.054054 ], [ -161.654918, 55.103244 ], [ -161.598303, 55.081341 ], [ -161.606359, 55.070264 ], [ -161.591069, 55.060818 ], [ -161.550357, 55.065734 ], [ -161.549901, 55.082564 ], [ -161.608634, 55.116906 ], [ -161.82784, 55.178473 ], [ -161.888936, 55.160724 ], [ -161.90361, 55.116947 ] ] ], [ [ [ -162.435473, 54.929249 ], [ -162.41737, 54.877491 ], [ -162.321094, 54.827928 ], [ -162.275316, 54.845565 ], [ -162.232962, 54.890984 ], [ -162.235675, 54.962601 ], [ -162.266743, 54.982133 ], [ -162.326811, 54.98533 ], [ -162.435473, 54.929249 ] ] ], [ [ [ -162.614621, 63.621832 ], [ -162.707559, 63.577607 ], [ -162.680973, 63.556859 ], [ -162.562007, 63.537105 ], [ -162.345179, 63.551785 ], [ -162.341892, 63.594062 ], [ -162.401203, 63.634367 ], [ -162.451929, 63.62127 ], [ -162.541389, 63.635727 ], [ -162.614621, 63.621832 ] ] ], [ [ [ -162.834879, 54.450482 ], [ -162.861736, 54.424771 ], [ -162.760247, 54.372193 ], [ -162.764525, 54.38825 ], [ -162.719842, 54.400981 ], [ -162.608608, 54.369147 ], [ -162.546811, 54.377038 ], [ -162.46695, 54.342692 ], [ -162.431061, 54.371085 ], [ -162.388754, 54.367623 ], [ -162.361421, 54.390188 ], [ -162.425119, 54.414399 ], [ -162.518527, 54.414399 ], [ -162.585315, 54.447995 ], [ -162.799702, 54.49178 ], [ -162.829174, 54.494679 ], [ -162.834879, 54.450482 ] ] ], [ [ [ -163.170072, 55.428782 ], [ -163.160597, 55.402827 ], [ -163.117342, 55.402515 ], [ -163.120363, 55.428549 ], [ -163.170072, 55.428782 ] ] ], [ [ [ -164.824183, 54.225527 ], [ -164.883134, 54.196187 ], [ -164.817653, 54.182141 ], [ -164.764413, 54.209812 ], [ -164.7637, 54.223153 ], [ -164.824183, 54.225527 ] ] ], [ [ [ -165.220871, 54.101574 ], [ -165.203413, 54.087752 ], [ -165.044322, 54.066629 ], [ -164.953165, 54.078056 ], [ -164.919689, 54.11608 ], [ -164.937766, 54.136682 ], [ -165.00791, 54.134934 ], [ -165.023065, 54.121919 ], [ -165.140978, 54.131079 ], [ -165.220871, 54.101574 ] ] ], [ [ [ -165.483373, 54.075036 ], [ -165.336836, 54.070126 ], [ -165.287665, 54.038349 ], [ -165.282674, 54.057048 ], [ -165.234364, 54.065423 ], [ -165.271048, 54.095665 ], [ -165.483373, 54.075036 ] ] ], [ [ [ -165.57502, 54.041559 ], [ -165.555768, 54.023551 ], [ -165.480661, 54.04421 ], [ -165.5156, 54.066673 ], [ -165.57502, 54.041559 ] ] ], [ [ [ -165.684114, 54.249907 ], [ -165.669383, 54.229036 ], [ -165.612082, 54.246537 ], [ -165.579801, 54.229575 ], [ -165.637081, 54.199436 ], [ -165.629725, 54.132558 ], [ -165.575645, 54.108618 ], [ -165.549217, 54.112196 ], [ -165.47619, 54.182701 ], [ -165.399985, 54.177741 ], [ -165.383719, 54.196731 ], [ -165.405377, 54.212837 ], [ -165.512782, 54.212929 ], [ -165.553251, 54.239601 ], [ -165.557581, 54.254138 ], [ -165.479981, 54.281838 ], [ -165.478452, 54.295333 ], [ -165.586509, 54.284361 ], [ -165.636383, 54.297567 ], [ -165.684114, 54.249907 ] ] ], [ [ [ -166.082028, 54.175184 ], [ -166.112242, 54.122528 ], [ -166.046438, 54.044186 ], [ -165.930242, 54.066554 ], [ -165.897261, 54.060634 ], [ -165.875129, 54.03642 ], [ -165.810747, 54.074764 ], [ -165.767173, 54.065935 ], [ -165.671477, 54.096235 ], [ -165.655573, 54.1191 ], [ -165.667323, 54.132123 ], [ -165.714198, 54.120815 ], [ -165.742613, 54.158352 ], [ -165.793781, 54.183433 ], [ -165.832421, 54.161333 ], [ -165.863518, 54.166162 ], [ -165.880456, 54.183648 ], [ -165.868192, 54.214884 ], [ -165.94463, 54.220855 ], [ -165.9832, 54.221175 ], [ -166.082028, 54.175184 ] ] ], [ [ [ -166.197111, 53.984799 ], [ -166.190449, 53.960053 ], [ -166.152377, 53.955294 ], [ -166.075283, 53.969571 ], [ -166.172365, 53.998124 ], [ -166.197111, 53.984799 ] ] ], [ [ [ -167.203278, 60.23337 ], [ -167.455694, 60.207577 ], [ -167.343509, 60.126287 ], [ -167.333289, 60.066626 ], [ -167.244159, 60.057908 ], [ -167.101076, 59.988078 ], [ -166.987821, 59.979042 ], [ -166.861138, 59.94317 ], [ -166.762976, 59.893312 ], [ -166.665528, 59.878168 ], [ -166.613951, 59.848335 ], [ -166.443773, 59.853229 ], [ -166.36213, 59.838604 ], [ -166.272168, 59.811455 ], [ -166.190406, 59.750206 ], [ -166.097354, 59.75703 ], [ -166.084282, 59.776059 ], [ -166.125163, 59.812291 ], [ -166.02605, 59.861494 ], [ -165.930265, 59.877243 ], [ -165.861101, 59.861017 ], [ -165.838996, 59.890481 ], [ -165.727049, 59.899064 ], [ -165.706609, 59.883564 ], [ -165.582302, 59.908242 ], [ -165.566378, 59.928018 ], [ -165.591097, 59.949806 ], [ -165.551879, 59.978715 ], [ -165.626511, 59.969795 ], [ -165.652656, 59.987157 ], [ -165.633879, 60.019597 ], [ -165.673571, 60.029928 ], [ -165.680702, 60.053904 ], [ -165.709223, 60.066003 ], [ -165.662638, 60.098484 ], [ -165.678087, 60.154717 ], [ -165.723484, 60.163824 ], [ -165.683554, 60.198335 ], [ -165.696389, 60.225847 ], [ -165.722533, 60.236468 ], [ -165.678563, 60.270696 ], [ -165.67987, 60.292435 ], [ -165.883086, 60.343368 ], [ -165.984932, 60.314277 ], [ -166.080954, 60.322751 ], [ -166.069189, 60.341163 ], [ -166.095215, 60.351158 ], [ -166.149763, 60.4367 ], [ -166.203716, 60.390229 ], [ -166.371874, 60.355156 ], [ -166.490358, 60.389466 ], [ -166.579844, 60.349747 ], [ -166.582578, 60.317809 ], [ -166.713539, 60.327341 ], [ -166.835825, 60.268751 ], [ -166.805878, 60.236084 ], [ -166.842599, 60.21047 ], [ -166.9183, 60.202321 ], [ -166.951219, 60.222335 ], [ -167.033694, 60.213717 ], [ -167.203278, 60.23337 ] ] ], [ [ [ -167.852333, 53.315599 ], [ -167.798984, 53.284757 ], [ -167.622173, 53.250362 ], [ -167.609903, 53.2853 ], [ -167.488215, 53.269121 ], [ -167.442804, 53.321015 ], [ -167.386984, 53.340671 ], [ -167.308126, 53.33433 ], [ -167.291831, 53.364102 ], [ -167.134134, 53.426448 ], [ -167.112008, 53.416775 ], [ -167.050025, 53.433067 ], [ -167.04821, 53.448844 ], [ -166.994329, 53.429201 ], [ -166.964377, 53.43252 ], [ -166.959082, 53.455753 ], [ -166.878087, 53.429884 ], [ -166.863119, 53.443878 ], [ -166.808221, 53.434715 ], [ -166.789062, 53.4531 ], [ -166.749158, 53.440944 ], [ -166.74381, 53.483395 ], [ -166.772655, 53.496371 ], [ -166.743054, 53.51482 ], [ -166.656234, 53.487119 ], [ -166.639587, 53.545086 ], [ -166.581011, 53.530449 ], [ -166.565907, 53.583094 ], [ -166.508982, 53.5838 ], [ -166.553983, 53.623448 ], [ -166.283267, 53.684219 ], [ -166.262974, 53.70371 ], [ -166.166703, 53.733402 ], [ -166.111317, 53.776856 ], [ -166.094147, 53.8392 ], [ -166.119922, 53.855048 ], [ -166.198751, 53.8361 ], [ -166.212603, 53.817127 ], [ -166.540531, 53.715926 ], [ -166.547438, 53.749404 ], [ -166.404896, 53.809345 ], [ -166.351999, 53.858532 ], [ -166.236513, 53.881343 ], [ -166.210964, 53.933557 ], [ -166.279407, 53.982532 ], [ -166.319895, 53.960126 ], [ -166.359925, 53.977136 ], [ -166.354614, 53.999039 ], [ -166.373689, 54.01003 ], [ -166.437083, 53.955644 ], [ -166.443699, 53.909727 ], [ -166.487847, 53.895448 ], [ -166.508388, 53.923949 ], [ -166.535959, 53.918 ], [ -166.560546, 53.878775 ], [ -166.57509, 53.879236 ], [ -166.619003, 53.893514 ], [ -166.646786, 53.923785 ], [ -166.621979, 53.953744 ], [ -166.587393, 53.959831 ], [ -166.644627, 54.014495 ], [ -166.728918, 54.003111 ], [ -166.746095, 54.016936 ], [ -166.930452, 53.976091 ], [ -167.058168, 53.929778 ], [ -167.140992, 53.866774 ], [ -167.141966, 53.826932 ], [ -167.016863, 53.754936 ], [ -166.960681, 53.776841 ], [ -166.787318, 53.734577 ], [ -166.779991, 53.719126 ], [ -166.832464, 53.707994 ], [ -166.805874, 53.665733 ], [ -166.861769, 53.659234 ], [ -166.894976, 53.717746 ], [ -167.022385, 53.715467 ], [ -167.057695, 53.698864 ], [ -167.071823, 53.66556 ], [ -167.009635, 53.635344 ], [ -167.070082, 53.619857 ], [ -167.107836, 53.633056 ], [ -167.163196, 53.613813 ], [ -167.135695, 53.551227 ], [ -167.105816, 53.540507 ], [ -167.102305, 53.515077 ], [ -167.188033, 53.524073 ], [ -167.182685, 53.490643 ], [ -167.199966, 53.463039 ], [ -167.278827, 53.478565 ], [ -167.30129, 53.466006 ], [ -167.306517, 53.441475 ], [ -167.343, 53.455489 ], [ -167.332792, 53.433107 ], [ -167.355624, 53.424498 ], [ -167.457366, 53.442793 ], [ -167.488252, 53.420001 ], [ -167.622089, 53.385329 ], [ -167.694484, 53.388034 ], [ -167.852333, 53.315599 ] ] ], [ [ [ -168.097709, 64.969025 ], [ -168.050227, 64.961234 ], [ -168.049168, 64.98235 ], [ -168.074866, 64.980447 ], [ -168.097709, 64.969025 ] ] ], [ [ [ -168.12893, 65.655744 ], [ -168.127044, 65.626584 ], [ -168.0752, 65.576355 ], [ -167.851234, 65.538181 ], [ -167.474024, 65.412744 ], [ -167.026782, 65.381967 ], [ -166.679717, 65.326856 ], [ -166.51864, 65.335824 ], [ -166.360618, 65.288631 ], [ -166.347189, 65.276341 ], [ -166.475297, 65.224335 ], [ -166.464192, 65.177086 ], [ -166.509566, 65.152719 ], [ -166.634449, 65.125873 ], [ -166.638411, 65.113586 ], [ -166.755554, 65.110585 ], [ -166.886677, 65.138763 ], [ -166.911922, 65.125965 ], [ -166.860402, 65.090866 ], [ -166.696453, 65.035857 ], [ -166.688762, 65.018029 ], [ -166.705283, 64.999846 ], [ -166.690814, 64.985372 ], [ -166.530518, 64.937114 ], [ -166.415624, 64.871928 ], [ -166.417028, 64.81874 ], [ -166.478978, 64.797036 ], [ -166.474714, 64.719267 ], [ -166.392403, 64.638161 ], [ -166.189546, 64.575798 ], [ -165.413443, 64.497939 ], [ -165.001961, 64.433917 ], [ -164.807747, 64.449432 ], [ -164.307273, 64.561488 ], [ -163.974352, 64.55137 ], [ -163.875774, 64.572935 ], [ -163.651943, 64.567299 ], [ -163.350926, 64.505859 ], [ -163.253027, 64.469501 ], [ -163.229206, 64.430019 ], [ -163.150789, 64.397249 ], [ -163.107459, 64.409192 ], [ -163.091486, 64.437736 ], [ -163.027158, 64.477945 ], [ -163.033231, 64.519314 ], [ -163.119723, 64.510233 ], [ -163.178734, 64.543546 ], [ -163.254876, 64.549257 ], [ -163.309128, 64.571148 ], [ -163.311983, 64.58828 ], [ -163.173975, 64.639676 ], [ -163.142566, 64.609219 ], [ -163.028352, 64.569244 ], [ -163.049291, 64.549257 ], [ -163.042618, 64.540046 ], [ -162.940776, 64.542417 ], [ -162.857562, 64.49978 ], [ -162.858556, 64.474864 ], [ -162.802266, 64.395327 ], [ -162.810004, 64.352647 ], [ -162.790167, 64.325182 ], [ -162.632242, 64.385734 ], [ -162.60302, 64.448666 ], [ -162.61422, 64.470702 ], [ -162.539996, 64.530931 ], [ -162.234477, 64.619336 ], [ -162.21662, 64.656213 ], [ -162.168516, 64.68029 ], [ -161.902429, 64.703851 ], [ -161.667261, 64.788981 ], [ -161.518211, 64.75325 ], [ -161.413493, 64.762723 ], [ -161.367483, 64.778907 ], [ -161.357867, 64.805922 ], [ -161.293049, 64.853243 ], [ -161.213756, 64.883324 ], [ -161.176009, 64.927161 ], [ -161.079718, 64.869549 ], [ -160.935974, 64.82237 ], [ -160.783398, 64.71716 ], [ -160.802048, 64.610352 ], [ -160.940493, 64.55 ], [ -161.049148, 64.540952 ], [ -161.05306, 64.528504 ], [ -161.01714, 64.517124 ], [ -161.015095, 64.502124 ], [ -161.198029, 64.496626 ], [ -161.388621, 64.532783 ], [ -161.469046, 64.506575 ], [ -161.504903, 64.423074 ], [ -161.492926, 64.407851 ], [ -161.410382, 64.422107 ], [ -161.263519, 64.398166 ], [ -160.976038, 64.235761 ], [ -160.946857, 64.204158 ], [ -160.951641, 64.090067 ], [ -160.93374, 64.049729 ], [ -160.766291, 63.835189 ], [ -160.76556, 63.773552 ], [ -160.783304, 63.752893 ], [ -160.924877, 63.644814 ], [ -161.102721, 63.5478 ], [ -161.136758, 63.504525 ], [ -161.310181, 63.471312 ], [ -161.553077, 63.449217 ], [ -161.676526, 63.465003 ], [ -162.025552, 63.447539 ], [ -162.050543, 63.470589 ], [ -162.041687, 63.48965 ], [ -162.073156, 63.513768 ], [ -162.296731, 63.540108 ], [ -162.271089, 63.487711 ], [ -162.384625, 63.435797 ], [ -162.437059, 63.377836 ], [ -162.662614, 63.229906 ], [ -162.821122, 63.205596 ], [ -162.839167, 63.193004 ], [ -162.844559, 63.154191 ], [ -163.0405, 63.062151 ], [ -163.130853, 63.049387 ], [ -163.316203, 63.037763 ], [ -163.507217, 63.113685 ], [ -163.529938, 63.1354 ], [ -163.616272, 63.141213 ], [ -163.73265, 63.213257 ], [ -163.885059, 63.222308 ], [ -164.036565, 63.261204 ], [ -164.209475, 63.251472 ], [ -164.423449, 63.211977 ], [ -164.633943, 63.09782 ], [ -164.641186, 63.07268 ], [ -164.580201, 63.070127 ], [ -164.583735, 63.058457 ], [ -164.716841, 63.006264 ], [ -164.783858, 62.946154 ], [ -164.877773, 62.797774 ], [ -164.837703, 62.685267 ], [ -164.869519, 62.665973 ], [ -164.936739, 62.668947 ], [ -165.013179, 62.640096 ], [ -165.075997, 62.582037 ], [ -165.096155, 62.522452 ], [ -165.26927, 62.427352 ], [ -165.337722, 62.359031 ], [ -165.672037, 62.13989 ], [ -165.747898, 62.073592 ], [ -165.759804, 62.001906 ], [ -165.743528, 61.962533 ], [ -165.682536, 61.894071 ], [ -165.629296, 61.861358 ], [ -165.639516, 61.847006 ], [ -165.730439, 61.842075 ], [ -165.758413, 61.825444 ], [ -165.955265, 61.832408 ], [ -166.094312, 61.813859 ], [ -165.993851, 61.723105 ], [ -165.81, 61.68936 ], [ -165.809933, 61.673029 ], [ -166.139409, 61.632315 ], [ -166.13302, 61.721918 ], [ -166.143757, 61.724352 ], [ -166.182688, 61.588481 ], [ -166.149577, 61.513288 ], [ -166.075398, 61.49298 ], [ -166.08868, 61.522885 ], [ -166.075524, 61.532672 ], [ -165.912496, 61.5562 ], [ -165.807627, 61.529171 ], [ -165.754317, 61.498704 ], [ -165.748503, 61.476446 ], [ -165.767226, 61.45695 ], [ -165.918612, 61.419087 ], [ -165.915445, 61.387686 ], [ -165.879599, 61.335044 ], [ -165.831365, 61.306719 ], [ -165.662892, 61.29457 ], [ -165.623317, 61.278431 ], [ -165.627038, 61.167152 ], [ -165.590682, 61.111169 ], [ -165.55514, 61.092674 ], [ -165.385437, 61.079574 ], [ -165.368324, 61.083998 ], [ -165.325552, 61.169306 ], [ -165.2897, 61.181714 ], [ -165.243779, 61.151617 ], [ -165.16886, 61.144913 ], [ -165.175321, 61.120926 ], [ -165.119781, 61.07864 ], [ -165.011271, 61.051984 ], [ -164.993503, 61.072389 ], [ -164.952384, 61.069285 ], [ -164.961527, 61.024166 ], [ -165.115681, 61.016097 ], [ -165.194964, 60.979915 ], [ -165.172467, 60.940328 ], [ -165.03204, 60.903986 ], [ -164.964862, 60.945384 ], [ -164.903903, 60.942213 ], [ -165.003679, 60.87558 ], [ -165.030183, 60.83805 ], [ -165.02143, 60.815086 ], [ -164.939313, 60.823463 ], [ -164.92418, 60.809331 ], [ -165.042584, 60.78443 ], [ -165.032074, 60.760022 ], [ -164.966591, 60.717438 ], [ -165.147184, 60.65116 ], [ -165.268717, 60.579488 ], [ -165.381052, 60.577987 ], [ -165.420349, 60.550692 ], [ -165.377559, 60.513164 ], [ -165.190449, 60.498001 ], [ -165.05744, 60.544631 ], [ -164.97128, 60.539558 ], [ -164.956788, 60.527837 ], [ -164.961439, 60.508391 ], [ -164.99787, 60.480459 ], [ -165.132893, 60.438867 ], [ -164.962678, 60.33966 ], [ -164.850355, 60.303615 ], [ -164.698889, 60.296298 ], [ -164.619501, 60.234938 ], [ -164.505677, 60.194304 ], [ -164.498556, 60.170546 ], [ -164.385471, 60.07719 ], [ -164.1916, 60.024496 ], [ -164.13181, 59.991177 ], [ -164.11508, 59.973166 ], [ -164.12543, 59.964626 ], [ -164.178705, 59.96181 ], [ -164.209843, 59.942874 ], [ -164.201811, 59.916119 ], [ -164.133393, 59.845612 ], [ -163.930798, 59.803853 ], [ -163.662607, 59.79571 ], [ -163.349027, 59.81989 ], [ -163.086004, 59.861008 ], [ -162.904179, 59.919134 ], [ -162.808513, 59.933933 ], [ -162.746716, 59.961845 ], [ -162.742676, 59.984681 ], [ -162.622569, 59.971809 ], [ -162.547303, 59.980876 ], [ -162.503647, 59.99923 ], [ -162.476759, 60.04769 ], [ -162.495608, 60.078949 ], [ -162.490973, 60.14267 ], [ -162.45128, 60.174367 ], [ -162.37224, 60.167009 ], [ -162.268255, 60.069186 ], [ -162.228371, 60.056313 ], [ -162.171759, 59.984163 ], [ -162.10856, 59.953861 ], [ -162.092361, 59.881104 ], [ -161.911163, 59.741741 ], [ -161.873944, 59.649487 ], [ -161.75798, 59.557152 ], [ -161.70253, 59.490906 ], [ -161.738312, 59.46701 ], [ -161.790375, 59.468197 ], [ -161.877034, 59.400145 ], [ -161.95119, 59.380721 ], [ -161.955944, 59.352321 ], [ -161.992903, 59.338385 ], [ -162.056363, 59.271047 ], [ -161.981964, 59.150997 ], [ -161.878698, 59.068112 ], [ -161.821774, 59.050575 ], [ -161.841382, 59.033153 ], [ -161.783981, 58.969421 ], [ -161.786953, 58.899714 ], [ -161.756622, 58.826477 ], [ -161.769501, 58.774937 ], [ -161.859055, 58.708637 ], [ -161.877213, 58.666138 ], [ -161.939163, 58.655613 ], [ -161.994644, 58.688828 ], [ -162.171722, 58.648441 ], [ -162.066269, 58.6208 ], [ -161.871216, 58.637478 ], [ -161.766296, 58.599224 ], [ -161.751999, 58.551842 ], [ -161.682907, 58.564671 ], [ -161.62645, 58.602581 ], [ -161.550537, 58.61116 ], [ -161.521347, 58.633141 ], [ -161.372314, 58.666172 ], [ -161.372711, 58.707958 ], [ -161.337982, 58.742912 ], [ -161.001101, 58.849693 ], [ -160.872003, 58.878472 ], [ -160.823489, 58.829136 ], [ -160.753067, 58.910431 ], [ -160.641785, 58.964489 ], [ -160.31778, 59.070477 ], [ -160.256592, 58.99448 ], [ -160.322922, 58.953953 ], [ -160.286346, 58.945007 ], [ -160.232788, 58.901127 ], [ -160.15448, 58.916874 ], [ -160.150528, 58.866062 ], [ -160.093109, 58.860798 ], [ -160.054047, 58.887001 ], [ -159.985352, 58.870464 ], [ -159.995667, 58.848301 ], [ -159.908386, 58.779903 ], [ -159.806305, 58.805595 ], [ -159.792923, 58.823971 ], [ -159.808777, 58.861542 ], [ -159.753754, 58.855724 ], [ -159.732932, 58.930739 ], [ -159.61612, 58.931601 ], [ -159.589811, 58.890359 ], [ -159.643549, 58.845063 ], [ -159.501768, 58.824304 ], [ -159.390664, 58.762362 ], [ -159.063346, 58.423139 ], [ -158.880927, 58.39067 ], [ -158.795316, 58.408032 ], [ -158.704052, 58.482759 ], [ -158.827852, 58.626432 ], [ -158.861207, 58.69558 ], [ -158.848225, 58.722736 ], [ -158.800959, 58.732842 ], [ -158.771246, 58.765109 ], [ -158.790786, 58.808424 ], [ -158.767748, 58.864264 ], [ -158.619684, 58.911048 ], [ -158.529845, 58.997969 ], [ -158.487015, 58.999872 ], [ -158.520327, 58.857105 ], [ -158.559499, 58.841819 ], [ -158.564833, 58.802715 ], [ -158.400475, 58.761182 ], [ -158.351481, 58.727693 ], [ -158.327038, 58.659835 ], [ -158.190283, 58.61371 ], [ -158.036593, 58.634248 ], [ -157.696472, 58.729975 ], [ -157.550603, 58.754514 ], [ -157.484062, 58.785962 ], [ -157.116866, 58.867533 ], [ -157.040625, 58.913391 ], [ -157.039206, 58.945921 ], [ -156.999681, 58.973355 ], [ -156.929255, 58.973788 ], [ -156.963243, 58.962638 ], [ -156.975946, 58.940896 ], [ -156.966649, 58.904074 ], [ -157.012392, 58.875889 ], [ -156.993548, 58.836798 ], [ -157.062594, 58.75713 ], [ -157.051779, 58.711919 ], [ -157.251462, 58.620786 ], [ -157.358487, 58.533876 ], [ -157.46088, 58.499693 ], [ -157.536176, 58.391597 ], [ -157.556865, 58.330715 ], [ -157.541564, 58.271883 ], [ -157.423325, 58.21136 ], [ -157.374511, 58.232117 ], [ -157.352316, 58.219097 ], [ -157.39735, 58.173383 ], [ -157.556556, 58.148445 ], [ -157.596601, 58.08867 ], [ -157.642226, 57.868777 ], [ -157.671061, 57.772866 ], [ -157.703782, 57.721768 ], [ -157.710645, 57.639946 ], [ -157.691291, 57.611131 ], [ -157.599644, 57.60795 ], [ -157.573472, 57.522732 ], [ -157.58691, 57.487156 ], [ -157.649389, 57.500331 ], [ -157.680416, 57.537727 ], [ -157.678891, 57.563888 ], [ -157.772496, 57.547055 ], [ -157.931624, 57.476208 ], [ -158.010538, 57.401456 ], [ -158.060041, 57.387456 ], [ -158.083785, 57.357181 ], [ -158.229883, 57.321534 ], [ -158.393125, 57.236921 ], [ -158.540248, 57.125106 ], [ -158.679293, 56.988625 ], [ -158.699788, 56.927362 ], [ -158.686184, 56.911555 ], [ -158.693552, 56.888127 ], [ -158.646812, 56.846992 ], [ -158.674181, 56.797064 ], [ -158.78359, 56.78075 ], [ -158.853294, 56.79262 ], [ -158.957471, 56.851184 ], [ -159.038354, 56.806006 ], [ -159.279894, 56.715667 ], [ -159.828049, 56.543935 ], [ -159.976758, 56.453951 ], [ -160.146252, 56.400176 ], [ -160.340249, 56.291271 ], [ -160.383094, 56.251352 ], [ -160.482208, 56.085234 ], [ -160.589569, 55.983048 ], [ -160.534541, 55.989498 ], [ -160.535759, 55.939617 ], [ -160.241798, 55.850352 ], [ -160.222546, 55.832069 ], [ -160.317826, 55.818983 ], [ -160.26893, 55.784278 ], [ -160.277382, 55.765861 ], [ -160.385878, 55.796445 ], [ -160.468544, 55.790667 ], [ -160.477892, 55.841099 ], [ -160.508433, 55.869379 ], [ -160.639088, 55.8583 ], [ -160.793215, 55.88596 ], [ -160.769155, 55.858268 ], [ -160.757705, 55.785841 ], [ -160.65556, 55.730041 ], [ -160.765228, 55.757174 ], [ -160.806014, 55.738241 ], [ -160.930591, 55.814358 ], [ -160.95156, 55.852772 ], [ -160.930356, 55.89569 ], [ -160.80101, 55.902256 ], [ -160.818171, 55.953352 ], [ -160.865469, 55.955081 ], [ -160.861638, 55.996491 ], [ -160.806762, 56.018353 ], [ -160.827357, 56.026555 ], [ -161.196085, 56.006175 ], [ -161.801246, 55.893167 ], [ -161.898956, 55.833464 ], [ -162.063375, 55.786123 ], [ -162.146626, 55.733348 ], [ -162.26451, 55.688616 ], [ -162.384005, 55.589843 ], [ -162.591262, 55.452736 ], [ -162.510213, 55.454488 ], [ -162.520671, 55.427658 ], [ -162.501181, 55.389741 ], [ -162.519444, 55.369603 ], [ -162.574862, 55.347869 ], [ -162.629053, 55.365299 ], [ -162.64165, 55.392576 ], [ -162.676388, 55.35407 ], [ -162.702496, 55.35395 ], [ -162.690612, 55.340436 ], [ -162.731816, 55.307829 ], [ -162.798043, 55.310958 ], [ -162.846767, 55.267513 ], [ -162.852709, 55.280511 ], [ -162.881779, 55.273776 ], [ -162.901644, 55.247652 ], [ -162.851839, 55.247317 ], [ -162.84014, 55.224043 ], [ -162.882292, 55.183251 ], [ -162.957182, 55.171271 ], [ -163.105011, 55.183979 ], [ -163.314652, 55.126312 ], [ -163.305965, 55.069584 ], [ -163.280771, 55.032959 ], [ -163.28677, 54.967029 ], [ -163.234898, 54.945003 ], [ -163.23371, 54.93053 ], [ -163.338395, 54.956191 ], [ -163.34773, 54.925093 ], [ -163.319161, 54.899026 ], [ -163.334234, 54.872948 ], [ -163.414691, 54.85609 ], [ -163.398294, 54.902371 ], [ -163.418042, 54.938499 ], [ -163.442854, 54.969875 ], [ -163.530087, 55.01666 ], [ -163.532962, 55.048881 ], [ -163.774093, 55.05578 ], [ -163.894695, 55.039115 ], [ -164.030708, 54.969818 ], [ -164.119196, 54.969416 ], [ -164.20707, 54.927578 ], [ -164.343534, 54.894139 ], [ -164.427303, 54.932849 ], [ -164.48678, 54.922441 ], [ -164.56405, 54.875539 ], [ -164.576896, 54.824564 ], [ -164.709465, 54.661518 ], [ -164.91876, 54.605306 ], [ -164.948789, 54.579877 ], [ -164.944636, 54.532903 ], [ -164.910059, 54.507542 ], [ -164.876075, 54.443495 ], [ -164.789357, 54.402012 ], [ -164.640457, 54.391166 ], [ -164.41682, 54.431713 ], [ -164.352704, 54.465023 ], [ -164.33653, 54.480977 ], [ -164.337538, 54.524259 ], [ -164.257585, 54.572722 ], [ -164.084894, 54.620131 ], [ -163.80359, 54.636498 ], [ -163.585967, 54.611644 ], [ -163.488861, 54.65511 ], [ -163.424375, 54.656207 ], [ -163.409995, 54.693657 ], [ -163.428377, 54.714819 ], [ -163.364626, 54.749464 ], [ -163.340438, 54.748865 ], [ -163.280633, 54.695367 ], [ -163.223179, 54.676895 ], [ -163.194952, 54.699025 ], [ -163.126443, 54.69503 ], [ -163.152707, 54.665899 ], [ -163.059085, 54.661072 ], [ -163.057228, 54.688101 ], [ -163.079977, 54.68562 ], [ -163.144089, 54.761499 ], [ -163.184295, 54.774912 ], [ -163.228391, 54.753513 ], [ -163.313259, 54.753299 ], [ -163.372806, 54.790936 ], [ -163.299809, 54.829232 ], [ -163.214398, 54.847487 ], [ -163.036062, 54.942544 ], [ -163.067008, 54.979302 ], [ -163.219018, 55.030281 ], [ -163.225092, 55.049683 ], [ -163.188428, 55.090903 ], [ -163.079006, 55.111652 ], [ -163.00155, 55.080043 ], [ -162.957826, 55.031826 ], [ -162.970632, 55.001039 ], [ -162.913684, 54.950273 ], [ -162.845475, 54.926989 ], [ -162.770983, 54.932736 ], [ -162.708453, 54.95848 ], [ -162.720404, 54.980223 ], [ -162.688131, 54.996126 ], [ -162.569289, 54.97124 ], [ -162.569292, 55.015874 ], [ -162.618918, 55.097096 ], [ -162.579765, 55.136939 ], [ -162.638791, 55.19477 ], [ -162.692309, 55.197313 ], [ -162.718077, 55.219911 ], [ -162.682405, 55.27645 ], [ -162.626101, 55.304085 ], [ -162.584872, 55.298386 ], [ -162.510435, 55.250177 ], [ -162.48098, 55.161271 ], [ -162.406191, 55.120498 ], [ -162.4168, 55.104096 ], [ -162.460958, 55.12584 ], [ -162.520986, 55.115417 ], [ -162.512104, 55.086227 ], [ -162.471364, 55.051932 ], [ -162.41351, 55.03656 ], [ -162.300378, 55.042927 ], [ -162.267754, 55.021553 ], [ -162.219326, 55.028975 ], [ -162.189247, 55.06026 ], [ -162.223528, 55.102211 ], [ -162.218192, 55.118903 ], [ -162.177427, 55.154403 ], [ -162.141084, 55.157339 ], [ -162.119033, 55.141116 ], [ -162.131878, 55.122776 ], [ -162.11874, 55.102911 ], [ -162.053281, 55.074212 ], [ -161.960866, 55.106734 ], [ -161.949882, 55.126686 ], [ -162.045694, 55.232775 ], [ -161.978788, 55.236131 ], [ -161.903407, 55.204941 ], [ -161.878076, 55.223599 ], [ -161.853418, 55.277634 ], [ -161.686495, 55.408041 ], [ -161.69886, 55.5194 ], [ -161.587047, 55.62006 ], [ -161.416235, 55.632324 ], [ -161.355686, 55.606378 ], [ -161.376102, 55.569794 ], [ -161.477114, 55.485195 ], [ -161.484588, 55.417994 ], [ -161.514211, 55.385254 ], [ -161.507657, 55.362786 ], [ -161.460392, 55.35907 ], [ -161.34608, 55.385782 ], [ -161.314949, 55.379231 ], [ -161.325325, 55.359855 ], [ -161.231535, 55.357452 ], [ -161.013662, 55.431002 ], [ -160.944265, 55.507825 ], [ -160.909625, 55.52414 ], [ -160.828273, 55.516111 ], [ -160.836725, 55.473135 ], [ -160.795988, 55.454946 ], [ -160.666917, 55.459776 ], [ -160.646304, 55.492851 ], [ -160.660117, 55.518475 ], [ -160.771433, 55.52943 ], [ -160.766237, 55.547559 ], [ -160.737095, 55.555448 ], [ -160.666966, 55.544417 ], [ -160.595771, 55.57554 ], [ -160.536654, 55.474938 ], [ -160.501346, 55.478518 ], [ -160.462745, 55.506654 ], [ -160.464301, 55.533243 ], [ -160.435859, 55.573692 ], [ -160.392587, 55.602771 ], [ -160.433022, 55.639979 ], [ -160.421853, 55.662701 ], [ -160.279827, 55.641384 ], [ -160.185712, 55.658644 ], [ -160.058443, 55.721734 ], [ -160.052525, 55.76643 ], [ -160.026282, 55.792295 ], [ -159.937089, 55.803306 ], [ -159.862484, 55.787629 ], [ -159.847359, 55.80253 ], [ -159.858456, 55.841793 ], [ -159.838981, 55.852412 ], [ -159.712816, 55.846392 ], [ -159.602148, 55.805004 ], [ -159.627482, 55.803248 ], [ -159.676761, 55.737357 ], [ -159.679201, 55.655895 ], [ -159.644656, 55.652469 ], [ -159.626772, 55.629412 ], [ -159.735196, 55.610933 ], [ -159.744495, 55.600018 ], [ -159.729333, 55.56965 ], [ -159.61777, 55.595798 ], [ -159.530117, 55.665394 ], [ -159.551432, 55.711543 ], [ -159.494404, 55.765798 ], [ -159.498022, 55.855299 ], [ -159.534415, 55.881299 ], [ -159.493883, 55.900109 ], [ -159.453945, 55.89682 ], [ -159.470216, 55.828911 ], [ -159.411505, 55.788911 ], [ -159.400096, 55.852357 ], [ -159.374842, 55.871522 ], [ -158.909396, 55.934887 ], [ -158.854132, 56.003343 ], [ -158.747305, 56.009908 ], [ -158.729567, 56.002854 ], [ -158.74856, 55.959365 ], [ -158.673246, 55.951485 ], [ -158.653214, 55.958615 ], [ -158.636689, 56.005007 ], [ -158.660914, 56.034928 ], [ -158.659738, 56.098553 ], [ -158.600405, 56.130444 ], [ -158.574659, 56.11864 ], [ -158.594188, 56.110445 ], [ -158.59562, 56.045252 ], [ -158.50984, 55.979617 ], [ -158.495114, 55.989207 ], [ -158.501967, 56.02517 ], [ -158.467335, 56.027219 ], [ -158.431471, 55.994452 ], [ -158.407723, 56.014521 ], [ -158.472706, 56.087583 ], [ -158.46181, 56.106644 ], [ -158.432229, 56.102881 ], [ -158.424451, 56.068899 ], [ -158.398324, 56.062957 ], [ -158.395996, 56.109834 ], [ -158.374324, 56.134522 ], [ -158.112718, 56.240286 ], [ -158.264792, 56.209597 ], [ -158.339765, 56.217807 ], [ -158.334506, 56.23294 ], [ -158.253331, 56.253125 ], [ -158.203083, 56.283833 ], [ -158.322563, 56.325242 ], [ -158.489546, 56.341865 ], [ -158.498837, 56.38011 ], [ -158.402954, 56.455193 ], [ -158.328798, 56.484208 ], [ -158.12744, 56.460805 ], [ -158.111603, 56.49011 ], [ -158.131729, 56.501944 ], [ -158.112276, 56.521322 ], [ -157.872074, 56.473974 ], [ -157.817826, 56.51421 ], [ -157.83842, 56.56076 ], [ -157.911173, 56.57479 ], [ -158.074358, 56.554164 ], [ -158.085748, 56.57335 ], [ -158.042012, 56.596744 ], [ -157.983394, 56.599448 ], [ -157.918541, 56.643137 ], [ -157.763698, 56.679247 ], [ -157.736799, 56.675616 ], [ -157.674587, 56.609507 ], [ -157.466497, 56.623266 ], [ -157.45216, 56.64322 ], [ -157.479153, 56.67008 ], [ -157.542295, 56.67532 ], [ -157.563802, 56.703426 ], [ -157.517478, 56.760839 ], [ -157.41344, 56.769185 ], [ -157.41856, 56.799821 ], [ -157.457622, 56.804291 ], [ -157.472407, 56.833356 ], [ -157.436932, 56.858522 ], [ -157.378771, 56.861696 ], [ -157.283764, 56.800766 ], [ -157.183636, 56.769079 ], [ -157.140277, 56.790874 ], [ -157.159494, 56.833477 ], [ -157.073453, 56.838345 ], [ -157.015665, 56.898486 ], [ -156.935629, 56.920087 ], [ -156.935692, 56.954873 ], [ -156.918796, 56.963583 ], [ -156.882893, 56.962582 ], [ -156.825982, 56.897667 ], [ -156.79731, 56.911717 ], [ -156.7869, 56.965035 ], [ -156.753642, 56.991225 ], [ -156.730617, 56.979845 ], [ -156.671376, 56.996064 ], [ -156.55052, 56.98461 ], [ -156.562827, 57.020314 ], [ -156.535587, 57.047905 ], [ -156.441599, 57.085158 ], [ -156.456497, 57.106041 ], [ -156.43511, 57.12743 ], [ -156.368524, 57.149986 ], [ -156.334404, 57.1823 ], [ -156.388592, 57.20662 ], [ -156.401488, 57.233169 ], [ -156.376507, 57.252284 ], [ -156.342943, 57.248056 ], [ -156.32191, 57.293369 ], [ -156.336427, 57.336081 ], [ -156.538684, 57.283041 ], [ -156.551239, 57.2908 ], [ -156.533544, 57.328527 ], [ -156.481632, 57.338705 ], [ -156.339425, 57.417641 ], [ -156.226886, 57.440667 ], [ -156.19574, 57.480059 ], [ -156.13748, 57.471734 ], [ -156.091668, 57.439829 ], [ -156.021875, 57.43966 ], [ -156.014396, 57.455285 ], [ -156.048584, 57.500808 ], [ -156.033806, 57.569883 ], [ -155.915261, 57.535331 ], [ -155.732779, 57.549732 ], [ -155.724167, 57.633445 ], [ -155.629912, 57.656376 ], [ -155.615203, 57.688074 ], [ -155.635323, 57.715441 ], [ -155.617188, 57.769715 ], [ -155.596857, 57.783539 ], [ -155.545676, 57.786769 ], [ -155.37861, 57.710766 ], [ -155.305814, 57.72405 ], [ -155.284691, 57.757388 ], [ -155.334944, 57.780692 ], [ -155.338153, 57.825384 ], [ -155.237933, 57.827131 ], [ -155.082139, 57.872248 ], [ -155.061806, 57.90433 ], [ -155.118648, 57.953925 ], [ -154.990431, 58.013424 ], [ -154.876559, 58.027722 ], [ -154.774719, 58.002168 ], [ -154.730726, 58.021837 ], [ -154.716162, 58.055256 ], [ -154.668895, 58.065272 ], [ -154.646223, 58.060141 ], [ -154.643965, 58.033147 ], [ -154.581547, 58.019285 ], [ -154.539367, 58.055887 ], [ -154.462929, 58.05835 ], [ -154.449212, 58.093218 ], [ -154.460121, 58.146067 ], [ -154.42657, 58.144901 ], [ -154.340449, 58.090921 ], [ -154.291163, 58.13568 ], [ -154.210078, 58.136062 ], [ -154.241874, 58.156328 ], [ -154.219755, 58.184631 ], [ -154.145277, 58.210931 ], [ -154.103412, 58.280161 ], [ -154.177161, 58.32147 ], [ -154.167997, 58.358378 ], [ -154.097254, 58.345322 ], [ -153.985416, 58.390877 ], [ -154.055759, 58.418782 ], [ -154.075235, 58.458106 ], [ -154.065121, 58.48643 ], [ -153.930473, 58.497482 ], [ -153.909588, 58.514562 ], [ -153.897155, 58.606237 ], [ -153.677597, 58.611603 ], [ -153.601257, 58.634633 ], [ -153.55265, 58.687176 ], [ -153.426641, 58.721127 ], [ -153.385126, 58.766173 ], [ -153.350964, 58.843551 ], [ -153.25225, 58.85585 ], [ -153.302433, 58.871212 ], [ -153.33478, 58.920521 ], [ -153.365371, 58.927753 ], [ -153.398479, 58.966056 ], [ -153.479939, 58.995286 ], [ -153.523522, 58.979221 ], [ -153.616066, 59.006737 ], [ -153.704162, 59.07578 ], [ -153.750936, 59.05284 ], [ -153.802782, 59.072224 ], [ -153.850238, 59.052917 ], [ -154.063489, 59.07214 ], [ -154.159835, 59.010595 ], [ -154.197422, 59.061155 ], [ -154.166406, 59.090582 ], [ -154.173669, 59.1202 ], [ -154.227238, 59.125407 ], [ -154.251233, 59.111239 ], [ -154.263291, 59.138462 ], [ -154.172944, 59.172496 ], [ -154.130585, 59.210503 ], [ -154.13684, 59.262666 ], [ -154.113577, 59.299627 ], [ -154.030807, 59.32704 ], [ -154.033703, 59.343999 ], [ -154.103014, 59.342719 ], [ -154.117672, 59.365508 ], [ -153.990003, 59.396777 ], [ -153.945539, 59.386061 ], [ -153.896576, 59.418486 ], [ -153.727546, 59.435346 ], [ -153.699025, 59.463603 ], [ -153.766242, 59.522342 ], [ -153.76148, 59.543411 ], [ -153.577828, 59.555991 ], [ -153.553163, 59.597046 ], [ -153.610739, 59.628341 ], [ -153.586518, 59.651541 ], [ -153.542466, 59.630236 ], [ -153.464556, 59.651712 ], [ -153.441214, 59.701316 ], [ -153.454972, 59.792099 ], [ -153.374778, 59.731587 ], [ -153.384886, 59.667188 ], [ -153.415507, 59.650918 ], [ -153.409422, 59.636328 ], [ -153.308837, 59.625706 ], [ -153.298205, 59.636345 ], [ -153.315123, 59.664896 ], [ -153.286525, 59.670251 ], [ -153.253408, 59.638415 ], [ -153.214156, 59.634271 ], [ -153.12174, 59.678009 ], [ -153.051559, 59.691562 ], [ -152.994466, 59.791261 ], [ -153.009084, 59.830643 ], [ -153.088515, 59.833376 ], [ -153.144372, 59.807616 ], [ -153.197352, 59.824827 ], [ -153.257736, 59.810807 ], [ -153.285802, 59.820535 ], [ -153.212865, 59.862784 ], [ -153.144747, 59.859829 ], [ -153.019977, 59.88623 ], [ -152.810058, 59.878322 ], [ -152.793584, 59.89672 ], [ -152.706431, 59.915284 ], [ -152.679402, 59.968054 ], [ -152.611651, 60.008521 ], [ -152.569121, 60.071748 ], [ -152.596784, 60.101071 ], [ -152.686373, 60.137717 ], [ -152.678085, 60.163504 ], [ -152.734251, 60.174801 ], [ -152.754884, 60.202901 ], [ -152.747026, 60.233311 ], [ -152.670403, 60.24432 ], [ -152.624648, 60.218687 ], [ -152.556752, 60.224217 ], [ -152.481794, 60.274681 ], [ -152.411281, 60.287864 ], [ -152.371475, 60.350176 ], [ -152.234199, 60.393888 ], [ -152.325821, 60.434806 ], [ -152.331365, 60.473525 ], [ -152.309221, 60.506384 ], [ -152.195084, 60.569675 ], [ -152.099983, 60.594366 ], [ -152.021936, 60.673364 ], [ -151.848614, 60.733976 ], [ -151.860179, 60.753282 ], [ -151.710444, 60.712657 ], [ -151.703802, 60.732376 ], [ -151.800264, 60.853672 ], [ -151.713913, 60.916546 ], [ -151.4803, 61.010902 ], [ -151.349004, 61.010004 ], [ -151.293622, 61.035715 ], [ -151.166606, 61.046404 ], [ -151.024905, 61.178391 ], [ -150.941944, 61.209947 ], [ -150.711291, 61.251089 ], [ -150.655804, 61.298173 ], [ -150.468812, 61.244627 ], [ -150.204894, 61.259548 ], [ -149.985874, 61.237515 ], [ -149.919682, 61.26347 ], [ -149.9183, 61.323473 ], [ -149.876852, 61.384347 ], [ -149.808324, 61.395768 ], [ -149.767968, 61.438343 ], [ -149.614665, 61.493237 ], [ -149.431417, 61.468104 ], [ -149.429513, 61.447165 ], [ -149.537419, 61.40776 ], [ -149.701724, 61.385299 ], [ -149.730277, 61.332951 ], [ -149.811179, 61.317722 ], [ -149.924441, 61.211122 ], [ -150.009941, 61.203637 ], [ -150.075451, 61.156269 ], [ -149.969164, 61.132538 ], [ -149.831922, 61.076197 ], [ -149.739692, 61.016961 ], [ -149.596076, 60.98079 ], [ -149.510415, 60.981742 ], [ -149.327217, 60.927958 ], [ -149.192519, 60.939864 ], [ -149.087253, 60.909257 ], [ -149.008462, 60.854782 ], [ -149.004897, 60.83168 ], [ -149.111617, 60.878949 ], [ -149.345756, 60.896082 ], [ -149.571329, 60.937008 ], [ -149.639423, 60.928647 ], [ -149.770264, 60.967607 ], [ -149.875188, 60.960244 ], [ -149.999468, 60.863983 ], [ -150.045816, 60.88712 ], [ -150.194128, 60.90134 ], [ -150.377171, 61.039144 ], [ -150.678438, 60.958267 ], [ -151.037007, 60.793649 ], [ -151.252902, 60.773993 ], [ -151.279635, 60.747676 ], [ -151.40927, 60.720558 ], [ -151.330409, 60.580539 ], [ -151.264461, 60.543263 ], [ -151.299782, 60.385481 ], [ -151.377281, 60.365522 ], [ -151.387919, 60.267066 ], [ -151.421702, 60.212931 ], [ -151.702898, 60.032253 ], [ -151.757693, 59.917637 ], [ -151.803059, 59.878533 ], [ -151.867713, 59.778411 ], [ -151.859327, 59.749567 ], [ -151.829137, 59.720151 ], [ -151.686486, 59.660864 ], [ -151.503822, 59.633662 ], [ -151.448669, 59.648171 ], [ -151.42484, 59.670521 ], [ -151.329812, 59.683644 ], [ -151.063758, 59.793146 ], [ -150.927312, 59.793431 ], [ -151.098253, 59.709442 ], [ -151.126122, 59.668336 ], [ -151.203186, 59.645989 ], [ -151.205459, 59.630284 ], [ -151.164259, 59.587013 ], [ -151.277477, 59.594321 ], [ -151.399402, 59.541348 ], [ -151.434578, 59.543999 ], [ -151.436359, 59.530329 ], [ -151.47332, 59.538426 ], [ -151.516339, 59.52352 ], [ -151.529888, 59.503857 ], [ -151.518717, 59.484432 ], [ -151.549415, 59.471125 ], [ -151.634472, 59.482443 ], [ -151.694726, 59.46837 ], [ -151.728486, 59.439679 ], [ -151.770875, 59.447917 ], [ -151.886513, 59.421033 ], [ -151.908015, 59.395274 ], [ -151.887102, 59.382532 ], [ -151.903021, 59.360454 ], [ -151.96313, 59.344958 ], [ -151.991618, 59.313617 ], [ -151.978748, 59.253779 ], [ -151.905106, 59.247075 ], [ -151.915684, 59.227522 ], [ -151.874356, 59.211931 ], [ -151.761301, 59.221327 ], [ -151.764908, 59.17551 ], [ -151.739068, 59.156005 ], [ -151.580351, 59.165233 ], [ -151.574664, 59.195327 ], [ -151.502657, 59.195071 ], [ -151.499592, 59.207839 ], [ -151.525127, 59.224947 ], [ -151.449207, 59.248457 ], [ -151.407203, 59.279349 ], [ -151.379612, 59.242024 ], [ -151.305724, 59.209544 ], [ -151.280544, 59.230476 ], [ -151.206053, 59.219319 ], [ -151.186254, 59.202813 ], [ -151.126247, 59.209923 ], [ -151.102395, 59.228713 ], [ -151.105635, 59.263143 ], [ -151.057756, 59.301721 ], [ -151.023097, 59.269045 ], [ -150.999063, 59.271082 ], [ -151.001196, 59.224149 ], [ -150.942212, 59.233136 ], [ -150.887821, 59.26792 ], [ -150.911598, 59.311614 ], [ -150.769853, 59.372966 ], [ -150.739958, 59.425211 ], [ -150.601162, 59.425657 ], [ -150.581182, 59.445233 ], [ -150.584636, 59.49451 ], [ -150.631577, 59.521575 ], [ -150.639543, 59.547149 ], [ -150.60223, 59.545891 ], [ -150.547729, 59.590331 ], [ -150.533056, 59.56308 ], [ -150.550245, 59.527026 ], [ -150.516286, 59.486778 ], [ -150.521537, 59.467924 ], [ -150.478742, 59.458498 ], [ -150.412448, 59.554628 ], [ -150.318668, 59.610427 ], [ -150.316945, 59.585285 ], [ -150.440221, 59.404016 ], [ -150.430144, 59.343357 ], [ -150.385341, 59.341963 ], [ -150.353611, 59.415993 ], [ -150.297108, 59.424747 ], [ -150.296351, 59.455794 ], [ -150.253521, 59.486251 ], [ -149.933721, 59.668994 ], [ -149.919444, 59.691836 ], [ -149.928962, 59.723245 ], [ -150.042854, 59.772274 ], [ -150.028296, 59.788652 ], [ -149.849315, 59.738066 ], [ -149.842672, 59.7013 ], [ -149.74622, 59.637585 ], [ -149.728136, 59.692788 ], [ -149.746364, 59.860881 ], [ -149.717105, 59.902951 ], [ -149.741348, 59.947557 ], [ -149.678482, 59.942736 ], [ -149.642235, 59.894607 ], [ -149.640334, 59.875586 ], [ -149.668719, 59.843483 ], [ -149.626311, 59.73441 ], [ -149.527793, 59.706846 ], [ -149.506758, 59.770927 ], [ -149.595531, 59.79772 ], [ -149.610149, 59.837751 ], [ -149.572714, 59.852317 ], [ -149.554769, 59.910578 ], [ -149.523103, 59.927631 ], [ -149.464213, 59.918561 ], [ -149.427135, 59.980631 ], [ -149.390533, 59.983841 ], [ -149.437237, 60.029229 ], [ -149.44306, 60.098497 ], [ -149.424283, 60.122837 ], [ -149.365695, 60.118575 ], [ -149.314594, 59.971057 ], [ -149.350484, 59.935176 ], [ -149.358921, 59.899018 ], [ -149.411532, 59.851043 ], [ -149.376593, 59.835879 ], [ -149.270623, 59.872067 ], [ -149.202409, 59.988716 ], [ -149.165806, 60.022045 ], [ -149.070738, 60.055401 ], [ -149.037222, 60.042821 ], [ -149.122073, 59.979501 ], [ -149.089868, 59.955531 ], [ -149.041619, 59.968143 ], [ -149.01179, 59.950771 ], [ -148.964018, 59.972435 ], [ -148.914597, 59.968937 ], [ -148.859556, 59.924398 ], [ -148.757591, 59.958685 ], [ -148.634777, 59.915747 ], [ -148.568766, 59.944546 ], [ -148.545225, 59.994956 ], [ -148.511593, 60.002087 ], [ -148.480457, 59.958149 ], [ -148.444567, 59.942617 ], [ -148.401666, 59.977836 ], [ -148.40131, 60.030713 ], [ -148.365658, 60.086528 ], [ -148.377423, 60.116739 ], [ -148.344742, 60.139113 ], [ -148.303861, 60.118042 ], [ -148.282945, 60.085046 ], [ -148.313962, 60.033859 ], [ -148.220554, 59.97635 ], [ -148.25406, 59.932357 ], [ -148.101239, 59.952794 ], [ -148.039204, 59.938867 ], [ -147.870452, 59.991331 ], [ -147.815548, 60.057713 ], [ -147.910144, 60.131065 ], [ -148.128487, 60.236903 ], [ -148.211794, 60.260256 ], [ -148.31055, 60.248463 ], [ -148.313022, 60.263084 ], [ -148.215549, 60.301014 ], [ -148.217318, 60.331594 ], [ -148.193066, 60.339103 ], [ -148.150628, 60.324182 ], [ -148.150529, 60.29621 ], [ -148.116261, 60.279522 ], [ -148.025994, 60.279029 ], [ -147.942106, 60.444029 ], [ -147.977647, 60.480937 ], [ -147.964014, 60.50275 ], [ -147.979416, 60.519146 ], [ -148.103144, 60.598026 ], [ -148.19243, 60.557371 ], [ -148.255822, 60.49341 ], [ -148.329384, 60.476182 ], [ -148.346775, 60.48873 ], [ -148.333642, 60.530464 ], [ -148.255249, 60.595124 ], [ -148.142993, 60.622632 ], [ -148.094129, 60.661533 ], [ -148.107384, 60.73977 ], [ -148.148059, 60.758536 ], [ -148.26992, 60.757389 ], [ -148.348278, 60.680327 ], [ -148.374415, 60.67264 ], [ -148.384491, 60.687754 ], [ -148.366804, 60.765833 ], [ -148.396359, 60.779701 ], [ -148.431475, 60.771842 ], [ -148.450518, 60.796405 ], [ -148.426951, 60.827113 ], [ -148.350857, 60.803991 ], [ -148.310107, 60.837737 ], [ -148.281645, 60.917792 ], [ -148.219351, 60.953573 ], [ -148.178046, 60.999608 ], [ -148.166366, 61.069277 ], [ -148.125524, 61.070698 ], [ -148.090487, 61.00511 ], [ -148.065902, 61.003979 ], [ -148.003613, 61.053797 ], [ -147.999457, 61.084059 ], [ -147.977566, 61.102143 ], [ -147.726295, 61.266802 ], [ -147.715826, 61.249669 ], [ -147.761511, 61.214453 ], [ -147.772413, 61.18032 ], [ -147.949965, 61.074541 ], [ -147.951016, 61.029211 ], [ -148.102238, 60.899347 ], [ -148.148695, 60.828701 ], [ -148.144752, 60.797089 ], [ -148.03435, 60.783198 ], [ -147.913796, 60.825152 ], [ -147.743653, 60.813887 ], [ -147.729818, 60.818252 ], [ -147.750609, 60.852141 ], [ -147.787512, 60.873511 ], [ -147.76124, 60.913227 ], [ -147.666252, 60.883774 ], [ -147.677689, 60.86996 ], [ -147.66899, 60.841563 ], [ -147.602802, 60.849978 ], [ -147.587706, 60.874463 ], [ -147.619197, 60.97004 ], [ -147.558598, 61.099797 ], [ -147.514173, 61.096127 ], [ -147.50272, 61.072056 ], [ -147.534431, 61.03109 ], [ -147.550153, 60.908009 ], [ -147.517821, 60.894819 ], [ -147.494209, 60.912379 ], [ -147.507665, 60.927235 ], [ -147.491943, 60.957998 ], [ -147.473487, 60.957552 ], [ -147.453803, 60.941468 ], [ -147.451966, 60.894219 ], [ -147.378483, 60.877845 ], [ -147.280834, 60.916963 ], [ -147.274043, 60.974595 ], [ -147.222013, 60.983541 ], [ -147.221206, 60.953121 ], [ -147.181654, 60.933099 ], [ -147.135968, 60.946248 ], [ -147.137281, 60.980968 ], [ -147.09526, 61.010189 ], [ -147.087221, 61.035517 ], [ -147.108419, 61.078456 ], [ -147.132499, 61.089166 ], [ -147.103146, 61.11478 ], [ -147.127864, 61.132915 ], [ -147.109563, 61.148689 ], [ -146.998091, 61.144215 ], [ -147.062027, 61.118626 ], [ -147.000111, 61.041099 ], [ -146.982523, 60.975608 ], [ -147.056151, 60.945468 ], [ -146.973469, 60.934835 ], [ -146.88025, 60.965161 ], [ -146.784127, 61.042936 ], [ -146.690949, 61.064076 ], [ -146.613659, 61.118799 ], [ -146.424254, 61.133076 ], [ -146.288149, 61.122606 ], [ -146.262451, 61.090246 ], [ -146.642213, 61.075017 ], [ -146.701753, 60.987009 ], [ -146.74594, 60.957582 ], [ -146.736422, 60.910301 ], [ -146.698087, 60.872534 ], [ -146.774552, 60.876225 ], [ -146.816702, 60.855628 ], [ -146.819415, 60.816346 ], [ -146.801009, 60.80516 ], [ -146.725241, 60.81212 ], [ -146.718529, 60.835667 ], [ -146.664765, 60.870854 ], [ -146.620816, 60.869019 ], [ -146.550974, 60.809402 ], [ -146.333821, 60.821921 ], [ -146.262969, 60.867787 ], [ -146.188582, 60.869374 ], [ -146.172294, 60.862823 ], [ -146.183555, 60.846969 ], [ -146.255812, 60.809962 ], [ -146.567128, 60.751198 ], [ -146.703994, 60.741903 ], [ -146.649456, 60.683438 ], [ -146.474539, 60.681539 ], [ -146.40327, 60.693084 ], [ -146.34697, 60.735747 ], [ -146.31268, 60.734401 ], [ -146.303795, 60.713214 ], [ -146.239909, 60.716889 ], [ -146.209136, 60.74439 ], [ -146.160617, 60.726383 ], [ -146.064954, 60.776944 ], [ -146.044133, 60.743636 ], [ -146.270647, 60.648035 ], [ -146.263539, 60.631932 ], [ -146.147633, 60.631407 ], [ -145.901676, 60.715373 ], [ -145.999595, 60.640832 ], [ -146.006152, 60.616854 ], [ -145.937464, 60.63049 ], [ -145.899605, 60.671118 ], [ -145.844937, 60.690169 ], [ -145.897542, 60.651214 ], [ -145.898182, 60.613653 ], [ -145.795141, 60.601121 ], [ -146.15629, 60.526296 ], [ -146.290083, 60.515692 ], [ -146.3684, 60.480671 ], [ -146.455444, 60.465318 ], [ -146.52925, 60.492135 ], [ -146.61084, 60.485613 ], [ -146.721479, 60.396416 ], [ -146.725511, 60.359939 ], [ -146.656291, 60.340462 ], [ -146.575835, 60.357272 ], [ -146.524591, 60.350667 ], [ -146.572014, 60.321755 ], [ -146.681867, 60.292247 ], [ -146.689523, 60.271279 ], [ -146.650852, 60.242982 ], [ -146.607692, 60.241182 ], [ -146.393256, 60.327476 ], [ -146.246667, 60.335122 ], [ -146.147554, 60.36722 ], [ -146.088134, 60.364987 ], [ -146.094646, 60.410296 ], [ -146.127029, 60.430815 ], [ -146.350104, 60.40778 ], [ -146.355334, 60.449349 ], [ -146.317354, 60.460608 ], [ -146.216786, 60.450228 ], [ -146.109713, 60.470345 ], [ -145.820659, 60.550051 ], [ -145.736494, 60.59521 ], [ -145.712891, 60.583249 ], [ -145.802387, 60.520173 ], [ -145.914403, 60.49235 ], [ -145.96106, 60.465017 ], [ -145.853469, 60.44563 ], [ -145.735938, 60.47466 ], [ -145.594158, 60.45183 ], [ -145.502351, 60.420811 ], [ -145.505458, 60.394268 ], [ -145.254749, 60.311448 ], [ -145.136728, 60.296219 ], [ -145.041549, 60.357134 ], [ -145.039491, 60.406066 ], [ -144.933691, 60.425698 ], [ -144.887342, 60.456048 ], [ -144.848662, 60.455192 ], [ -144.834059, 60.443751 ], [ -144.855457, 60.416886 ], [ -144.966167, 60.309232 ], [ -144.957848, 60.288152 ], [ -144.914016, 60.280934 ], [ -144.892815, 60.292821 ], [ -144.738945, 60.265055 ], [ -144.929327, 60.228253 ], [ -144.654899, 60.204882 ], [ -144.558163, 60.177797 ], [ -144.534892, 60.18942 ], [ -144.441936, 60.163069 ], [ -144.348913, 60.091184 ], [ -144.323867, 60.123474 ], [ -144.349626, 60.146009 ], [ -144.312007, 60.162018 ], [ -144.285357, 60.140127 ], [ -144.1103, 60.098939 ], [ -144.048732, 60.059271 ], [ -144.052539, 60.041759 ], [ -144.216828, 60.040189 ], [ -144.439546, 59.940252 ], [ -144.567085, 59.851736 ], [ -144.601349, 59.797484 ], [ -144.59088, 59.795581 ], [ -144.424317, 59.894566 ], [ -144.195889, 59.997359 ], [ -144.035037, 60.020202 ], [ -143.897029, 59.985938 ], [ -143.624152, 60.037257 ], [ -142.809852, 60.095217 ], [ -142.537534, 60.083953 ], [ -141.966178, 60.019129 ], [ -141.73624, 59.961905 ], [ -141.595376, 59.961905 ], [ -141.368138, 60.024009 ], [ -141.52813, 60.12731 ], [ -141.552611, 60.15358 ], [ -141.549283, 60.170255 ], [ -141.438525, 60.132518 ], [ -141.380055, 60.158903 ], [ -141.366745, 60.147192 ], [ -141.375613, 60.110713 ], [ -141.259314, 59.998377 ], [ -141.299609, 59.937397 ], [ -141.418582, 59.916457 ], [ -141.485207, 59.925024 ], [ -141.468075, 59.898374 ], [ -141.423134, 59.877329 ], [ -140.890673, 59.74199 ], [ -140.648953, 59.711196 ], [ -140.305981, 59.69285 ], [ -140.16266, 59.740613 ], [ -139.780233, 59.826497 ], [ -139.775955, 59.868402 ], [ -139.755277, 59.887934 ], [ -139.701013, 59.930404 ], [ -139.612431, 59.94887 ], [ -139.605063, 59.999625 ], [ -139.559666, 60.041668 ], [ -139.535898, 60.043211 ], [ -139.488702, 59.995034 ], [ -139.545168, 59.96892 ], [ -139.527455, 59.940047 ], [ -139.625896, 59.904084 ], [ -139.634462, 59.874579 ], [ -139.582114, 59.774642 ], [ -139.578307, 59.734667 ], [ -139.595439, 59.718486 ], [ -139.510518, 59.702632 ], [ -139.51818, 59.687814 ], [ -139.585789, 59.642765 ], [ -139.587135, 59.605959 ], [ -139.654579, 59.598015 ], [ -139.67631, 59.611249 ], [ -139.640173, 59.626163 ], [ -139.725834, 59.638536 ], [ -139.798169, 59.585236 ], [ -139.785068, 59.564043 ], [ -139.837817, 59.561984 ], [ -139.861306, 59.546678 ], [ -139.855565, 59.53666 ], [ -139.420168, 59.37976 ], [ -138.847498, 59.224835 ], [ -138.636702, 59.130585 ], [ -138.224323, 59.032216 ], [ -137.951995, 58.886029 ], [ -137.924608, 58.843928 ], [ -137.944957, 58.804652 ], [ -137.928156, 58.780533 ], [ -137.687627, 58.664989 ], [ -137.67169, 58.615523 ], [ -137.568216, 58.587989 ], [ -137.111802, 58.392594 ], [ -137.018409, 58.409141 ], [ -136.946663, 58.393185 ], [ -136.848992, 58.328994 ], [ -136.857605, 58.31636 ], [ -136.730218, 58.286153 ], [ -136.717093, 58.273508 ], [ -136.730885, 58.256496 ], [ -136.70125, 58.219416 ], [ -136.658638, 58.207323 ], [ -136.597198, 58.215006 ], [ -136.567956, 58.245153 ], [ -136.585703, 58.296678 ], [ -136.570475, 58.310954 ], [ -136.376464, 58.298625 ], [ -136.357115, 58.328838 ], [ -136.382035, 58.362694 ], [ -136.336728, 58.37757 ], [ -136.273929, 58.363409 ], [ -136.305121, 58.328691 ], [ -136.276769, 58.313894 ], [ -136.11193, 58.34253 ], [ -136.041818, 58.380161 ], [ -136.100293, 58.514636 ], [ -136.194207, 58.581731 ], [ -136.217601, 58.672394 ], [ -136.317193, 58.671231 ], [ -136.383327, 58.629987 ], [ -136.459436, 58.60788 ], [ -136.482395, 58.616739 ], [ -136.372775, 58.66741 ], [ -136.356786, 58.692581 ], [ -136.463258, 58.781607 ], [ -136.58343, 58.838826 ], [ -136.928643, 58.900131 ], [ -136.91853, 58.947217 ], [ -136.877826, 58.962392 ], [ -136.840986, 58.919742 ], [ -136.782908, 58.936659 ], [ -136.630497, 58.890256 ], [ -136.586289, 58.909364 ], [ -136.572163, 58.957292 ], [ -136.544899, 58.967314 ], [ -136.52652, 58.954523 ], [ -136.493716, 58.838963 ], [ -136.21366, 58.751153 ], [ -136.150772, 58.757266 ], [ -136.106997, 58.864441 ], [ -136.124491, 58.924542 ], [ -136.163648, 58.973204 ], [ -136.120307, 58.968418 ], [ -136.050351, 58.913433 ], [ -136.045279, 58.836074 ], [ -136.089603, 58.815729 ], [ -136.011669, 58.743276 ], [ -136.012226, 58.712247 ], [ -135.912187, 58.6188 ], [ -135.928572, 58.572925 ], [ -135.893152, 58.513929 ], [ -135.99953, 58.480281 ], [ -135.987564, 58.46442 ], [ -135.939926, 58.4516 ], [ -135.916112, 58.463858 ], [ -135.897169, 58.450001 ], [ -135.917917, 58.381237 ], [ -135.728054, 58.397067 ], [ -135.630425, 58.42858 ], [ -135.512402, 58.385759 ], [ -135.433061, 58.399899 ], [ -135.39826, 58.327689 ], [ -135.306507, 58.242916 ], [ -135.220281, 58.235584 ], [ -135.056227, 58.189884 ], [ -135.1077, 58.265034 ], [ -135.095814, 58.297233 ], [ -135.053488, 58.290498 ], [ -135.058071, 58.349447 ], [ -135.088983, 58.423022 ], [ -135.189368, 58.576244 ], [ -135.186357, 58.59777 ], [ -135.137516, 58.577835 ], [ -135.142322, 58.61637 ], [ -135.233878, 58.735487 ], [ -135.2432, 58.783112 ], [ -135.339948, 58.888955 ], [ -135.323637, 58.909627 ], [ -135.367419, 58.929614 ], [ -135.393117, 58.971493 ], [ -135.399439, 59.005417 ], [ -135.378841, 59.020034 ], [ -135.395021, 59.042877 ], [ -135.37641, 59.089 ], [ -135.388031, 59.105025 ], [ -135.43723, 59.1132 ], [ -135.484053, 59.186451 ], [ -135.632365, 59.265983 ], [ -135.55298, 59.256872 ], [ -135.473358, 59.225997 ], [ -135.350853, 59.105778 ], [ -135.301384, 59.082286 ], [ -135.295789, 59.096366 ], [ -135.368092, 59.208914 ], [ -135.429601, 59.242722 ], [ -135.444526, 59.277689 ], [ -135.491149, 59.282183 ], [ -135.544424, 59.310047 ], [ -135.527786, 59.323631 ], [ -135.396611, 59.292434 ], [ -135.283964, 59.192532 ], [ -135.208585, 59.076824 ], [ -135.151115, 58.845881 ], [ -135.022624, 58.732262 ], [ -135.027233, 58.782183 ], [ -134.997761, 58.819858 ], [ -134.960682, 58.83007 ], [ -134.920515, 58.680528 ], [ -134.988717, 58.679319 ], [ -134.941722, 58.612099 ], [ -134.792411, 58.491936 ], [ -134.77635, 58.397352 ], [ -134.631203, 58.247446 ], [ -134.506876, 58.216513 ], [ -134.482352, 58.229844 ], [ -134.262386, 58.190934 ], [ -134.185015, 58.208438 ], [ -134.146685, 58.199084 ], [ -134.131299, 58.232347 ], [ -134.102777, 58.248735 ], [ -134.144711, 58.267484 ], [ -134.143658, 58.30385 ], [ -134.071879, 58.329566 ], [ -134.040505, 58.401995 ], [ -134.01341, 58.403987 ], [ -133.966825, 58.317834 ], [ -134.060708, 58.282489 ], [ -134.054291, 58.238478 ], [ -134.087674, 58.181952 ], [ -134.049603, 58.062027 ], [ -133.848776, 57.93544 ], [ -133.709141, 57.792739 ], [ -133.639675, 57.790361 ], [ -133.631303, 57.846766 ], [ -133.569787, 57.859365 ], [ -133.559889, 57.777457 ], [ -133.545031, 57.76797 ], [ -133.322532, 57.66583 ], [ -133.251126, 57.649966 ], [ -133.162464, 57.599796 ], [ -133.188864, 57.589071 ], [ -133.40498, 57.663783 ], [ -133.522243, 57.683663 ], [ -133.582212, 57.715095 ], [ -133.65453, 57.713689 ], [ -133.680963, 57.648265 ], [ -133.676449, 57.625192 ], [ -133.62076, 57.578919 ], [ -133.565478, 57.563095 ], [ -133.481221, 57.57147 ], [ -133.488197, 57.551387 ], [ -133.516749, 57.543911 ], [ -133.52514, 57.490344 ], [ -133.461179, 57.394577 ], [ -133.475998, 57.380394 ], [ -133.468267, 57.364217 ], [ -133.35472, 57.333253 ], [ -133.274829, 57.330625 ], [ -133.307565, 57.290052 ], [ -133.425948, 57.285995 ], [ -133.489738, 57.305192 ], [ -133.544817, 57.24257 ], [ -133.517197, 57.177776 ], [ -133.322359, 57.112727 ], [ -133.224656, 57.136522 ], [ -133.188074, 57.088973 ], [ -133.076481, 57.081733 ], [ -132.993944, 57.032353 ], [ -132.984307, 57.054845 ], [ -132.916487, 57.040086 ], [ -132.870116, 57.078424 ], [ -132.83222, 57.070408 ], [ -132.813684, 57.030218 ], [ -132.853636, 57.005343 ], [ -132.918967, 56.993673 ], [ -132.91197, 56.966651 ], [ -132.87034, 56.925682 ], [ -132.81789, 56.896901 ], [ -132.770404, 56.837486 ], [ -132.556758, 56.757242 ], [ -132.566653, 56.738553 ], [ -132.542885, 56.701905 ], [ -132.587094, 56.682458 ], [ -132.581152, 56.659604 ], [ -132.570694, 56.633077 ], [ -132.485842, 56.606007 ], [ -132.466115, 56.583892 ], [ -132.484654, 56.565825 ], [ -132.408359, 56.58507 ], [ -132.367088, 56.574578 ], [ -132.357564, 56.529008 ], [ -132.208568, 56.457125 ], [ -132.17935, 56.390823 ], [ -132.199269, 56.371054 ], [ -132.238473, 56.398706 ], [ -132.253393, 56.449539 ], [ -132.38938, 56.491367 ], [ -132.340678, 56.341754 ], [ -132.35871, 56.2908 ], [ -132.431631, 56.352163 ], [ -132.52936, 56.338555 ], [ -132.575023, 56.296468 ], [ -132.601495, 56.240065 ], [ -132.689888, 56.238744 ], [ -132.718342, 56.217704 ], [ -132.723396, 56.145814 ], [ -132.640079, 56.033194 ], [ -132.607653, 56.010769 ], [ -132.594235, 56.021858 ], [ -132.608723, 56.052136 ], [ -132.595531, 56.068458 ], [ -132.545143, 56.053662 ], [ -132.522076, 56.077035 ], [ -132.492795, 56.066436 ], [ -132.449834, 55.956186 ], [ -132.38364, 55.936821 ], [ -132.373301, 55.917713 ], [ -132.39708, 55.905546 ], [ -132.397304, 55.878867 ], [ -132.372298, 55.850359 ], [ -132.323242, 55.851878 ], [ -132.309306, 55.865059 ], [ -132.320487, 55.887648 ], [ -132.279962, 55.924839 ], [ -132.170198, 55.919231 ], [ -132.135474, 55.941626 ], [ -132.129697, 55.957855 ], [ -132.176955, 56.055706 ], [ -132.10402, 56.108109 ], [ -132.034849, 56.133432 ], [ -132.01813, 56.183155 ], [ -131.943402, 56.192557 ], [ -131.935728, 56.177207 ], [ -131.970294, 56.114042 ], [ -132.011297, 56.077359 ], [ -132.033368, 56.095572 ], [ -132.07034, 56.046733 ], [ -132.041795, 55.958795 ], [ -132.08605, 55.832436 ], [ -132.113361, 55.812718 ], [ -132.183163, 55.80083 ], [ -132.190479, 55.742501 ], [ -132.283594, 55.761774 ], [ -132.224167, 55.701766 ], [ -132.198652, 55.615721 ], [ -132.148383, 55.562481 ], [ -132.060504, 55.54303 ], [ -131.971792, 55.498279 ], [ -131.936689, 55.535151 ], [ -131.963121, 55.615263 ], [ -131.939318, 55.623844 ], [ -131.897413, 55.603914 ], [ -131.828887, 55.667148 ], [ -131.82616, 55.71858 ], [ -131.771248, 55.810028 ], [ -131.81631, 55.837449 ], [ -131.836962, 55.875472 ], [ -131.689509, 55.890232 ], [ -131.713742, 55.853263 ], [ -131.705259, 55.789939 ], [ -131.678213, 55.799837 ], [ -131.640294, 55.785274 ], [ -131.733408, 55.730832 ], [ -131.701147, 55.69696 ], [ -131.726322, 55.63593 ], [ -131.654172, 55.592431 ], [ -131.733052, 55.548559 ], [ -131.841683, 55.526748 ], [ -131.844157, 55.456742 ], [ -131.741834, 55.398074 ], [ -131.698743, 55.354873 ], [ -131.550044, 55.293389 ], [ -131.528201, 55.295349 ], [ -131.509811, 55.33231 ], [ -131.471976, 55.323386 ], [ -131.462968, 55.312648 ], [ -131.475602, 55.303263 ], [ -131.424502, 55.238764 ], [ -131.284986, 55.286437 ], [ -131.254461, 55.329698 ], [ -131.287016, 55.35826 ], [ -131.292102, 55.383946 ], [ -131.197489, 55.391051 ], [ -131.191595, 55.360527 ], [ -131.230432, 55.297802 ], [ -131.302697, 55.250217 ], [ -131.235516, 55.197574 ], [ -131.160492, 55.197481 ], [ -131.031357, 55.284785 ], [ -131.019881, 55.347905 ], [ -131.029045, 55.408395 ], [ -131.000594, 55.398012 ], [ -130.968326, 55.316626 ], [ -130.928172, 55.339426 ], [ -130.969588, 55.393281 ], [ -130.994376, 55.472396 ], [ -130.987103, 55.539872 ], [ -130.927651, 55.576585 ], [ -130.965994, 55.688974 ], [ -131.040966, 55.762837 ], [ -131.070138, 55.828551 ], [ -131.241704, 55.955069 ], [ -131.236936, 55.982293 ], [ -131.216475, 55.984342 ], [ -130.984774, 55.799349 ], [ -130.901872, 55.69738 ], [ -130.870524, 55.533768 ], [ -130.922985, 55.435113 ], [ -130.864918, 55.298367 ], [ -130.951572, 55.291648 ], [ -130.952956, 55.273092 ], [ -130.985304, 55.247286 ], [ -131.093806, 55.191335 ], [ -131.052298, 55.11816 ], [ -130.984157, 55.08441 ], [ -131.012061, 54.996238 ], [ -130.949104, 54.967846 ], [ -130.9604, 54.933685 ], [ -130.947098, 54.826047 ], [ -130.915936, 54.789617 ], [ -130.854966, 54.766341 ], [ -130.792122, 54.784784 ], [ -130.787444, 54.822905 ], [ -130.773606, 54.820845 ], [ -130.736295, 54.794798 ], [ -130.747227, 54.7726 ], [ -130.737423, 54.753545 ], [ -130.685654, 54.718659 ], [ -130.633722, 54.744073 ], [ -130.659038, 54.763058 ], [ -130.628874, 54.78272 ], [ -130.568203, 54.792153 ], [ -130.459388, 54.848465 ], [ -130.273328, 54.973964 ], [ -130.187562, 55.062841 ], [ -130.102842, 55.192602 ], [ -129.974167, 55.281919 ], [ -130.021107, 55.337916 ], [ -130.041216, 55.451725 ], [ -130.089853, 55.497978 ], [ -130.127904, 55.581035 ], [ -130.111657, 55.682901 ], [ -130.147758, 55.714903 ], [ -130.152406, 55.766287 ], [ -130.003785, 55.907442 ], [ -130.017679, 55.911945 ], [ -130.003485, 56.008075 ], [ -130.103798, 56.122798 ], [ -130.24623, 56.096415 ], [ -130.424927, 56.141376 ], [ -130.46787, 56.243053 ], [ -130.623308, 56.266878 ], [ -130.781981, 56.366844 ], [ -131.087831, 56.406248 ], [ -131.469053, 56.551641 ], [ -131.581067, 56.612232 ], [ -131.835327, 56.599203 ], [ -131.860669, 56.702984 ], [ -131.901072, 56.753675 ], [ -131.872876, 56.805995 ], [ -132.123568, 56.873648 ], [ -132.045191, 57.045059 ], [ -132.368983, 57.091513 ], [ -132.247921, 57.211253 ], [ -132.362984, 57.342011 ], [ -132.553685, 57.496514 ], [ -132.869318, 57.842941 ], [ -133.076421, 57.999762 ], [ -133.184063, 58.162511 ], [ -133.356469, 58.286924 ], [ -133.461504, 58.387723 ], [ -133.377303, 58.430548 ], [ -133.707118, 58.612274 ], [ -133.840507, 58.729444 ], [ -134.258074, 58.861036 ], [ -134.336464, 58.923414 ], [ -134.313731, 58.962219 ], [ -134.407149, 58.97921 ], [ -134.381877, 59.038763 ], [ -134.483395, 59.131603 ], [ -134.565566, 59.131124 ], [ -134.679117, 59.192275 ], [ -134.700716, 59.249011 ], [ -134.959905, 59.280926 ], [ -135.030525, 59.346348 ], [ -134.989745, 59.387129 ], [ -135.10102, 59.427531 ], [ -135.027562, 59.474738 ], [ -135.028903, 59.563659 ], [ -135.117833, 59.62307 ], [ -135.15759, 59.62572 ], [ -135.219845, 59.662776 ], [ -135.233668, 59.696143 ], [ -135.360109, 59.737615 ], [ -135.479161, 59.798041 ], [ -135.952645, 59.662166 ], [ -136.192904, 59.640027 ], [ -136.353936, 59.599827 ], [ -136.23983, 59.559412 ], [ -136.238504, 59.524326 ], [ -136.305022, 59.464518 ], [ -136.36189, 59.450526 ], [ -136.477156, 59.465824 ], [ -136.469247, 59.284079 ], [ -136.495757, 59.275132 ], [ -136.489144, 59.258538 ], [ -136.581521, 59.164909 ], [ -136.826633, 59.158389 ], [ -137.264752, 59.002352 ], [ -137.447383, 58.909513 ], [ -137.525292, 58.906873 ], [ -137.5, 58.985395 ], [ -137.607356, 59.243803 ], [ -138.626202, 59.76858 ], [ -138.668649, 59.809657 ], [ -138.707378, 59.906325 ], [ -139.053671, 59.994837 ], [ -139.198846, 60.088296 ], [ -139.072127, 60.319429 ], [ -139.074819, 60.352505 ], [ -139.692981, 60.335224 ], [ -139.981094, 60.181966 ], [ -140.458206, 60.308085 ], [ -140.520425, 60.219819 ], [ -141.00198, 60.306369 ], [ -141.002672, 69.645609 ], [ -141.210456, 69.68419 ], [ -141.43084, 69.695144 ], [ -141.713369, 69.789497 ], [ -141.958715, 69.823376 ], [ -142.272156, 69.907044 ], [ -142.404366, 69.916511 ], [ -142.409962, 69.933646 ], [ -142.498036, 69.973611 ], [ -143.253119, 70.152262 ], [ -143.425199, 70.124928 ], [ -143.57767, 70.14633 ], [ -143.826164, 70.107548 ], [ -143.887486, 70.120605 ], [ -144.251849, 70.057995 ], [ -144.285362, 70.040721 ], [ -144.455421, 70.035244 ], [ -144.618671, 69.969315 ], [ -144.854539, 69.986364 ], [ -144.867623, 69.972266 ], [ -144.953637, 69.959262 ], [ -144.990131, 69.97768 ], [ -145.175073, 69.991707 ], [ -145.247167, 70.017891 ], [ -145.43483, 70.036994 ], [ -145.505682, 70.074528 ], [ -145.623306, 70.084375 ], [ -145.858297, 70.165996 ], [ -145.872923, 70.148829 ], [ -146.006411, 70.140402 ], [ -146.309558, 70.178907 ], [ -146.885771, 70.185917 ], [ -146.991109, 70.14761 ], [ -147.182123, 70.16035 ], [ -147.21921, 70.178826 ], [ -147.244119, 70.218963 ], [ -147.385271, 70.185256 ], [ -147.681722, 70.199954 ], [ -147.765104, 70.219806 ], [ -147.817637, 70.276938 ], [ -147.863719, 70.293317 ], [ -148.107231, 70.342801 ], [ -148.201505, 70.294109 ], [ -148.22795, 70.302861 ], [ -148.230786, 70.323739 ], [ -148.203477, 70.348188 ], [ -148.351437, 70.304453 ], [ -148.411253, 70.302627 ], [ -148.46615, 70.313609 ], [ -148.477044, 70.359068 ], [ -148.610566, 70.422588 ], [ -148.696768, 70.42916 ], [ -148.789577, 70.402746 ], [ -148.858069, 70.422917 ], [ -148.959443, 70.423944 ], [ -149.179148, 70.4857 ], [ -149.418727, 70.492257 ], [ -149.461755, 70.518271 ], [ -149.565278, 70.49645 ], [ -149.661165, 70.509203 ], [ -149.810924, 70.490477 ], [ -149.866698, 70.510769 ], [ -150.104388, 70.432091 ], [ -150.36088, 70.409151 ], [ -150.387025, 70.428269 ], [ -150.375357, 70.43853 ], [ -150.414358, 70.459694 ], [ -150.518937, 70.483132 ], [ -150.661545, 70.477573 ], [ -150.698385, 70.447766 ], [ -150.742356, 70.461284 ], [ -150.950668, 70.459561 ], [ -151.147104, 70.376775 ], [ -151.246237, 70.372459 ], [ -151.297598, 70.400748 ], [ -151.554647, 70.435895 ], [ -151.876122, 70.430761 ], [ -151.946384, 70.452523 ], [ -151.91921, 70.472686 ], [ -151.728579, 70.495375 ], [ -151.760248, 70.516711 ], [ -151.695162, 70.549675 ], [ -152.065748, 70.563074 ], [ -152.060684, 70.574935 ], [ -152.078663, 70.584504 ], [ -152.264049, 70.592655 ], [ -152.332608, 70.612871 ], [ -152.365736, 70.601242 ], [ -152.420775, 70.608983 ], [ -152.460505, 70.646107 ], [ -152.471531, 70.68884 ], [ -152.377274, 70.714682 ], [ -152.283763, 70.7856 ], [ -152.188649, 70.79814 ], [ -152.223053, 70.824594 ], [ -152.603103, 70.881814 ], [ -152.781006, 70.881386 ], [ -152.843278, 70.898388 ], [ -152.904243, 70.883877 ], [ -153.049207, 70.913102 ], [ -153.23848, 70.922467 ], [ -153.485989, 70.885873 ], [ -153.89048, 70.885719 ], [ -153.932921, 70.878677 ], [ -153.995579, 70.821876 ], [ -154.181863, 70.768325 ], [ -154.239166, 70.776866 ], [ -154.223307, 70.79523 ], [ -154.260799, 70.815164 ], [ -154.352604, 70.834828 ], [ -154.572458, 70.82594 ], [ -154.60269, 70.867885 ], [ -154.608347, 70.908905 ], [ -154.608294, 70.961716 ], [ -154.567593, 70.989929 ], [ -154.581129, 71.007321 ], [ -154.777335, 71.083231 ], [ -155.03174, 71.146473 ], [ -155.085782, 71.127572 ], [ -155.061428, 71.091999 ], [ -155.075362, 71.072042 ], [ -155.120317, 71.073416 ], [ -155.150524, 71.11205 ], [ -155.275989, 71.070464 ], [ -155.163938, 71.013801 ], [ -155.161735, 70.995715 ], [ -155.192246, 70.974056 ], [ -155.260042, 71.015227 ], [ -155.343871, 71.004449 ], [ -155.454991, 70.94749 ], [ -155.513293, 70.940579 ], [ -155.493044, 70.917371 ], [ -155.48798, 70.875299 ], [ -155.543031, 70.847175 ], [ -155.643516, 70.824209 ], [ -155.868743, 70.829397 ], [ -155.935413, 70.837356 ], [ -155.924955, 70.85272 ], [ -155.95407, 70.893022 ], [ -156.013512, 70.895983 ], [ -155.979264, 70.918524 ], [ -155.995681, 70.947796 ], [ -155.978405, 70.962197 ], [ -155.830881, 70.965584 ], [ -155.705487, 71.020153 ], [ -155.533347, 71.067683 ], [ -155.511125, 71.090348 ], [ -155.561772, 71.128458 ], [ -155.566925, 71.165139 ], [ -155.760802, 71.194662 ], [ -155.88418, 71.190057 ], [ -155.920202, 71.207157 ], [ -156.018574, 71.172041 ], [ -156.044615, 71.184701 ], [ -156.029205, 71.203209 ], [ -156.074411, 71.242489 ], [ -156.356736, 71.261273 ], [ -156.524499, 71.294469 ], [ -156.561512, 71.316809 ], [ -156.56865, 71.352561 ], [ -156.809653, 71.286886 ], [ -157.249083, 71.052537 ], [ -157.421001, 70.976805 ], [ -157.840997, 70.861025 ], [ -158.032397, 70.832263 ], [ -158.366302, 70.819712 ], [ -158.41048, 70.799239 ], [ -158.657855, 70.786061 ], [ -159.114972, 70.817402 ], [ -159.149317, 70.834225 ], [ -159.17181, 70.875103 ], [ -159.648383, 70.794368 ], [ -160.214828, 70.559087 ], [ -160.480062, 70.465971 ], [ -160.81279, 70.376696 ], [ -161.300084, 70.29338 ], [ -161.879266, 70.329269 ], [ -162.046276, 70.280699 ], [ -162.342425, 70.190159 ], [ -162.445816, 70.139996 ], [ -162.707457, 69.970489 ], [ -163.009673, 69.812701 ], [ -163.142891, 69.637594 ], [ -163.142602, 69.452949 ], [ -163.202351, 69.343795 ], [ -163.266881, 69.290909 ], [ -163.655864, 69.090567 ], [ -163.973678, 68.985044 ], [ -164.253157, 68.930938 ], [ -165.327043, 68.858111 ], [ -165.572483, 68.852946 ], [ -166.214433, 68.879524 ], [ -166.222496, 68.860441 ], [ -166.187795, 68.778706 ], [ -166.199826, 68.678556 ], [ -166.229761, 68.613771 ], [ -166.226111, 68.576186 ], [ -166.295343, 68.5109 ], [ -166.305962, 68.46154 ], [ -166.377564, 68.422406 ], [ -166.838969, 68.337186 ], [ -166.689274, 68.342478 ], [ -166.527965, 68.326304 ], [ -166.237049, 68.273114 ], [ -166.04417, 68.200727 ], [ -165.97497, 68.14091 ], [ -165.872088, 68.110047 ], [ -165.49355, 68.059283 ], [ -165.3132, 68.016877 ], [ -164.533937, 67.725606 ], [ -164.14438, 67.617228 ], [ -164.007032, 67.535699 ], [ -163.878781, 67.416125 ], [ -163.758588, 67.256439 ], [ -163.737464, 67.184754 ], [ -163.744736, 67.126391 ], [ -163.665952, 67.100124 ], [ -163.097854, 67.041191 ], [ -162.842979, 66.991177 ], [ -162.816834, 66.99949 ], [ -162.833709, 67.00931 ], [ -162.831394, 67.034945 ], [ -162.755083, 67.015247 ], [ -162.693048, 67.028608 ], [ -162.622695, 66.992219 ], [ -162.501716, 66.977164 ], [ -162.23923, 66.993814 ], [ -162.123181, 67.02579 ], [ -161.850188, 67.052186 ], [ -161.799175, 67.047502 ], [ -161.711715, 67.001044 ], [ -161.62216, 67.008146 ], [ -161.530525, 66.984951 ], [ -161.485383, 66.960818 ], [ -161.489169, 66.93695 ], [ -161.566678, 66.934775 ], [ -161.68628, 66.961367 ], [ -161.719587, 66.916898 ], [ -161.794377, 66.881933 ], [ -161.785495, 66.846547 ], [ -161.86154, 66.797076 ], [ -161.866421, 66.777658 ], [ -161.846076, 66.761557 ], [ -161.881671, 66.716796 ], [ -161.693125, 66.620562 ], [ -161.4904, 66.560844 ], [ -161.483604, 66.525626 ], [ -161.29321, 66.520591 ], [ -161.279803, 66.505179 ], [ -161.326349, 66.478371 ], [ -161.574129, 66.438566 ], [ -161.765368, 66.496934 ], [ -162.069068, 66.6457 ], [ -162.07801, 66.664048 ], [ -162.066037, 66.67926 ], [ -162.081515, 66.693052 ], [ -162.029615, 66.73458 ], [ -162.013623, 66.779406 ], [ -162.117304, 66.798482 ], [ -162.322975, 66.943215 ], [ -162.408988, 66.918857 ], [ -162.444857, 66.925057 ], [ -162.466702, 66.950998 ], [ -162.499785, 66.933715 ], [ -162.503661, 66.91354 ], [ -162.601052, 66.898455 ], [ -162.626696, 66.859572 ], [ -162.512617, 66.777733 ], [ -162.482353, 66.730262 ], [ -162.228635, 66.70977 ], [ -162.140377, 66.664737 ], [ -162.091453, 66.605963 ], [ -161.87488, 66.511446 ], [ -161.863387, 66.440783 ], [ -161.912946, 66.344436 ], [ -161.694404, 66.396174 ], [ -161.525554, 66.397046 ], [ -161.129512, 66.336248 ], [ -160.99854, 66.254935 ], [ -160.993965, 66.234444 ], [ -161.263655, 66.214154 ], [ -161.320778, 66.223591 ], [ -161.341189, 66.2551 ], [ -161.484539, 66.262426 ], [ -161.548429, 66.239912 ], [ -161.6653, 66.122177 ], [ -161.775537, 66.073732 ], [ -161.838018, 66.022582 ], [ -162.139516, 66.078819 ], [ -162.372147, 66.027985 ], [ -162.45767, 66.058579 ], [ -162.635985, 66.040366 ], [ -162.750705, 66.09016 ], [ -163.146726, 66.059487 ], [ -163.344759, 66.084937 ], [ -163.495845, 66.085388 ], [ -163.623921, 66.058281 ], [ -163.76751, 66.060803 ], [ -163.772467, 66.081922 ], [ -163.847401, 66.122106 ], [ -163.916551, 66.190494 ], [ -164.092715, 66.184537 ], [ -164.078765, 66.201764 ], [ -163.955901, 66.21717 ], [ -163.843108, 66.259869 ], [ -163.829977, 66.280398 ], [ -163.873096, 66.32855 ], [ -163.873106, 66.389015 ], [ -163.844221, 66.418978 ], [ -163.761967, 66.454874 ], [ -163.730247, 66.491372 ], [ -163.727179, 66.516388 ], [ -163.751163, 66.528761 ], [ -163.752981, 66.548584 ], [ -163.603956, 66.558089 ], [ -163.824166, 66.59168 ], [ -164.400724, 66.58111 ], [ -165.187082, 66.465154 ], [ -165.80503, 66.33331 ], [ -166.526162, 66.141849 ], [ -167.539643, 65.820836 ], [ -167.979889, 65.727972 ], [ -168.103708, 65.685552 ], [ -168.12893, 65.655744 ] ] ], [ [ [ -168.952766, 65.758911 ], [ -168.93122, 65.73894 ], [ -168.893219, 65.744705 ], [ -168.902235, 65.769665 ], [ -168.952766, 65.758911 ] ] ], [ [ [ -169.054243, 52.863266 ], [ -169.102465, 52.824349 ], [ -168.808854, 52.926102 ], [ -168.785954, 52.90464 ], [ -168.755531, 52.907507 ], [ -168.741851, 52.951442 ], [ -168.688468, 52.9664 ], [ -168.587808, 53.027175 ], [ -168.527404, 53.028588 ], [ -168.457103, 53.055839 ], [ -168.442859, 53.085562 ], [ -168.37315, 53.128891 ], [ -168.344468, 53.155215 ], [ -168.341678, 53.185911 ], [ -168.270744, 53.242811 ], [ -168.03976, 53.304276 ], [ -167.852217, 53.378294 ], [ -167.83952, 53.410325 ], [ -167.858337, 53.43791 ], [ -167.788066, 53.492411 ], [ -167.789164, 53.519329 ], [ -167.938981, 53.526907 ], [ -167.965038, 53.538913 ], [ -167.962723, 53.554069 ], [ -168.004624, 53.566053 ], [ -168.200443, 53.534079 ], [ -168.342127, 53.475992 ], [ -168.409588, 53.410708 ], [ -168.385107, 53.388459 ], [ -168.406531, 53.346393 ], [ -168.43502, 53.335518 ], [ -168.371218, 53.316575 ], [ -168.343994, 53.26215 ], [ -168.539398, 53.25167 ], [ -168.599732, 53.273629 ], [ -168.763331, 53.182812 ], [ -168.804901, 53.120015 ], [ -168.759691, 53.081461 ], [ -168.785236, 53.045038 ], [ -168.861061, 53.016384 ], [ -168.861078, 52.968046 ], [ -168.898045, 52.937136 ], [ -168.95946, 52.936739 ], [ -168.973127, 52.916107 ], [ -168.958983, 52.886048 ], [ -169.054243, 52.863266 ] ] ], [ [ [ -169.268127, 52.772402 ], [ -169.261765, 52.754897 ], [ -169.197, 52.764546 ], [ -169.15305, 52.801265 ], [ -169.163985, 52.814647 ], [ -169.268127, 52.772402 ] ] ], [ [ [ -169.76274, 52.97805 ], [ -169.721744, 52.947117 ], [ -169.666078, 52.997068 ], [ -169.663576, 53.021258 ], [ -169.680033, 53.035075 ], [ -169.742538, 53.024072 ], [ -169.76274, 52.97805 ] ] ], [ [ [ -169.789659, 56.618217 ], [ -169.75575, 56.591922 ], [ -169.683639, 56.58334 ], [ -169.650135, 56.54423 ], [ -169.582624, 56.536939 ], [ -169.47155, 56.598864 ], [ -169.789659, 56.618217 ] ] ], [ [ [ -169.775534, 53.079216 ], [ -169.799302, 53.05708 ], [ -169.748082, 53.046293 ], [ -169.740714, 53.063579 ], [ -169.775534, 53.079216 ] ] ], [ [ [ -170.004218, 52.846743 ], [ -170.012487, 52.831161 ], [ -169.995422, 52.804676 ], [ -169.962883, 52.789882 ], [ -169.838232, 52.81728 ], [ -169.72978, 52.774386 ], [ -169.703873, 52.777117 ], [ -169.666512, 52.864349 ], [ -169.704736, 52.886272 ], [ -169.773504, 52.89445 ], [ -169.870011, 52.874776 ], [ -169.860214, 52.858377 ], [ -170.004218, 52.846743 ] ] ], [ [ [ -170.112853, 52.902043 ], [ -170.095331, 52.870851 ], [ -170.050274, 52.857433 ], [ -170.002368, 52.880239 ], [ -169.995982, 52.902378 ], [ -170.04656, 52.923853 ], [ -170.083985, 52.92364 ], [ -170.112853, 52.902043 ] ] ], [ [ [ -170.185684, 52.723007 ], [ -170.077734, 52.720416 ], [ -170.053443, 52.769076 ], [ -170.170683, 52.784918 ], [ -170.185684, 52.723007 ] ] ], [ [ [ -170.423548, 57.169327 ], [ -170.303963, 57.15491 ], [ -170.286318, 57.128169 ], [ -170.170848, 57.1811 ], [ -170.150813, 57.223168 ], [ -170.390121, 57.206248 ], [ -170.42041, 57.19176 ], [ -170.423548, 57.169327 ] ] ] ] } },
{ "type": "Feature", "properties": { "statefp": "30", "statens": "00767982", "geoidfq": "0400000US30", "geoid": "30", "stusps": "MT", "name": "Montana", "lsad": "00", "aland": 376973522036, "awater": 3866841435, "dist_miles": 2725.4272801189554 }, "geometry": { "type": "Polygon", "coordinates": [ [ [ -116.049086, 49.000846 ], [ -116.049108, 47.976842 ], [ -115.915973, 47.853445 ], [ -115.851764, 47.826937 ], [ -115.831646, 47.755555 ], [ -115.796877, 47.756457 ], [ -115.773685, 47.717708 ], [ -115.722767, 47.695307 ], [ -115.736161, 47.654532 ], [ -115.694444, 47.623761 ], [ -115.692841, 47.59939 ], [ -115.752381, 47.543388 ], [ -115.695916, 47.527942 ], [ -115.710786, 47.516277 ], [ -115.685435, 47.484603 ], [ -115.629488, 47.47961 ], [ -115.649011, 47.456218 ], [ -115.718086, 47.451895 ], [ -115.75922, 47.423762 ], [ -115.721073, 47.424812 ], [ -115.657304, 47.400208 ], [ -115.642411, 47.377645 ], [ -115.576988, 47.366599 ], [ -115.548913, 47.347034 ], [ -115.528752, 47.302677 ], [ -115.480384, 47.281641 ], [ -115.3193, 47.254404 ], [ -115.292001, 47.209631 ], [ -115.300395, 47.187909 ], [ -115.262422, 47.181687 ], [ -115.243106, 47.150729 ], [ -115.143677, 47.101045 ], [ -115.128537, 47.067002 ], [ -115.088044, 47.045883 ], [ -115.047857, 46.969532 ], [ -115.001274, 46.971901 ], [ -114.960597, 46.93001 ], [ -114.924401, 46.917853 ], [ -114.948261, 46.860009 ], [ -114.929957, 46.855197 ], [ -114.926799, 46.833437 ], [ -114.890593, 46.803692 ], [ -114.864783, 46.814172 ], [ -114.765346, 46.757905 ], [ -114.787462, 46.714943 ], [ -114.766008, 46.697015 ], [ -114.716103, 46.714265 ], [ -114.695757, 46.740096 ], [ -114.646645, 46.730248 ], [ -114.622124, 46.708237 ], [ -114.641443, 46.679492 ], [ -114.610656, 46.637564 ], [ -114.544033, 46.647613 ], [ -114.464474, 46.63373 ], [ -114.424315, 46.660418 ], [ -114.35948, 46.668846 ], [ -114.324451, 46.653349 ], [ -114.341963, 46.519449 ], [ -114.403293, 46.498181 ], [ -114.37278, 46.435902 ], [ -114.422349, 46.386867 ], [ -114.410573, 46.360443 ], [ -114.433369, 46.305272 ], [ -114.425478, 46.287669 ], [ -114.47037, 46.26709 ], [ -114.445926, 46.220992 ], [ -114.445819, 46.173703 ], [ -114.510664, 46.166139 ], [ -114.524837, 46.142031 ], [ -114.45994, 46.096874 ], [ -114.467451, 46.066158 ], [ -114.506213, 46.030606 ], [ -114.480132, 46.030095 ], [ -114.478393, 45.992527 ], [ -114.411783, 45.977653 ], [ -114.404599, 45.95567 ], [ -114.43105, 45.935507 ], [ -114.388134, 45.88211 ], [ -114.409184, 45.853056 ], [ -114.443246, 45.861794 ], [ -114.514781, 45.840794 ], [ -114.566063, 45.773634 ], [ -114.495312, 45.703091 ], [ -114.507536, 45.658719 ], [ -114.563543, 45.637182 ], [ -114.538023, 45.606604 ], [ -114.558929, 45.565476 ], [ -114.460433, 45.561053 ], [ -114.415695, 45.509523 ], [ -114.368411, 45.492486 ], [ -114.333109, 45.459086 ], [ -114.270608, 45.485886 ], [ -114.248012, 45.545647 ], [ -114.192693, 45.536366 ], [ -114.13514, 45.557235 ], [ -114.122213, 45.58403 ], [ -114.086475, 45.59095 ], [ -114.06751, 45.627476 ], [ -114.014864, 45.653778 ], [ -114.015524, 45.695897 ], [ -113.938364, 45.695809 ], [ -113.897095, 45.641257 ], [ -113.904582, 45.621777 ], [ -113.861295, 45.62343 ], [ -113.80662, 45.601916 ], [ -113.801468, 45.584548 ], [ -113.834446, 45.520499 ], [ -113.767878, 45.51899 ], [ -113.760139, 45.486337 ], [ -113.784051, 45.454716 ], [ -113.764225, 45.422255 ], [ -113.776934, 45.415402 ], [ -113.732983, 45.389943 ], [ -113.73862, 45.329511 ], [ -113.68925, 45.28332 ], [ -113.684837, 45.253476 ], [ -113.599397, 45.190884 ], [ -113.574561, 45.128181 ], [ -113.509762, 45.114739 ], [ -113.520291, 45.089805 ], [ -113.451861, 45.059017 ], [ -113.443673, 44.95966 ], [ -113.498636, 44.942084 ], [ -113.457061, 44.873945 ], [ -113.422193, 44.840141 ], [ -113.355953, 44.819568 ], [ -113.341595, 44.784623 ], [ -113.247057, 44.82272 ], [ -113.131344, 44.772607 ], [ -113.134715, 44.752533 ], [ -113.102029, 44.728797 ], [ -113.097955, 44.697247 ], [ -113.070474, 44.679429 ], [ -113.04924, 44.62915 ], [ -113.082374, 44.59546 ], [ -113.037403, 44.564132 ], [ -113.042241, 44.54192 ], [ -113.007085, 44.52573 ], [ -113.026039, 44.496786 ], [ -113.003435, 44.450584 ], [ -112.884701, 44.398135 ], [ -112.855286, 44.359745 ], [ -112.813131, 44.377873 ], [ -112.835925, 44.422423 ], [ -112.776027, 44.484114 ], [ -112.719001, 44.504114 ], [ -112.664376, 44.48622 ], [ -112.54188, 44.483741 ], [ -112.500201, 44.462821 ], [ -112.473098, 44.479797 ], [ -112.38728, 44.447828 ], [ -112.358817, 44.48605 ], [ -112.354101, 44.535408 ], [ -112.319089, 44.53888 ], [ -112.286078, 44.568242 ], [ -112.242676, 44.567861 ], [ -112.221589, 44.543289 ], [ -112.183828, 44.532837 ], [ -112.136345, 44.539681 ], [ -112.106646, 44.520599 ], [ -112.068902, 44.536874 ], [ -112.036834, 44.530093 ], [ -112.032598, 44.546412 ], [ -111.980724, 44.536452 ], [ -111.947832, 44.556546 ], [ -111.870395, 44.563803 ], [ -111.821379, 44.509056 ], [ -111.715365, 44.543313 ], [ -111.704109, 44.559975 ], [ -111.614296, 44.548761 ], [ -111.585654, 44.562613 ], [ -111.516015, 44.537532 ], [ -111.471573, 44.540594 ], [ -111.469076, 44.551814 ], [ -111.505282, 44.561971 ], [ -111.524245, 44.604087 ], [ -111.505467, 44.625221 ], [ -111.512641, 44.63915 ], [ -111.473069, 44.665249 ], [ -111.48923, 44.704716 ], [ -111.438684, 44.720316 ], [ -111.414162, 44.710511 ], [ -111.384896, 44.754898 ], [ -111.355659, 44.727372 ], [ -111.32356, 44.724244 ], [ -111.268641, 44.668049 ], [ -111.269186, 44.647036 ], [ -111.252571, 44.650862 ], [ -111.224052, 44.623172 ], [ -111.237589, 44.608782 ], [ -111.224615, 44.576252 ], [ -111.186662, 44.570994 ], [ -111.173755, 44.549333 ], [ -111.132363, 44.532785 ], [ -111.138618, 44.516854 ], [ -111.108701, 44.487865 ], [ -111.052434, 44.478411 ], [ -111.055199, 45.001321 ], [ -104.039138, 44.99852 ], [ -104.048689, 48.999593 ], [ -116.049086, 49.000846 ] ] ] } }
]
}
